task_id,target_concepts,retain_prompt_count,singular_index,singular_value
snoopy,Snoopy,1346,1,147.84591674804688
snoopy,Snoopy,1346,2,17.449153900146484
snoopy,Snoopy,1346,3,14.213218688964844
snoopy,Snoopy,1346,4,9.1674098968505859
snoopy,Snoopy,1346,5,8.3789653778076172
snoopy,Snoopy,1346,6,6.8831071853637695
snoopy,Snoopy,1346,7,6.1000428199768066
snoopy,Snoopy,1346,8,5.7500176429748535
snoopy,Snoopy,1346,9,5.6893000602722168
snoopy,Snoopy,1346,10,5.2690577507019043
snoopy,Snoopy,1346,11,5.2022233009338379
snoopy,Snoopy,1346,12,4.8402919769287109
snoopy,Snoopy,1346,13,4.8294692039489746
snoopy,Snoopy,1346,14,4.6086387634277344
snoopy,Snoopy,1346,15,4.5218138694763184
snoopy,Snoopy,1346,16,4.4465737342834473
snoopy,Snoopy,1346,17,4.2863950729370117
snoopy,Snoopy,1346,18,4.2488999366760254
snoopy,Snoopy,1346,19,4.1071996688842773
snoopy,Snoopy,1346,20,3.9974660873413086
snoopy,Snoopy,1346,21,3.8658609390258789
snoopy,Snoopy,1346,22,3.7415144443511963
snoopy,Snoopy,1346,23,3.7221455574035645
snoopy,Snoopy,1346,24,3.6182408332824707
snoopy,Snoopy,1346,25,3.5984494686126709
snoopy,Snoopy,1346,26,3.5382180213928223
snoopy,Snoopy,1346,27,3.5211296081542969
snoopy,Snoopy,1346,28,3.416874885559082
snoopy,Snoopy,1346,29,3.3832015991210938
snoopy,Snoopy,1346,30,3.3278279304504395
snoopy,Snoopy,1346,31,3.2986595630645752
snoopy,Snoopy,1346,32,3.2657668590545654
snoopy,Snoopy,1346,33,3.2077913284301758
snoopy,Snoopy,1346,34,3.1669559478759766
snoopy,Snoopy,1346,35,3.1423518657684326
snoopy,Snoopy,1346,36,3.1182699203491211
snoopy,Snoopy,1346,37,3.0669841766357422
snoopy,Snoopy,1346,38,3.0314459800720215
snoopy,Snoopy,1346,39,3.0130088329315186
snoopy,Snoopy,1346,40,2.9582149982452393
snoopy,Snoopy,1346,41,2.9288597106933594
snoopy,Snoopy,1346,42,2.9021496772766113
snoopy,Snoopy,1346,43,2.8753478527069092
snoopy,Snoopy,1346,44,2.8536701202392578
snoopy,Snoopy,1346,45,2.8034582138061523
snoopy,Snoopy,1346,46,2.7934780120849609
snoopy,Snoopy,1346,47,2.7336180210113525
snoopy,Snoopy,1346,48,2.7045474052429199
snoopy,Snoopy,1346,49,2.6838066577911377
snoopy,Snoopy,1346,50,2.6411545276641846
snoopy,Snoopy,1346,51,2.6274704933166504
snoopy,Snoopy,1346,52,2.6046843528747559
snoopy,Snoopy,1346,53,2.5878822803497314
snoopy,Snoopy,1346,54,2.5444941520690918
snoopy,Snoopy,1346,55,2.5406818389892578
snoopy,Snoopy,1346,56,2.4986405372619629
snoopy,Snoopy,1346,57,2.4915988445281982
snoopy,Snoopy,1346,58,2.4370455741882324
snoopy,Snoopy,1346,59,2.4287731647491455
snoopy,Snoopy,1346,60,2.4003734588623047
snoopy,Snoopy,1346,61,2.3975391387939453
snoopy,Snoopy,1346,62,2.3641877174377441
snoopy,Snoopy,1346,63,2.3160719871520996
snoopy,Snoopy,1346,64,2.3050699234008789
snoopy,Snoopy,1346,65,2.2835640907287598
snoopy,Snoopy,1346,66,2.278449535369873
snoopy,Snoopy,1346,67,2.2354326248168945
snoopy,Snoopy,1346,68,2.2199270725250244
snoopy,Snoopy,1346,69,2.2115440368652344
snoopy,Snoopy,1346,70,2.201059103012085
snoopy,Snoopy,1346,71,2.1710193157196045
snoopy,Snoopy,1346,72,2.149247407913208
snoopy,Snoopy,1346,73,2.132246732711792
snoopy,Snoopy,1346,74,2.1189618110656738
snoopy,Snoopy,1346,75,2.1104500293731689
snoopy,Snoopy,1346,76,2.0951583385467529
snoopy,Snoopy,1346,77,2.0857350826263428
snoopy,Snoopy,1346,78,2.0577578544616699
snoopy,Snoopy,1346,79,2.0412180423736572
snoopy,Snoopy,1346,80,2.0292367935180664
snoopy,Snoopy,1346,81,2.0099918842315674
snoopy,Snoopy,1346,82,1.999092698097229
snoopy,Snoopy,1346,83,1.9818960428237915
snoopy,Snoopy,1346,84,1.9711639881134033
snoopy,Snoopy,1346,85,1.9485119581222534
snoopy,Snoopy,1346,86,1.935147762298584
snoopy,Snoopy,1346,87,1.9303572177886963
snoopy,Snoopy,1346,88,1.926449179649353
snoopy,Snoopy,1346,89,1.8983118534088135
snoopy,Snoopy,1346,90,1.8661136627197266
snoopy,Snoopy,1346,91,1.8634692430496216
snoopy,Snoopy,1346,92,1.8525781631469727
snoopy,Snoopy,1346,93,1.8371585607528687
snoopy,Snoopy,1346,94,1.8208446502685547
snoopy,Snoopy,1346,95,1.8104684352874756
snoopy,Snoopy,1346,96,1.7927377223968506
snoopy,Snoopy,1346,97,1.7775938510894775
snoopy,Snoopy,1346,98,1.7683063745498657
snoopy,Snoopy,1346,99,1.7519193887710571
snoopy,Snoopy,1346,100,1.7457987070083618
snoopy,Snoopy,1346,101,1.727958083152771
snoopy,Snoopy,1346,102,1.7187820672988892
snoopy,Snoopy,1346,103,1.7053638696670532
snoopy,Snoopy,1346,104,1.6964075565338135
snoopy,Snoopy,1346,105,1.6834673881530762
snoopy,Snoopy,1346,106,1.6618262529373169
snoopy,Snoopy,1346,107,1.6490343809127808
snoopy,Snoopy,1346,108,1.6465951204299927
snoopy,Snoopy,1346,109,1.6363481283187866
snoopy,Snoopy,1346,110,1.625575065612793
snoopy,Snoopy,1346,111,1.614296555519104
snoopy,Snoopy,1346,112,1.6076896190643311
snoopy,Snoopy,1346,113,1.5905627012252808
snoopy,Snoopy,1346,114,1.5844013690948486
snoopy,Snoopy,1346,115,1.5724197626113892
snoopy,Snoopy,1346,116,1.5575615167617798
snoopy,Snoopy,1346,117,1.5380176305770874
snoopy,Snoopy,1346,118,1.5293122529983521
snoopy,Snoopy,1346,119,1.508915901184082
snoopy,Snoopy,1346,120,1.5018285512924194
snoopy,Snoopy,1346,121,1.4964849948883057
snoopy,Snoopy,1346,122,1.4835339784622192
snoopy,Snoopy,1346,123,1.4765112400054932
snoopy,Snoopy,1346,124,1.4738420248031616
snoopy,Snoopy,1346,125,1.4697844982147217
snoopy,Snoopy,1346,126,1.4583722352981567
snoopy,Snoopy,1346,127,1.4449062347412109
snoopy,Snoopy,1346,128,1.438900351524353
snoopy,Snoopy,1346,129,1.4304107427597046
snoopy,Snoopy,1346,130,1.4213508367538452
snoopy,Snoopy,1346,131,1.4093092679977417
snoopy,Snoopy,1346,132,1.3987643718719482
snoopy,Snoopy,1346,133,1.3958877325057983
snoopy,Snoopy,1346,134,1.387620210647583
snoopy,Snoopy,1346,135,1.377982497215271
snoopy,Snoopy,1346,136,1.3657633066177368
snoopy,Snoopy,1346,137,1.3573476076126099
snoopy,Snoopy,1346,138,1.3438347578048706
snoopy,Snoopy,1346,139,1.3369541168212891
snoopy,Snoopy,1346,140,1.3359119892120361
snoopy,Snoopy,1346,141,1.3267724514007568
snoopy,Snoopy,1346,142,1.3220449686050415
snoopy,Snoopy,1346,143,1.3149662017822266
snoopy,Snoopy,1346,144,1.299189567565918
snoopy,Snoopy,1346,145,1.2916985750198364
snoopy,Snoopy,1346,146,1.2868258953094482
snoopy,Snoopy,1346,147,1.2818293571472168
snoopy,Snoopy,1346,148,1.2754994630813599
snoopy,Snoopy,1346,149,1.268657922744751
snoopy,Snoopy,1346,150,1.2631726264953613
snoopy,Snoopy,1346,151,1.2525672912597656
snoopy,Snoopy,1346,152,1.2497161626815796
snoopy,Snoopy,1346,153,1.2349565029144287
snoopy,Snoopy,1346,154,1.2282793521881104
snoopy,Snoopy,1346,155,1.2167599201202393
snoopy,Snoopy,1346,156,1.2003865242004395
snoopy,Snoopy,1346,157,1.1921876668930054
snoopy,Snoopy,1346,158,1.1850874423980713
snoopy,Snoopy,1346,159,1.1826227903366089
snoopy,Snoopy,1346,160,1.175419807434082
snoopy,Snoopy,1346,161,1.1705191135406494
snoopy,Snoopy,1346,162,1.1628997325897217
snoopy,Snoopy,1346,163,1.1538136005401611
snoopy,Snoopy,1346,164,1.1445789337158203
snoopy,Snoopy,1346,165,1.141309380531311
snoopy,Snoopy,1346,166,1.1364474296569824
snoopy,Snoopy,1346,167,1.1307005882263184
snoopy,Snoopy,1346,168,1.1261265277862549
snoopy,Snoopy,1346,169,1.1151219606399536
snoopy,Snoopy,1346,170,1.1018128395080566
snoopy,Snoopy,1346,171,1.0977540016174316
snoopy,Snoopy,1346,172,1.0946688652038574
snoopy,Snoopy,1346,173,1.0892046689987183
snoopy,Snoopy,1346,174,1.0789400339126587
snoopy,Snoopy,1346,175,1.0772527456283569
snoopy,Snoopy,1346,176,1.0699660778045654
snoopy,Snoopy,1346,177,1.0636028051376343
snoopy,Snoopy,1346,178,1.0602524280548096
snoopy,Snoopy,1346,179,1.0537033081054688
snoopy,Snoopy,1346,180,1.0473887920379639
snoopy,Snoopy,1346,181,1.0413075685501099
snoopy,Snoopy,1346,182,1.0319039821624756
snoopy,Snoopy,1346,183,1.0301641225814819
snoopy,Snoopy,1346,184,1.0244804620742798
snoopy,Snoopy,1346,185,1.0228127241134644
snoopy,Snoopy,1346,186,1.0194705724716187
snoopy,Snoopy,1346,187,1.0104782581329346
snoopy,Snoopy,1346,188,1.0067524909973145
snoopy,Snoopy,1346,189,0.9965631365776062
snoopy,Snoopy,1346,190,0.99251651763916016
snoopy,Snoopy,1346,191,0.98864656686782837
snoopy,Snoopy,1346,192,0.98822206258773804
snoopy,Snoopy,1346,193,0.97461891174316406
snoopy,Snoopy,1346,194,0.97003132104873657
snoopy,Snoopy,1346,195,0.96887052059173584
snoopy,Snoopy,1346,196,0.96359223127365112
snoopy,Snoopy,1346,197,0.95428085327148438
snoopy,Snoopy,1346,198,0.94842821359634399
snoopy,Snoopy,1346,199,0.94735795259475708
snoopy,Snoopy,1346,200,0.94337707757949829
snoopy,Snoopy,1346,201,0.93366479873657227
snoopy,Snoopy,1346,202,0.928794264793396
snoopy,Snoopy,1346,203,0.92446953058242798
snoopy,Snoopy,1346,204,0.91711395978927612
snoopy,Snoopy,1346,205,0.91091036796569824
snoopy,Snoopy,1346,206,0.90596777200698853
snoopy,Snoopy,1346,207,0.89934629201889038
snoopy,Snoopy,1346,208,0.89651584625244141
snoopy,Snoopy,1346,209,0.89415562152862549
snoopy,Snoopy,1346,210,0.88789474964141846
snoopy,Snoopy,1346,211,0.88383281230926514
snoopy,Snoopy,1346,212,0.87787795066833496
snoopy,Snoopy,1346,213,0.87315613031387329
snoopy,Snoopy,1346,214,0.86930692195892334
snoopy,Snoopy,1346,215,0.86247867345809937
snoopy,Snoopy,1346,216,0.86089944839477539
snoopy,Snoopy,1346,217,0.85925209522247314
snoopy,Snoopy,1346,218,0.85767334699630737
snoopy,Snoopy,1346,219,0.84835755825042725
snoopy,Snoopy,1346,220,0.84189021587371826
snoopy,Snoopy,1346,221,0.83718836307525635
snoopy,Snoopy,1346,222,0.83537125587463379
snoopy,Snoopy,1346,223,0.83153325319290161
snoopy,Snoopy,1346,224,0.82691025733947754
snoopy,Snoopy,1346,225,0.82531553506851196
snoopy,Snoopy,1346,226,0.82135492563247681
snoopy,Snoopy,1346,227,0.81806379556655884
snoopy,Snoopy,1346,228,0.81458592414855957
snoopy,Snoopy,1346,229,0.80976414680480957
snoopy,Snoopy,1346,230,0.80439376831054688
snoopy,Snoopy,1346,231,0.79597628116607666
snoopy,Snoopy,1346,232,0.79015207290649414
snoopy,Snoopy,1346,233,0.78445100784301758
snoopy,Snoopy,1346,234,0.7815544605255127
snoopy,Snoopy,1346,235,0.7801443338394165
snoopy,Snoopy,1346,236,0.77793395519256592
snoopy,Snoopy,1346,237,0.7685052752494812
snoopy,Snoopy,1346,238,0.76728135347366333
snoopy,Snoopy,1346,239,0.76292836666107178
snoopy,Snoopy,1346,240,0.75981634855270386
snoopy,Snoopy,1346,241,0.75812339782714844
snoopy,Snoopy,1346,242,0.75250035524368286
snoopy,Snoopy,1346,243,0.75167554616928101
snoopy,Snoopy,1346,244,0.74477314949035645
snoopy,Snoopy,1346,245,0.74107342958450317
snoopy,Snoopy,1346,246,0.73844045400619507
snoopy,Snoopy,1346,247,0.73763364553451538
snoopy,Snoopy,1346,248,0.72984540462493896
snoopy,Snoopy,1346,249,0.72342121601104736
snoopy,Snoopy,1346,250,0.72163820266723633
snoopy,Snoopy,1346,251,0.71889501810073853
snoopy,Snoopy,1346,252,0.71482861042022705
snoopy,Snoopy,1346,253,0.71251291036605835
snoopy,Snoopy,1346,254,0.71115732192993164
snoopy,Snoopy,1346,255,0.70431989431381226
snoopy,Snoopy,1346,256,0.70327514410018921
snoopy,Snoopy,1346,257,0.69545286893844604
snoopy,Snoopy,1346,258,0.69113147258758545
snoopy,Snoopy,1346,259,0.68841266632080078
snoopy,Snoopy,1346,260,0.68609744310379028
snoopy,Snoopy,1346,261,0.68010550737380981
snoopy,Snoopy,1346,262,0.67898863554000854
snoopy,Snoopy,1346,263,0.67677474021911621
snoopy,Snoopy,1346,264,0.67531871795654297
snoopy,Snoopy,1346,265,0.66966050863265991
snoopy,Snoopy,1346,266,0.66700285673141479
snoopy,Snoopy,1346,267,0.66478520631790161
snoopy,Snoopy,1346,268,0.65946370363235474
snoopy,Snoopy,1346,269,0.65771514177322388
snoopy,Snoopy,1346,270,0.65422737598419189
snoopy,Snoopy,1346,271,0.6474754810333252
snoopy,Snoopy,1346,272,0.64420312643051147
snoopy,Snoopy,1346,273,0.64262998104095459
snoopy,Snoopy,1346,274,0.64025074243545532
snoopy,Snoopy,1346,275,0.63359653949737549
snoopy,Snoopy,1346,276,0.63123232126235962
snoopy,Snoopy,1346,277,0.62859320640563965
snoopy,Snoopy,1346,278,0.62574845552444458
snoopy,Snoopy,1346,279,0.62306171655654907
snoopy,Snoopy,1346,280,0.62024182081222534
snoopy,Snoopy,1346,281,0.61904031038284302
snoopy,Snoopy,1346,282,0.61642497777938843
snoopy,Snoopy,1346,283,0.60824579000473022
snoopy,Snoopy,1346,284,0.60744214057922363
snoopy,Snoopy,1346,285,0.60566866397857666
snoopy,Snoopy,1346,286,0.60311675071716309
snoopy,Snoopy,1346,287,0.60144162178039551
snoopy,Snoopy,1346,288,0.60026919841766357
snoopy,Snoopy,1346,289,0.59764367341995239
snoopy,Snoopy,1346,290,0.5961376428604126
snoopy,Snoopy,1346,291,0.59327089786529541
snoopy,Snoopy,1346,292,0.58972901105880737
snoopy,Snoopy,1346,293,0.58480829000473022
snoopy,Snoopy,1346,294,0.58439749479293823
snoopy,Snoopy,1346,295,0.57859259843826294
snoopy,Snoopy,1346,296,0.577472984790802
snoopy,Snoopy,1346,297,0.57240617275238037
snoopy,Snoopy,1346,298,0.57109367847442627
snoopy,Snoopy,1346,299,0.56752032041549683
snoopy,Snoopy,1346,300,0.56409817934036255
snoopy,Snoopy,1346,301,0.56208163499832153
snoopy,Snoopy,1346,302,0.55680263042449951
snoopy,Snoopy,1346,303,0.55571764707565308
snoopy,Snoopy,1346,304,0.55276942253112793
snoopy,Snoopy,1346,305,0.55036020278930664
snoopy,Snoopy,1346,306,0.54804056882858276
snoopy,Snoopy,1346,307,0.54522097110748291
snoopy,Snoopy,1346,308,0.54148083925247192
snoopy,Snoopy,1346,309,0.53907942771911621
snoopy,Snoopy,1346,310,0.53658497333526611
snoopy,Snoopy,1346,311,0.53293555974960327
snoopy,Snoopy,1346,312,0.53064078092575073
snoopy,Snoopy,1346,313,0.52839457988739014
snoopy,Snoopy,1346,314,0.52535468339920044
snoopy,Snoopy,1346,315,0.52123260498046875
snoopy,Snoopy,1346,316,0.52113312482833862
snoopy,Snoopy,1346,317,0.51611089706420898
snoopy,Snoopy,1346,318,0.51194781064987183
snoopy,Snoopy,1346,319,0.51060086488723755
snoopy,Snoopy,1346,320,0.50740575790405273
snoopy,Snoopy,1346,321,0.50615030527114868
snoopy,Snoopy,1346,322,0.50532835721969604
snoopy,Snoopy,1346,323,0.5024878978729248
snoopy,Snoopy,1346,324,0.50035911798477173
snoopy,Snoopy,1346,325,0.4996495246887207
snoopy,Snoopy,1346,326,0.49624603986740112
snoopy,Snoopy,1346,327,0.49387490749359131
snoopy,Snoopy,1346,328,0.49258729815483093
snoopy,Snoopy,1346,329,0.48884972929954529
snoopy,Snoopy,1346,330,0.48693132400512695
snoopy,Snoopy,1346,331,0.4840332567691803
snoopy,Snoopy,1346,332,0.4793986976146698
snoopy,Snoopy,1346,333,0.47863349318504333
snoopy,Snoopy,1346,334,0.47612163424491882
snoopy,Snoopy,1346,335,0.47320112586021423
snoopy,Snoopy,1346,336,0.47128105163574219
snoopy,Snoopy,1346,337,0.47089165449142456
snoopy,Snoopy,1346,338,0.47003728151321411
snoopy,Snoopy,1346,339,0.46783110499382019
snoopy,Snoopy,1346,340,0.46448925137519836
snoopy,Snoopy,1346,341,0.46253722906112671
snoopy,Snoopy,1346,342,0.46063202619552612
snoopy,Snoopy,1346,343,0.45727553963661194
snoopy,Snoopy,1346,344,0.45378759503364563
snoopy,Snoopy,1346,345,0.45302078127861023
snoopy,Snoopy,1346,346,0.45061120390892029
snoopy,Snoopy,1346,347,0.4485735297203064
snoopy,Snoopy,1346,348,0.44663137197494507
snoopy,Snoopy,1346,349,0.44582772254943848
snoopy,Snoopy,1346,350,0.44231021404266357
snoopy,Snoopy,1346,351,0.43934750556945801
snoopy,Snoopy,1346,352,0.43794935941696167
snoopy,Snoopy,1346,353,0.4353117048740387
snoopy,Snoopy,1346,354,0.43329483270645142
snoopy,Snoopy,1346,355,0.43248149752616882
snoopy,Snoopy,1346,356,0.4275137186050415
snoopy,Snoopy,1346,357,0.42648258805274963
snoopy,Snoopy,1346,358,0.42329105734825134
snoopy,Snoopy,1346,359,0.42244753241539001
snoopy,Snoopy,1346,360,0.41994220018386841
snoopy,Snoopy,1346,361,0.41825202107429504
snoopy,Snoopy,1346,362,0.41678744554519653
snoopy,Snoopy,1346,363,0.41450849175453186
snoopy,Snoopy,1346,364,0.41236019134521484
snoopy,Snoopy,1346,365,0.40971451997756958
snoopy,Snoopy,1346,366,0.40661507844924927
snoopy,Snoopy,1346,367,0.40509366989135742
snoopy,Snoopy,1346,368,0.40435096621513367
snoopy,Snoopy,1346,369,0.40126991271972656
snoopy,Snoopy,1346,370,0.39948242902755737
snoopy,Snoopy,1346,371,0.39818713068962097
snoopy,Snoopy,1346,372,0.39750561118125916
snoopy,Snoopy,1346,373,0.39337348937988281
snoopy,Snoopy,1346,374,0.39158448576927185
snoopy,Snoopy,1346,375,0.3891911506652832
snoopy,Snoopy,1346,376,0.38875234127044678
snoopy,Snoopy,1346,377,0.38732504844665527
snoopy,Snoopy,1346,378,0.38389787077903748
snoopy,Snoopy,1346,379,0.38325819373130798
snoopy,Snoopy,1346,380,0.38189500570297241
snoopy,Snoopy,1346,381,0.37754622101783752
snoopy,Snoopy,1346,382,0.37647774815559387
snoopy,Snoopy,1346,383,0.37509164214134216
snoopy,Snoopy,1346,384,0.37368333339691162
snoopy,Snoopy,1346,385,0.37173864245414734
snoopy,Snoopy,1346,386,0.37068912386894226
snoopy,Snoopy,1346,387,0.36985161900520325
snoopy,Snoopy,1346,388,0.36701390147209167
snoopy,Snoopy,1346,389,0.36410599946975708
snoopy,Snoopy,1346,390,0.3635343611240387
snoopy,Snoopy,1346,391,0.36114555597305298
snoopy,Snoopy,1346,392,0.36018937826156616
snoopy,Snoopy,1346,393,0.3593098521232605
snoopy,Snoopy,1346,394,0.35652893781661987
snoopy,Snoopy,1346,395,0.35592329502105713
snoopy,Snoopy,1346,396,0.3548557460308075
snoopy,Snoopy,1346,397,0.35131040215492249
snoopy,Snoopy,1346,398,0.35063201189041138
snoopy,Snoopy,1346,399,0.35047489404678345
snoopy,Snoopy,1346,400,0.34673246741294861
snoopy,Snoopy,1346,401,0.34411618113517761
snoopy,Snoopy,1346,402,0.34294384717941284
snoopy,Snoopy,1346,403,0.34163689613342285
snoopy,Snoopy,1346,404,0.34078574180603027
snoopy,Snoopy,1346,405,0.33897086977958679
snoopy,Snoopy,1346,406,0.33703145384788513
snoopy,Snoopy,1346,407,0.33525046706199646
snoopy,Snoopy,1346,408,0.33384326100349426
snoopy,Snoopy,1346,409,0.3320591151714325
snoopy,Snoopy,1346,410,0.33145645260810852
snoopy,Snoopy,1346,411,0.32882103323936462
snoopy,Snoopy,1346,412,0.32806119322776794
snoopy,Snoopy,1346,413,0.32662546634674072
snoopy,Snoopy,1346,414,0.32374468445777893
snoopy,Snoopy,1346,415,0.32289928197860718
snoopy,Snoopy,1346,416,0.32129645347595215
snoopy,Snoopy,1346,417,0.32006898522377014
snoopy,Snoopy,1346,418,0.31954532861709595
snoopy,Snoopy,1346,419,0.31844756007194519
snoopy,Snoopy,1346,420,0.31579190492630005
snoopy,Snoopy,1346,421,0.31540209054946899
snoopy,Snoopy,1346,422,0.3140513002872467
snoopy,Snoopy,1346,423,0.31128346920013428
snoopy,Snoopy,1346,424,0.30975595116615295
snoopy,Snoopy,1346,425,0.30682539939880371
snoopy,Snoopy,1346,426,0.30545675754547119
snoopy,Snoopy,1346,427,0.30536311864852905
snoopy,Snoopy,1346,428,0.30239114165306091
snoopy,Snoopy,1346,429,0.30213358998298645
snoopy,Snoopy,1346,430,0.3006608784198761
snoopy,Snoopy,1346,431,0.29753369092941284
snoopy,Snoopy,1346,432,0.2971167266368866
snoopy,Snoopy,1346,433,0.29624518752098083
snoopy,Snoopy,1346,434,0.29439434409141541
snoopy,Snoopy,1346,435,0.29083335399627686
snoopy,Snoopy,1346,436,0.29051715135574341
snoopy,Snoopy,1346,437,0.28968581557273865
snoopy,Snoopy,1346,438,0.28814524412155151
snoopy,Snoopy,1346,439,0.28525477647781372
snoopy,Snoopy,1346,440,0.28433582186698914
snoopy,Snoopy,1346,441,0.28319719433784485
snoopy,Snoopy,1346,442,0.28234076499938965
snoopy,Snoopy,1346,443,0.28153321146965027
snoopy,Snoopy,1346,444,0.28059038519859314
snoopy,Snoopy,1346,445,0.27922078967094421
snoopy,Snoopy,1346,446,0.27825820446014404
snoopy,Snoopy,1346,447,0.27556067705154419
snoopy,Snoopy,1346,448,0.27352249622344971
snoopy,Snoopy,1346,449,0.27289345860481262
snoopy,Snoopy,1346,450,0.27186116576194763
snoopy,Snoopy,1346,451,0.26970472931861877
snoopy,Snoopy,1346,452,0.26740729808807373
snoopy,Snoopy,1346,453,0.26646697521209717
snoopy,Snoopy,1346,454,0.26607957482337952
snoopy,Snoopy,1346,455,0.26365241408348083
snoopy,Snoopy,1346,456,0.26306736469268799
snoopy,Snoopy,1346,457,0.26155918836593628
snoopy,Snoopy,1346,458,0.26001405715942383
snoopy,Snoopy,1346,459,0.25960052013397217
snoopy,Snoopy,1346,460,0.25759753584861755
snoopy,Snoopy,1346,461,0.25598698854446411
snoopy,Snoopy,1346,462,0.25427743792533875
snoopy,Snoopy,1346,463,0.25365427136421204
snoopy,Snoopy,1346,464,0.25248214602470398
snoopy,Snoopy,1346,465,0.25125238299369812
snoopy,Snoopy,1346,466,0.24896560609340668
snoopy,Snoopy,1346,467,0.24785111844539642
snoopy,Snoopy,1346,468,0.24664381146430969
snoopy,Snoopy,1346,469,0.24645569920539856
snoopy,Snoopy,1346,470,0.24543897807598114
snoopy,Snoopy,1346,471,0.24310067296028137
snoopy,Snoopy,1346,472,0.24087634682655334
snoopy,Snoopy,1346,473,0.2400166392326355
snoopy,Snoopy,1346,474,0.23959866166114807
snoopy,Snoopy,1346,475,0.23793366551399231
snoopy,Snoopy,1346,476,0.23779319226741791
snoopy,Snoopy,1346,477,0.23658297955989838
snoopy,Snoopy,1346,478,0.23562335968017578
snoopy,Snoopy,1346,479,0.23474453389644623
snoopy,Snoopy,1346,480,0.23283040523529053
snoopy,Snoopy,1346,481,0.231486976146698
snoopy,Snoopy,1346,482,0.22990860044956207
snoopy,Snoopy,1346,483,0.22980859875679016
snoopy,Snoopy,1346,484,0.22692079842090607
snoopy,Snoopy,1346,485,0.22672443091869354
snoopy,Snoopy,1346,486,0.22592790424823761
snoopy,Snoopy,1346,487,0.22488333284854889
snoopy,Snoopy,1346,488,0.22388492524623871
snoopy,Snoopy,1346,489,0.22277872264385223
snoopy,Snoopy,1346,490,0.22188617289066315
snoopy,Snoopy,1346,491,0.22069045901298523
snoopy,Snoopy,1346,492,0.21971820294857025
snoopy,Snoopy,1346,493,0.2185857892036438
snoopy,Snoopy,1346,494,0.21607479453086853
snoopy,Snoopy,1346,495,0.21577534079551697
snoopy,Snoopy,1346,496,0.21541944146156311
snoopy,Snoopy,1346,497,0.21266473829746246
snoopy,Snoopy,1346,498,0.21167048811912537
snoopy,Snoopy,1346,499,0.21139499545097351
snoopy,Snoopy,1346,500,0.21048954129219055
snoopy,Snoopy,1346,501,0.20912596583366394
snoopy,Snoopy,1346,502,0.20818158984184265
snoopy,Snoopy,1346,503,0.20756520330905914
snoopy,Snoopy,1346,504,0.2057393342256546
snoopy,Snoopy,1346,505,0.20408675074577332
snoopy,Snoopy,1346,506,0.20272468030452728
snoopy,Snoopy,1346,507,0.20194059610366821
snoopy,Snoopy,1346,508,0.20042756199836731
snoopy,Snoopy,1346,509,0.19958405196666718
snoopy,Snoopy,1346,510,0.19888715445995331
snoopy,Snoopy,1346,511,0.19819213449954987
snoopy,Snoopy,1346,512,0.19603163003921509
snoopy,Snoopy,1346,513,0.19559819996356964
snoopy,Snoopy,1346,514,0.19431875646114349
snoopy,Snoopy,1346,515,0.19356304407119751
snoopy,Snoopy,1346,516,0.19242005050182343
snoopy,Snoopy,1346,517,0.19145341217517853
snoopy,Snoopy,1346,518,0.19019581377506256
snoopy,Snoopy,1346,519,0.18886889517307281
snoopy,Snoopy,1346,520,0.187294602394104
snoopy,Snoopy,1346,521,0.18589916825294495
snoopy,Snoopy,1346,522,0.18484996259212494
snoopy,Snoopy,1346,523,0.18421155214309692
snoopy,Snoopy,1346,524,0.18367764353752136
snoopy,Snoopy,1346,525,0.18225115537643433
snoopy,Snoopy,1346,526,0.18169192969799042
snoopy,Snoopy,1346,527,0.17994080483913422
snoopy,Snoopy,1346,528,0.17904524505138397
snoopy,Snoopy,1346,529,0.17883560061454773
snoopy,Snoopy,1346,530,0.17747792601585388
snoopy,Snoopy,1346,531,0.17704662680625916
snoopy,Snoopy,1346,532,0.17609049379825592
snoopy,Snoopy,1346,533,0.17471300065517426
snoopy,Snoopy,1346,534,0.17358240485191345
snoopy,Snoopy,1346,535,0.17282901704311371
snoopy,Snoopy,1346,536,0.17190700769424438
snoopy,Snoopy,1346,537,0.1704992949962616
snoopy,Snoopy,1346,538,0.16993813216686249
snoopy,Snoopy,1346,539,0.16975924372673035
snoopy,Snoopy,1346,540,0.16790470480918884
snoopy,Snoopy,1346,541,0.16757211089134216
snoopy,Snoopy,1346,542,0.16569717228412628
snoopy,Snoopy,1346,543,0.16441263258457184
snoopy,Snoopy,1346,544,0.1631903201341629
snoopy,Snoopy,1346,545,0.16234302520751953
snoopy,Snoopy,1346,546,0.16182868182659149
snoopy,Snoopy,1346,547,0.16150833666324615
snoopy,Snoopy,1346,548,0.1599244624376297
snoopy,Snoopy,1346,549,0.15913738310337067
snoopy,Snoopy,1346,550,0.15890219807624817
snoopy,Snoopy,1346,551,0.15754550695419312
snoopy,Snoopy,1346,552,0.15720474720001221
snoopy,Snoopy,1346,553,0.15658566355705261
snoopy,Snoopy,1346,554,0.15503168106079102
snoopy,Snoopy,1346,555,0.15473733842372894
snoopy,Snoopy,1346,556,0.15282592177391052
snoopy,Snoopy,1346,557,0.15182317793369293
snoopy,Snoopy,1346,558,0.15034976601600647
snoopy,Snoopy,1346,559,0.1496654599905014
snoopy,Snoopy,1346,560,0.14894697070121765
snoopy,Snoopy,1346,561,0.14863824844360352
snoopy,Snoopy,1346,562,0.14800478518009186
snoopy,Snoopy,1346,563,0.14712049067020416
snoopy,Snoopy,1346,564,0.14578706026077271
snoopy,Snoopy,1346,565,0.14521348476409912
snoopy,Snoopy,1346,566,0.14462739229202271
snoopy,Snoopy,1346,567,0.14334395527839661
snoopy,Snoopy,1346,568,0.14273498952388763
snoopy,Snoopy,1346,569,0.1414029449224472
snoopy,Snoopy,1346,570,0.14003485441207886
snoopy,Snoopy,1346,571,0.13984641432762146
snoopy,Snoopy,1346,572,0.13908009231090546
snoopy,Snoopy,1346,573,0.13747808337211609
snoopy,Snoopy,1346,574,0.13691288232803345
snoopy,Snoopy,1346,575,0.1364419013261795
snoopy,Snoopy,1346,576,0.13489915430545807
snoopy,Snoopy,1346,577,0.1344476044178009
snoopy,Snoopy,1346,578,0.13395379483699799
snoopy,Snoopy,1346,579,0.1332012265920639
snoopy,Snoopy,1346,580,0.13314904272556305
snoopy,Snoopy,1346,581,0.13188773393630981
snoopy,Snoopy,1346,582,0.13024809956550598
snoopy,Snoopy,1346,583,0.12951922416687012
snoopy,Snoopy,1346,584,0.1286330372095108
snoopy,Snoopy,1346,585,0.12825377285480499
snoopy,Snoopy,1346,586,0.1274598091840744
snoopy,Snoopy,1346,587,0.12699763476848602
snoopy,Snoopy,1346,588,0.12657028436660767
snoopy,Snoopy,1346,589,0.1250719428062439
snoopy,Snoopy,1346,590,0.12461609393358231
snoopy,Snoopy,1346,591,0.12381604313850403
snoopy,Snoopy,1346,592,0.12267861515283585
snoopy,Snoopy,1346,593,0.12245241552591324
snoopy,Snoopy,1346,594,0.12102481722831726
snoopy,Snoopy,1346,595,0.12065894901752472
snoopy,Snoopy,1346,596,0.12026750296354294
snoopy,Snoopy,1346,597,0.11999532580375671
snoopy,Snoopy,1346,598,0.11913898587226868
snoopy,Snoopy,1346,599,0.11847478896379471
snoopy,Snoopy,1346,600,0.11765363067388535
snoopy,Snoopy,1346,601,0.11696518212556839
snoopy,Snoopy,1346,602,0.11653808504343033
snoopy,Snoopy,1346,603,0.11554904282093048
snoopy,Snoopy,1346,604,0.11496546864509583
snoopy,Snoopy,1346,605,0.11451952159404755
snoopy,Snoopy,1346,606,0.11419734358787537
snoopy,Snoopy,1346,607,0.11372432112693787
snoopy,Snoopy,1346,608,0.11294431984424591
snoopy,Snoopy,1346,609,0.11096504330635071
snoopy,Snoopy,1346,610,0.11068298667669296
snoopy,Snoopy,1346,611,0.11033801734447479
snoopy,Snoopy,1346,612,0.10882909595966339
snoopy,Snoopy,1346,613,0.10858258605003357
snoopy,Snoopy,1346,614,0.10783243924379349
snoopy,Snoopy,1346,615,0.10751525312662125
snoopy,Snoopy,1346,616,0.10592836141586304
snoopy,Snoopy,1346,617,0.10503201186656952
snoopy,Snoopy,1346,618,0.10429748147726059
snoopy,Snoopy,1346,619,0.10403342545032501
snoopy,Snoopy,1346,620,0.10359486192464828
snoopy,Snoopy,1346,621,0.10224407911300659
snoopy,Snoopy,1346,622,0.10167642682790756
snoopy,Snoopy,1346,623,0.1013079360127449
snoopy,Snoopy,1346,624,0.10109405219554901
snoopy,Snoopy,1346,625,0.10004053264856339
snoopy,Snoopy,1346,626,0.099515348672866821
snoopy,Snoopy,1346,627,0.099011115729808807
snoopy,Snoopy,1346,628,0.098614640533924103
snoopy,Snoopy,1346,629,0.098046049475669861
snoopy,Snoopy,1346,630,0.097295604646205902
snoopy,Snoopy,1346,631,0.096246905624866486
snoopy,Snoopy,1346,632,0.096040345728397369
snoopy,Snoopy,1346,633,0.095057234168052673
snoopy,Snoopy,1346,634,0.094398953020572662
snoopy,Snoopy,1346,635,0.094339489936828613
snoopy,Snoopy,1346,636,0.092936553061008453
snoopy,Snoopy,1346,637,0.091959521174430847
snoopy,Snoopy,1346,638,0.091624073684215546
snoopy,Snoopy,1346,639,0.090496905148029327
snoopy,Snoopy,1346,640,0.090207599103450775
snoopy,Snoopy,1346,641,0.089073680341243744
snoopy,Snoopy,1346,642,0.088663399219512939
snoopy,Snoopy,1346,643,0.08799491822719574
snoopy,Snoopy,1346,644,0.087580360472202301
snoopy,Snoopy,1346,645,0.087012872099876404
snoopy,Snoopy,1346,646,0.086416147649288177
snoopy,Snoopy,1346,647,0.085802122950553894
snoopy,Snoopy,1346,648,0.085214629769325256
snoopy,Snoopy,1346,649,0.084889672696590424
snoopy,Snoopy,1346,650,0.08392951637506485
snoopy,Snoopy,1346,651,0.08364492654800415
snoopy,Snoopy,1346,652,0.083193957805633545
snoopy,Snoopy,1346,653,0.081927716732025146
snoopy,Snoopy,1346,654,0.081326961517333984
snoopy,Snoopy,1346,655,0.080123446881771088
snoopy,Snoopy,1346,656,0.079979605972766876
snoopy,Snoopy,1346,657,0.079377323389053345
snoopy,Snoopy,1346,658,0.078925922513008118
snoopy,Snoopy,1346,659,0.078326612710952759
snoopy,Snoopy,1346,660,0.077578604221343994
snoopy,Snoopy,1346,661,0.077156856656074524
snoopy,Snoopy,1346,662,0.07650398463010788
snoopy,Snoopy,1346,663,0.076019510626792908
snoopy,Snoopy,1346,664,0.075265295803546906
snoopy,Snoopy,1346,665,0.074551373720169067
snoopy,Snoopy,1346,666,0.074480615556240082
snoopy,Snoopy,1346,667,0.073838628828525543
snoopy,Snoopy,1346,668,0.072911597788333893
snoopy,Snoopy,1346,669,0.072701983153820038
snoopy,Snoopy,1346,670,0.07194257527589798
snoopy,Snoopy,1346,671,0.071109645068645477
snoopy,Snoopy,1346,672,0.070732884109020233
snoopy,Snoopy,1346,673,0.070291675627231598
snoopy,Snoopy,1346,674,0.069473154842853546
snoopy,Snoopy,1346,675,0.06836739182472229
snoopy,Snoopy,1346,676,0.067999109625816345
snoopy,Snoopy,1346,677,0.067591741681098938
snoopy,Snoopy,1346,678,0.067426219582557678
snoopy,Snoopy,1346,679,0.067053809762001038
snoopy,Snoopy,1346,680,0.066098727285861969
snoopy,Snoopy,1346,681,0.06576172262430191
snoopy,Snoopy,1346,682,0.06562051922082901
snoopy,Snoopy,1346,683,0.065248303115367889
snoopy,Snoopy,1346,684,0.064570888876914978
snoopy,Snoopy,1346,685,0.064246192574501038
snoopy,Snoopy,1346,686,0.062989495694637299
snoopy,Snoopy,1346,687,0.062250480055809021
snoopy,Snoopy,1346,688,0.061948198825120926
snoopy,Snoopy,1346,689,0.061666149646043777
snoopy,Snoopy,1346,690,0.061480384320020676
snoopy,Snoopy,1346,691,0.060707453638315201
snoopy,Snoopy,1346,692,0.060170266777276993
snoopy,Snoopy,1346,693,0.05980537086725235
snoopy,Snoopy,1346,694,0.059323843568563461
snoopy,Snoopy,1346,695,0.058288887143135071
snoopy,Snoopy,1346,696,0.057654988020658493
snoopy,Snoopy,1346,697,0.057046633213758469
snoopy,Snoopy,1346,698,0.056793831288814545
snoopy,Snoopy,1346,699,0.056570742279291153
snoopy,Snoopy,1346,700,0.055560287088155746
snoopy,Snoopy,1346,701,0.055155057460069656
snoopy,Snoopy,1346,702,0.0542767234146595
snoopy,Snoopy,1346,703,0.053804177790880203
snoopy,Snoopy,1346,704,0.053547263145446777
snoopy,Snoopy,1346,705,0.053137056529521942
snoopy,Snoopy,1346,706,0.052393071353435516
snoopy,Snoopy,1346,707,0.052155096083879471
snoopy,Snoopy,1346,708,0.051100518554449081
snoopy,Snoopy,1346,709,0.050948608666658401
snoopy,Snoopy,1346,710,0.050718817859888077
snoopy,Snoopy,1346,711,0.049696695059537888
snoopy,Snoopy,1346,712,0.049512211233377457
snoopy,Snoopy,1346,713,0.049024451524019241
snoopy,Snoopy,1346,714,0.0481443852186203
snoopy,Snoopy,1346,715,0.04756556823849678
snoopy,Snoopy,1346,716,0.047507517039775848
snoopy,Snoopy,1346,717,0.047131232917308807
snoopy,Snoopy,1346,718,0.046125538647174835
snoopy,Snoopy,1346,719,0.045735809952020645
snoopy,Snoopy,1346,720,0.045205537229776382
snoopy,Snoopy,1346,721,0.044655673205852509
snoopy,Snoopy,1346,722,0.04433942586183548
snoopy,Snoopy,1346,723,0.0436534583568573
snoopy,Snoopy,1346,724,0.043317742645740509
snoopy,Snoopy,1346,725,0.042790863662958145
snoopy,Snoopy,1346,726,0.042353104799985886
snoopy,Snoopy,1346,727,0.042105544358491898
snoopy,Snoopy,1346,728,0.041582036763429642
snoopy,Snoopy,1346,729,0.040828611701726913
snoopy,Snoopy,1346,730,0.040516085922718048
snoopy,Snoopy,1346,731,0.040146041661500931
snoopy,Snoopy,1346,732,0.03982306644320488
snoopy,Snoopy,1346,733,0.039160612970590591
snoopy,Snoopy,1346,734,0.03840845450758934
snoopy,Snoopy,1346,735,0.037702232599258423
snoopy,Snoopy,1346,736,0.037359040230512619
snoopy,Snoopy,1346,737,0.037072986364364624
snoopy,Snoopy,1346,738,0.036840304732322693
snoopy,Snoopy,1346,739,0.036188360303640366
snoopy,Snoopy,1346,740,0.035491883754730225
snoopy,Snoopy,1346,741,0.035057280212640762
snoopy,Snoopy,1346,742,0.034767962992191315
snoopy,Snoopy,1346,743,0.034462656825780869
snoopy,Snoopy,1346,744,0.034242186695337296
snoopy,Snoopy,1346,745,0.033324219286441803
snoopy,Snoopy,1346,746,0.032794743776321411
snoopy,Snoopy,1346,747,0.032444510608911514
snoopy,Snoopy,1346,748,0.03206925094127655
snoopy,Snoopy,1346,749,0.03107014112174511
snoopy,Snoopy,1346,750,0.029826760292053223
snoopy,Snoopy,1346,751,0.029696941375732422
snoopy,Snoopy,1346,752,0.029272733256220818
snoopy,Snoopy,1346,753,0.028936814516782761
snoopy,Snoopy,1346,754,0.028273962438106537
snoopy,Snoopy,1346,755,0.028005842119455338
snoopy,Snoopy,1346,756,0.027309838682413101
snoopy,Snoopy,1346,757,0.026812789961695671
snoopy,Snoopy,1346,758,0.026742639020085335
snoopy,Snoopy,1346,759,0.026167228817939758
snoopy,Snoopy,1346,760,0.025427628308534622
snoopy,Snoopy,1346,761,0.024713875725865364
snoopy,Snoopy,1346,762,0.024400247260928154
snoopy,Snoopy,1346,763,0.023236431181430817
snoopy,Snoopy,1346,764,0.022881012409925461
snoopy,Snoopy,1346,765,0.022359415888786316
snoopy,Snoopy,1346,766,0.021678205579519272
snoopy,Snoopy,1346,767,0.021393535658717155
snoopy,Snoopy,1346,768,0.013190707191824913
snoopy_mickey,Snoopy + Mickey,1344,1,147.79679870605469
snoopy_mickey,Snoopy + Mickey,1344,2,17.444543838500977
snoopy_mickey,Snoopy + Mickey,1344,3,14.218149185180664
snoopy_mickey,Snoopy + Mickey,1344,4,9.1746435165405273
snoopy_mickey,Snoopy + Mickey,1344,5,8.3863639831542969
snoopy_mickey,Snoopy + Mickey,1344,6,6.8738441467285156
snoopy_mickey,Snoopy + Mickey,1344,7,6.0951790809631348
snoopy_mickey,Snoopy + Mickey,1344,8,5.7569575309753418
snoopy_mickey,Snoopy + Mickey,1344,9,5.6972918510437012
snoopy_mickey,Snoopy + Mickey,1344,10,5.2690010070800781
snoopy_mickey,Snoopy + Mickey,1344,11,5.1947665214538574
snoopy_mickey,Snoopy + Mickey,1344,12,4.8465080261230469
snoopy_mickey,Snoopy + Mickey,1344,13,4.8340210914611816
snoopy_mickey,Snoopy + Mickey,1344,14,4.6110525131225586
snoopy_mickey,Snoopy + Mickey,1344,15,4.5057501792907715
snoopy_mickey,Snoopy + Mickey,1344,16,4.4505505561828613
snoopy_mickey,Snoopy + Mickey,1344,17,4.2892117500305176
snoopy_mickey,Snoopy + Mickey,1344,18,4.2534704208374023
snoopy_mickey,Snoopy + Mickey,1344,19,4.1066780090332031
snoopy_mickey,Snoopy + Mickey,1344,20,4.0031299591064453
snoopy_mickey,Snoopy + Mickey,1344,21,3.8701035976409912
snoopy_mickey,Snoopy + Mickey,1344,22,3.7438628673553467
snoopy_mickey,Snoopy + Mickey,1344,23,3.7109711170196533
snoopy_mickey,Snoopy + Mickey,1344,24,3.6228184700012207
snoopy_mickey,Snoopy + Mickey,1344,25,3.6035549640655518
snoopy_mickey,Snoopy + Mickey,1344,26,3.5403828620910645
snoopy_mickey,Snoopy + Mickey,1344,27,3.5247986316680908
snoopy_mickey,Snoopy + Mickey,1344,28,3.4148423671722412
snoopy_mickey,Snoopy + Mickey,1344,29,3.3776998519897461
snoopy_mickey,Snoopy + Mickey,1344,30,3.3297195434570312
snoopy_mickey,Snoopy + Mickey,1344,31,3.3001096248626709
snoopy_mickey,Snoopy + Mickey,1344,32,3.2682504653930664
snoopy_mickey,Snoopy + Mickey,1344,33,3.2101428508758545
snoopy_mickey,Snoopy + Mickey,1344,34,3.17043137550354
snoopy_mickey,Snoopy + Mickey,1344,35,3.1400871276855469
snoopy_mickey,Snoopy + Mickey,1344,36,3.1212098598480225
snoopy_mickey,Snoopy + Mickey,1344,37,3.0693376064300537
snoopy_mickey,Snoopy + Mickey,1344,38,3.0318024158477783
snoopy_mickey,Snoopy + Mickey,1344,39,3.0159363746643066
snoopy_mickey,Snoopy + Mickey,1344,40,2.9605607986450195
snoopy_mickey,Snoopy + Mickey,1344,41,2.9295241832733154
snoopy_mickey,Snoopy + Mickey,1344,42,2.8965179920196533
snoopy_mickey,Snoopy + Mickey,1344,43,2.8786561489105225
snoopy_mickey,Snoopy + Mickey,1344,44,2.8571052551269531
snoopy_mickey,Snoopy + Mickey,1344,45,2.8002820014953613
snoopy_mickey,Snoopy + Mickey,1344,46,2.7959392070770264
snoopy_mickey,Snoopy + Mickey,1344,47,2.7348637580871582
snoopy_mickey,Snoopy + Mickey,1344,48,2.7078840732574463
snoopy_mickey,Snoopy + Mickey,1344,49,2.6872248649597168
snoopy_mickey,Snoopy + Mickey,1344,50,2.6449189186096191
snoopy_mickey,Snoopy + Mickey,1344,51,2.6299490928649902
snoopy_mickey,Snoopy + Mickey,1344,52,2.5993282794952393
snoopy_mickey,Snoopy + Mickey,1344,53,2.5907306671142578
snoopy_mickey,Snoopy + Mickey,1344,54,2.5467522144317627
snoopy_mickey,Snoopy + Mickey,1344,55,2.5349702835083008
snoopy_mickey,Snoopy + Mickey,1344,56,2.5015902519226074
snoopy_mickey,Snoopy + Mickey,1344,57,2.4889657497406006
snoopy_mickey,Snoopy + Mickey,1344,58,2.4399130344390869
snoopy_mickey,Snoopy + Mickey,1344,59,2.4311435222625732
snoopy_mickey,Snoopy + Mickey,1344,60,2.4003534317016602
snoopy_mickey,Snoopy + Mickey,1344,61,2.391249418258667
snoopy_mickey,Snoopy + Mickey,1344,62,2.3666837215423584
snoopy_mickey,Snoopy + Mickey,1344,63,2.3166196346282959
snoopy_mickey,Snoopy + Mickey,1344,64,2.3084523677825928
snoopy_mickey,Snoopy + Mickey,1344,65,2.2844233512878418
snoopy_mickey,Snoopy + Mickey,1344,66,2.277984619140625
snoopy_mickey,Snoopy + Mickey,1344,67,2.2376430034637451
snoopy_mickey,Snoopy + Mickey,1344,68,2.2231311798095703
snoopy_mickey,Snoopy + Mickey,1344,69,2.2141642570495605
snoopy_mickey,Snoopy + Mickey,1344,70,2.2018954753875732
snoopy_mickey,Snoopy + Mickey,1344,71,2.1735889911651611
snoopy_mickey,Snoopy + Mickey,1344,72,2.1517002582550049
snoopy_mickey,Snoopy + Mickey,1344,73,2.132861852645874
snoopy_mickey,Snoopy + Mickey,1344,74,2.1192057132720947
snoopy_mickey,Snoopy + Mickey,1344,75,2.1078972816467285
snoopy_mickey,Snoopy + Mickey,1344,76,2.0955133438110352
snoopy_mickey,Snoopy + Mickey,1344,77,2.0886564254760742
snoopy_mickey,Snoopy + Mickey,1344,78,2.0552968978881836
snoopy_mickey,Snoopy + Mickey,1344,79,2.0414786338806152
snoopy_mickey,Snoopy + Mickey,1344,80,2.0305039882659912
snoopy_mickey,Snoopy + Mickey,1344,81,2.0060451030731201
snoopy_mickey,Snoopy + Mickey,1344,82,1.9949008226394653
snoopy_mickey,Snoopy + Mickey,1344,83,1.9834297895431519
snoopy_mickey,Snoopy + Mickey,1344,84,1.9685075283050537
snoopy_mickey,Snoopy + Mickey,1344,85,1.9467724561691284
snoopy_mickey,Snoopy + Mickey,1344,86,1.9360575675964355
snoopy_mickey,Snoopy + Mickey,1344,87,1.9299857616424561
snoopy_mickey,Snoopy + Mickey,1344,88,1.9219597578048706
snoopy_mickey,Snoopy + Mickey,1344,89,1.9005974531173706
snoopy_mickey,Snoopy + Mickey,1344,90,1.8684753179550171
snoopy_mickey,Snoopy + Mickey,1344,91,1.8656411170959473
snoopy_mickey,Snoopy + Mickey,1344,92,1.8543336391448975
snoopy_mickey,Snoopy + Mickey,1344,93,1.8396705389022827
snoopy_mickey,Snoopy + Mickey,1344,94,1.8211793899536133
snoopy_mickey,Snoopy + Mickey,1344,95,1.8125903606414795
snoopy_mickey,Snoopy + Mickey,1344,96,1.7938265800476074
snoopy_mickey,Snoopy + Mickey,1344,97,1.7790770530700684
snoopy_mickey,Snoopy + Mickey,1344,98,1.7687917947769165
snoopy_mickey,Snoopy + Mickey,1344,99,1.750474214553833
snoopy_mickey,Snoopy + Mickey,1344,100,1.7480586767196655
snoopy_mickey,Snoopy + Mickey,1344,101,1.7281883955001831
snoopy_mickey,Snoopy + Mickey,1344,102,1.7171039581298828
snoopy_mickey,Snoopy + Mickey,1344,103,1.706305980682373
snoopy_mickey,Snoopy + Mickey,1344,104,1.696864128112793
snoopy_mickey,Snoopy + Mickey,1344,105,1.6856220960617065
snoopy_mickey,Snoopy + Mickey,1344,106,1.6634669303894043
snoopy_mickey,Snoopy + Mickey,1344,107,1.6507705450057983
snoopy_mickey,Snoopy + Mickey,1344,108,1.6473283767700195
snoopy_mickey,Snoopy + Mickey,1344,109,1.6340066194534302
snoopy_mickey,Snoopy + Mickey,1344,110,1.6271182298660278
snoopy_mickey,Snoopy + Mickey,1344,111,1.6165778636932373
snoopy_mickey,Snoopy + Mickey,1344,112,1.6087287664413452
snoopy_mickey,Snoopy + Mickey,1344,113,1.589200496673584
snoopy_mickey,Snoopy + Mickey,1344,114,1.5860855579376221
snoopy_mickey,Snoopy + Mickey,1344,115,1.5740846395492554
snoopy_mickey,Snoopy + Mickey,1344,116,1.5568543672561646
snoopy_mickey,Snoopy + Mickey,1344,117,1.5401140451431274
snoopy_mickey,Snoopy + Mickey,1344,118,1.5278232097625732
snoopy_mickey,Snoopy + Mickey,1344,119,1.5108067989349365
snoopy_mickey,Snoopy + Mickey,1344,120,1.5035730600357056
snoopy_mickey,Snoopy + Mickey,1344,121,1.497344970703125
snoopy_mickey,Snoopy + Mickey,1344,122,1.4855965375900269
snoopy_mickey,Snoopy + Mickey,1344,123,1.4787231683731079
snoopy_mickey,Snoopy + Mickey,1344,124,1.471537709236145
snoopy_mickey,Snoopy + Mickey,1344,125,1.463537335395813
snoopy_mickey,Snoopy + Mickey,1344,126,1.4604792594909668
snoopy_mickey,Snoopy + Mickey,1344,127,1.4469103813171387
snoopy_mickey,Snoopy + Mickey,1344,128,1.4352014064788818
snoopy_mickey,Snoopy + Mickey,1344,129,1.4305168390274048
snoopy_mickey,Snoopy + Mickey,1344,130,1.42185378074646
snoopy_mickey,Snoopy + Mickey,1344,131,1.4093968868255615
snoopy_mickey,Snoopy + Mickey,1344,132,1.3999392986297607
snoopy_mickey,Snoopy + Mickey,1344,133,1.3979392051696777
snoopy_mickey,Snoopy + Mickey,1344,134,1.3851237297058105
snoopy_mickey,Snoopy + Mickey,1344,135,1.3792731761932373
snoopy_mickey,Snoopy + Mickey,1344,136,1.3667389154434204
snoopy_mickey,Snoopy + Mickey,1344,137,1.3586506843566895
snoopy_mickey,Snoopy + Mickey,1344,138,1.343281626701355
snoopy_mickey,Snoopy + Mickey,1344,139,1.338614821434021
snoopy_mickey,Snoopy + Mickey,1344,140,1.3349041938781738
snoopy_mickey,Snoopy + Mickey,1344,141,1.3283255100250244
snoopy_mickey,Snoopy + Mickey,1344,142,1.3194689750671387
snoopy_mickey,Snoopy + Mickey,1344,143,1.3124855756759644
snoopy_mickey,Snoopy + Mickey,1344,144,1.2979165315628052
snoopy_mickey,Snoopy + Mickey,1344,145,1.2931534051895142
snoopy_mickey,Snoopy + Mickey,1344,146,1.2880668640136719
snoopy_mickey,Snoopy + Mickey,1344,147,1.279638409614563
snoopy_mickey,Snoopy + Mickey,1344,148,1.2772361040115356
snoopy_mickey,Snoopy + Mickey,1344,149,1.2671772241592407
snoopy_mickey,Snoopy + Mickey,1344,150,1.2620949745178223
snoopy_mickey,Snoopy + Mickey,1344,151,1.2542345523834229
snoopy_mickey,Snoopy + Mickey,1344,152,1.2501639127731323
snoopy_mickey,Snoopy + Mickey,1344,153,1.2350581884384155
snoopy_mickey,Snoopy + Mickey,1344,154,1.2220975160598755
snoopy_mickey,Snoopy + Mickey,1344,155,1.2165699005126953
snoopy_mickey,Snoopy + Mickey,1344,156,1.1993119716644287
snoopy_mickey,Snoopy + Mickey,1344,157,1.1931416988372803
snoopy_mickey,Snoopy + Mickey,1344,158,1.1862692832946777
snoopy_mickey,Snoopy + Mickey,1344,159,1.1836819648742676
snoopy_mickey,Snoopy + Mickey,1344,160,1.1754978895187378
snoopy_mickey,Snoopy + Mickey,1344,161,1.171980619430542
snoopy_mickey,Snoopy + Mickey,1344,162,1.1611835956573486
snoopy_mickey,Snoopy + Mickey,1344,163,1.1548408269882202
snoopy_mickey,Snoopy + Mickey,1344,164,1.1451597213745117
snoopy_mickey,Snoopy + Mickey,1344,165,1.1384543180465698
snoopy_mickey,Snoopy + Mickey,1344,166,1.1347084045410156
snoopy_mickey,Snoopy + Mickey,1344,167,1.1307408809661865
snoopy_mickey,Snoopy + Mickey,1344,168,1.1270956993103027
snoopy_mickey,Snoopy + Mickey,1344,169,1.1158263683319092
snoopy_mickey,Snoopy + Mickey,1344,170,1.102386474609375
snoopy_mickey,Snoopy + Mickey,1344,171,1.0982663631439209
snoopy_mickey,Snoopy + Mickey,1344,172,1.0954372882843018
snoopy_mickey,Snoopy + Mickey,1344,173,1.0907437801361084
snoopy_mickey,Snoopy + Mickey,1344,174,1.0803238153457642
snoopy_mickey,Snoopy + Mickey,1344,175,1.0766521692276001
snoopy_mickey,Snoopy + Mickey,1344,176,1.0704894065856934
snoopy_mickey,Snoopy + Mickey,1344,177,1.06330406665802
snoopy_mickey,Snoopy + Mickey,1344,178,1.0597456693649292
snoopy_mickey,Snoopy + Mickey,1344,179,1.0545170307159424
snoopy_mickey,Snoopy + Mickey,1344,180,1.0470227003097534
snoopy_mickey,Snoopy + Mickey,1344,181,1.0409073829650879
snoopy_mickey,Snoopy + Mickey,1344,182,1.0331594944000244
snoopy_mickey,Snoopy + Mickey,1344,183,1.0306050777435303
snoopy_mickey,Snoopy + Mickey,1344,184,1.0251941680908203
snoopy_mickey,Snoopy + Mickey,1344,185,1.0212132930755615
snoopy_mickey,Snoopy + Mickey,1344,186,1.0185016393661499
snoopy_mickey,Snoopy + Mickey,1344,187,1.0103659629821777
snoopy_mickey,Snoopy + Mickey,1344,188,1.0075370073318481
snoopy_mickey,Snoopy + Mickey,1344,189,0.99614053964614868
snoopy_mickey,Snoopy + Mickey,1344,190,0.99095726013183594
snoopy_mickey,Snoopy + Mickey,1344,191,0.98984509706497192
snoopy_mickey,Snoopy + Mickey,1344,192,0.98701953887939453
snoopy_mickey,Snoopy + Mickey,1344,193,0.97337085008621216
snoopy_mickey,Snoopy + Mickey,1344,194,0.97134071588516235
snoopy_mickey,Snoopy + Mickey,1344,195,0.96990793943405151
snoopy_mickey,Snoopy + Mickey,1344,196,0.96411556005477905
snoopy_mickey,Snoopy + Mickey,1344,197,0.95377522706985474
snoopy_mickey,Snoopy + Mickey,1344,198,0.94871705770492554
snoopy_mickey,Snoopy + Mickey,1344,199,0.94505643844604492
snoopy_mickey,Snoopy + Mickey,1344,200,0.94165515899658203
snoopy_mickey,Snoopy + Mickey,1344,201,0.9342350959777832
snoopy_mickey,Snoopy + Mickey,1344,202,0.92993170022964478
snoopy_mickey,Snoopy + Mickey,1344,203,0.92441928386688232
snoopy_mickey,Snoopy + Mickey,1344,204,0.91740012168884277
snoopy_mickey,Snoopy + Mickey,1344,205,0.91007536649703979
snoopy_mickey,Snoopy + Mickey,1344,206,0.9060133695602417
snoopy_mickey,Snoopy + Mickey,1344,207,0.90006494522094727
snoopy_mickey,Snoopy + Mickey,1344,208,0.89646041393280029
snoopy_mickey,Snoopy + Mickey,1344,209,0.89520221948623657
snoopy_mickey,Snoopy + Mickey,1344,210,0.88920992612838745
snoopy_mickey,Snoopy + Mickey,1344,211,0.88472509384155273
snoopy_mickey,Snoopy + Mickey,1344,212,0.87912696599960327
snoopy_mickey,Snoopy + Mickey,1344,213,0.87352192401885986
snoopy_mickey,Snoopy + Mickey,1344,214,0.8702770471572876
snoopy_mickey,Snoopy + Mickey,1344,215,0.86222338676452637
snoopy_mickey,Snoopy + Mickey,1344,216,0.86136674880981445
snoopy_mickey,Snoopy + Mickey,1344,217,0.85847067832946777
snoopy_mickey,Snoopy + Mickey,1344,218,0.85411363840103149
snoopy_mickey,Snoopy + Mickey,1344,219,0.84750694036483765
snoopy_mickey,Snoopy + Mickey,1344,220,0.84180212020874023
snoopy_mickey,Snoopy + Mickey,1344,221,0.83791834115982056
snoopy_mickey,Snoopy + Mickey,1344,222,0.83502000570297241
snoopy_mickey,Snoopy + Mickey,1344,223,0.83205604553222656
snoopy_mickey,Snoopy + Mickey,1344,224,0.82761979103088379
snoopy_mickey,Snoopy + Mickey,1344,225,0.82644176483154297
snoopy_mickey,Snoopy + Mickey,1344,226,0.82056015729904175
snoopy_mickey,Snoopy + Mickey,1344,227,0.81846678256988525
snoopy_mickey,Snoopy + Mickey,1344,228,0.81241899728775024
snoopy_mickey,Snoopy + Mickey,1344,229,0.81030547618865967
snoopy_mickey,Snoopy + Mickey,1344,230,0.80374759435653687
snoopy_mickey,Snoopy + Mickey,1344,231,0.79624229669570923
snoopy_mickey,Snoopy + Mickey,1344,232,0.78988653421401978
snoopy_mickey,Snoopy + Mickey,1344,233,0.78395318984985352
snoopy_mickey,Snoopy + Mickey,1344,234,0.78203940391540527
snoopy_mickey,Snoopy + Mickey,1344,235,0.7809721827507019
snoopy_mickey,Snoopy + Mickey,1344,236,0.7763904333114624
snoopy_mickey,Snoopy + Mickey,1344,237,0.76920384168624878
snoopy_mickey,Snoopy + Mickey,1344,238,0.76716995239257812
snoopy_mickey,Snoopy + Mickey,1344,239,0.76331126689910889
snoopy_mickey,Snoopy + Mickey,1344,240,0.75941675901412964
snoopy_mickey,Snoopy + Mickey,1344,241,0.7581903338432312
snoopy_mickey,Snoopy + Mickey,1344,242,0.75230139493942261
snoopy_mickey,Snoopy + Mickey,1344,243,0.74963968992233276
snoopy_mickey,Snoopy + Mickey,1344,244,0.7457088828086853
snoopy_mickey,Snoopy + Mickey,1344,245,0.74180501699447632
snoopy_mickey,Snoopy + Mickey,1344,246,0.73791962862014771
snoopy_mickey,Snoopy + Mickey,1344,247,0.73579198122024536
snoopy_mickey,Snoopy + Mickey,1344,248,0.73068302869796753
snoopy_mickey,Snoopy + Mickey,1344,249,0.724098801612854
snoopy_mickey,Snoopy + Mickey,1344,250,0.72163933515548706
snoopy_mickey,Snoopy + Mickey,1344,251,0.71986931562423706
snoopy_mickey,Snoopy + Mickey,1344,252,0.71570503711700439
snoopy_mickey,Snoopy + Mickey,1344,253,0.71314597129821777
snoopy_mickey,Snoopy + Mickey,1344,254,0.71184062957763672
snoopy_mickey,Snoopy + Mickey,1344,255,0.70517712831497192
snoopy_mickey,Snoopy + Mickey,1344,256,0.70228374004364014
snoopy_mickey,Snoopy + Mickey,1344,257,0.69641900062561035
snoopy_mickey,Snoopy + Mickey,1344,258,0.69059228897094727
snoopy_mickey,Snoopy + Mickey,1344,259,0.68750971555709839
snoopy_mickey,Snoopy + Mickey,1344,260,0.68439221382141113
snoopy_mickey,Snoopy + Mickey,1344,261,0.6799924373626709
snoopy_mickey,Snoopy + Mickey,1344,262,0.67971146106719971
snoopy_mickey,Snoopy + Mickey,1344,263,0.67752546072006226
snoopy_mickey,Snoopy + Mickey,1344,264,0.675986647605896
snoopy_mickey,Snoopy + Mickey,1344,265,0.66866785287857056
snoopy_mickey,Snoopy + Mickey,1344,266,0.66799169778823853
snoopy_mickey,Snoopy + Mickey,1344,267,0.66522407531738281
snoopy_mickey,Snoopy + Mickey,1344,268,0.66006624698638916
snoopy_mickey,Snoopy + Mickey,1344,269,0.65810996294021606
snoopy_mickey,Snoopy + Mickey,1344,270,0.65465468168258667
snoopy_mickey,Snoopy + Mickey,1344,271,0.64842325448989868
snoopy_mickey,Snoopy + Mickey,1344,272,0.64480596780776978
snoopy_mickey,Snoopy + Mickey,1344,273,0.64133322238922119
snoopy_mickey,Snoopy + Mickey,1344,274,0.63953077793121338
snoopy_mickey,Snoopy + Mickey,1344,275,0.6341550350189209
snoopy_mickey,Snoopy + Mickey,1344,276,0.63176935911178589
snoopy_mickey,Snoopy + Mickey,1344,277,0.62735772132873535
snoopy_mickey,Snoopy + Mickey,1344,278,0.62430238723754883
snoopy_mickey,Snoopy + Mickey,1344,279,0.62323004007339478
snoopy_mickey,Snoopy + Mickey,1344,280,0.6210625171661377
snoopy_mickey,Snoopy + Mickey,1344,281,0.6179957389831543
snoopy_mickey,Snoopy + Mickey,1344,282,0.61652553081512451
snoopy_mickey,Snoopy + Mickey,1344,283,0.60879921913146973
snoopy_mickey,Snoopy + Mickey,1344,284,0.60715103149414062
snoopy_mickey,Snoopy + Mickey,1344,285,0.60518842935562134
snoopy_mickey,Snoopy + Mickey,1344,286,0.60357332229614258
snoopy_mickey,Snoopy + Mickey,1344,287,0.60128325223922729
snoopy_mickey,Snoopy + Mickey,1344,288,0.60094612836837769
snoopy_mickey,Snoopy + Mickey,1344,289,0.59732061624526978
snoopy_mickey,Snoopy + Mickey,1344,290,0.59593296051025391
snoopy_mickey,Snoopy + Mickey,1344,291,0.59243083000183105
snoopy_mickey,Snoopy + Mickey,1344,292,0.59025615453720093
snoopy_mickey,Snoopy + Mickey,1344,293,0.58481055498123169
snoopy_mickey,Snoopy + Mickey,1344,294,0.58410513401031494
snoopy_mickey,Snoopy + Mickey,1344,295,0.57815873622894287
snoopy_mickey,Snoopy + Mickey,1344,296,0.57778561115264893
snoopy_mickey,Snoopy + Mickey,1344,297,0.57207280397415161
snoopy_mickey,Snoopy + Mickey,1344,298,0.57073086500167847
snoopy_mickey,Snoopy + Mickey,1344,299,0.56710869073867798
snoopy_mickey,Snoopy + Mickey,1344,300,0.56440049409866333
snoopy_mickey,Snoopy + Mickey,1344,301,0.5608486533164978
snoopy_mickey,Snoopy + Mickey,1344,302,0.55740690231323242
snoopy_mickey,Snoopy + Mickey,1344,303,0.55609577894210815
snoopy_mickey,Snoopy + Mickey,1344,304,0.55267566442489624
snoopy_mickey,Snoopy + Mickey,1344,305,0.55092626810073853
snoopy_mickey,Snoopy + Mickey,1344,306,0.54863595962524414
snoopy_mickey,Snoopy + Mickey,1344,307,0.54525542259216309
snoopy_mickey,Snoopy + Mickey,1344,308,0.5421174168586731
snoopy_mickey,Snoopy + Mickey,1344,309,0.53973239660263062
snoopy_mickey,Snoopy + Mickey,1344,310,0.53417527675628662
snoopy_mickey,Snoopy + Mickey,1344,311,0.53327792882919312
snoopy_mickey,Snoopy + Mickey,1344,312,0.53124004602432251
snoopy_mickey,Snoopy + Mickey,1344,313,0.5285910964012146
snoopy_mickey,Snoopy + Mickey,1344,314,0.52452510595321655
snoopy_mickey,Snoopy + Mickey,1344,315,0.52186059951782227
snoopy_mickey,Snoopy + Mickey,1344,316,0.51793456077575684
snoopy_mickey,Snoopy + Mickey,1344,317,0.51586735248565674
snoopy_mickey,Snoopy + Mickey,1344,318,0.51269012689590454
snoopy_mickey,Snoopy + Mickey,1344,319,0.51071417331695557
snoopy_mickey,Snoopy + Mickey,1344,320,0.50724047422409058
snoopy_mickey,Snoopy + Mickey,1344,321,0.50662517547607422
snoopy_mickey,Snoopy + Mickey,1344,322,0.50334972143173218
snoopy_mickey,Snoopy + Mickey,1344,323,0.50290918350219727
snoopy_mickey,Snoopy + Mickey,1344,324,0.50072783231735229
snoopy_mickey,Snoopy + Mickey,1344,325,0.49963760375976562
snoopy_mickey,Snoopy + Mickey,1344,326,0.49672836065292358
snoopy_mickey,Snoopy + Mickey,1344,327,0.49357554316520691
snoopy_mickey,Snoopy + Mickey,1344,328,0.49237546324729919
snoopy_mickey,Snoopy + Mickey,1344,329,0.48789340257644653
snoopy_mickey,Snoopy + Mickey,1344,330,0.48528441786766052
snoopy_mickey,Snoopy + Mickey,1344,331,0.48416376113891602
snoopy_mickey,Snoopy + Mickey,1344,332,0.47968930006027222
snoopy_mickey,Snoopy + Mickey,1344,333,0.47892409563064575
snoopy_mickey,Snoopy + Mickey,1344,334,0.47623813152313232
snoopy_mickey,Snoopy + Mickey,1344,335,0.47380059957504272
snoopy_mickey,Snoopy + Mickey,1344,336,0.47169548273086548
snoopy_mickey,Snoopy + Mickey,1344,337,0.47074896097183228
snoopy_mickey,Snoopy + Mickey,1344,338,0.46928921341896057
snoopy_mickey,Snoopy + Mickey,1344,339,0.46844547986984253
snoopy_mickey,Snoopy + Mickey,1344,340,0.46384328603744507
snoopy_mickey,Snoopy + Mickey,1344,341,0.46244123578071594
snoopy_mickey,Snoopy + Mickey,1344,342,0.46001419425010681
snoopy_mickey,Snoopy + Mickey,1344,343,0.45669174194335938
snoopy_mickey,Snoopy + Mickey,1344,344,0.45444875955581665
snoopy_mickey,Snoopy + Mickey,1344,345,0.45363306999206543
snoopy_mickey,Snoopy + Mickey,1344,346,0.45086187124252319
snoopy_mickey,Snoopy + Mickey,1344,347,0.44873276352882385
snoopy_mickey,Snoopy + Mickey,1344,348,0.4468187689781189
snoopy_mickey,Snoopy + Mickey,1344,349,0.44500726461410522
snoopy_mickey,Snoopy + Mickey,1344,350,0.44217684864997864
snoopy_mickey,Snoopy + Mickey,1344,351,0.43945780396461487
snoopy_mickey,Snoopy + Mickey,1344,352,0.43832683563232422
snoopy_mickey,Snoopy + Mickey,1344,353,0.43538913130760193
snoopy_mickey,Snoopy + Mickey,1344,354,0.43362602591514587
snoopy_mickey,Snoopy + Mickey,1344,355,0.43027833104133606
snoopy_mickey,Snoopy + Mickey,1344,356,0.42797520756721497
snoopy_mickey,Snoopy + Mickey,1344,357,0.42572534084320068
snoopy_mickey,Snoopy + Mickey,1344,358,0.42367100715637207
snoopy_mickey,Snoopy + Mickey,1344,359,0.42180916666984558
snoopy_mickey,Snoopy + Mickey,1344,360,0.41892427206039429
snoopy_mickey,Snoopy + Mickey,1344,361,0.41817477345466614
snoopy_mickey,Snoopy + Mickey,1344,362,0.41573303937911987
snoopy_mickey,Snoopy + Mickey,1344,363,0.41440293192863464
snoopy_mickey,Snoopy + Mickey,1344,364,0.41204544901847839
snoopy_mickey,Snoopy + Mickey,1344,365,0.40984705090522766
snoopy_mickey,Snoopy + Mickey,1344,366,0.40713256597518921
snoopy_mickey,Snoopy + Mickey,1344,367,0.40549033880233765
snoopy_mickey,Snoopy + Mickey,1344,368,0.40228191018104553
snoopy_mickey,Snoopy + Mickey,1344,369,0.40116694569587708
snoopy_mickey,Snoopy + Mickey,1344,370,0.39966422319412231
snoopy_mickey,Snoopy + Mickey,1344,371,0.39789661765098572
snoopy_mickey,Snoopy + Mickey,1344,372,0.39731675386428833
snoopy_mickey,Snoopy + Mickey,1344,373,0.39358919858932495
snoopy_mickey,Snoopy + Mickey,1344,374,0.39190173149108887
snoopy_mickey,Snoopy + Mickey,1344,375,0.38919457793235779
snoopy_mickey,Snoopy + Mickey,1344,376,0.38835838437080383
snoopy_mickey,Snoopy + Mickey,1344,377,0.38711938261985779
snoopy_mickey,Snoopy + Mickey,1344,378,0.38401332497596741
snoopy_mickey,Snoopy + Mickey,1344,379,0.38281890749931335
snoopy_mickey,Snoopy + Mickey,1344,380,0.38023394346237183
snoopy_mickey,Snoopy + Mickey,1344,381,0.37791162729263306
snoopy_mickey,Snoopy + Mickey,1344,382,0.37686988711357117
snoopy_mickey,Snoopy + Mickey,1344,383,0.37558043003082275
snoopy_mickey,Snoopy + Mickey,1344,384,0.37394869327545166
snoopy_mickey,Snoopy + Mickey,1344,385,0.37227213382720947
snoopy_mickey,Snoopy + Mickey,1344,386,0.37031105160713196
snoopy_mickey,Snoopy + Mickey,1344,387,0.36934182047843933
snoopy_mickey,Snoopy + Mickey,1344,388,0.36701560020446777
snoopy_mickey,Snoopy + Mickey,1344,389,0.36410099267959595
snoopy_mickey,Snoopy + Mickey,1344,390,0.36184403300285339
snoopy_mickey,Snoopy + Mickey,1344,391,0.36141058802604675
snoopy_mickey,Snoopy + Mickey,1344,392,0.36017137765884399
snoopy_mickey,Snoopy + Mickey,1344,393,0.35958704352378845
snoopy_mickey,Snoopy + Mickey,1344,394,0.35683631896972656
snoopy_mickey,Snoopy + Mickey,1344,395,0.35591453313827515
snoopy_mickey,Snoopy + Mickey,1344,396,0.35431221127510071
snoopy_mickey,Snoopy + Mickey,1344,397,0.35166651010513306
snoopy_mickey,Snoopy + Mickey,1344,398,0.35103216767311096
snoopy_mickey,Snoopy + Mickey,1344,399,0.34973388910293579
snoopy_mickey,Snoopy + Mickey,1344,400,0.34690770506858826
snoopy_mickey,Snoopy + Mickey,1344,401,0.34307891130447388
snoopy_mickey,Snoopy + Mickey,1344,402,0.34251990914344788
snoopy_mickey,Snoopy + Mickey,1344,403,0.34101802110671997
snoopy_mickey,Snoopy + Mickey,1344,404,0.33949354290962219
snoopy_mickey,Snoopy + Mickey,1344,405,0.337848961353302
snoopy_mickey,Snoopy + Mickey,1344,406,0.33664435148239136
snoopy_mickey,Snoopy + Mickey,1344,407,0.33520472049713135
snoopy_mickey,Snoopy + Mickey,1344,408,0.33326816558837891
snoopy_mickey,Snoopy + Mickey,1344,409,0.332511305809021
snoopy_mickey,Snoopy + Mickey,1344,410,0.33192873001098633
snoopy_mickey,Snoopy + Mickey,1344,411,0.32885432243347168
snoopy_mickey,Snoopy + Mickey,1344,412,0.3281075656414032
snoopy_mickey,Snoopy + Mickey,1344,413,0.3255707323551178
snoopy_mickey,Snoopy + Mickey,1344,414,0.32353514432907104
snoopy_mickey,Snoopy + Mickey,1344,415,0.32227835059165955
snoopy_mickey,Snoopy + Mickey,1344,416,0.3212716281414032
snoopy_mickey,Snoopy + Mickey,1344,417,0.32027524709701538
snoopy_mickey,Snoopy + Mickey,1344,418,0.31956511735916138
snoopy_mickey,Snoopy + Mickey,1344,419,0.31827247142791748
snoopy_mickey,Snoopy + Mickey,1344,420,0.31588193774223328
snoopy_mickey,Snoopy + Mickey,1344,421,0.31462442874908447
snoopy_mickey,Snoopy + Mickey,1344,422,0.31280231475830078
snoopy_mickey,Snoopy + Mickey,1344,423,0.31103500723838806
snoopy_mickey,Snoopy + Mickey,1344,424,0.30997231602668762
snoopy_mickey,Snoopy + Mickey,1344,425,0.3066619336605072
snoopy_mickey,Snoopy + Mickey,1344,426,0.30588564276695251
snoopy_mickey,Snoopy + Mickey,1344,427,0.30572390556335449
snoopy_mickey,Snoopy + Mickey,1344,428,0.30271962285041809
snoopy_mickey,Snoopy + Mickey,1344,429,0.30208474397659302
snoopy_mickey,Snoopy + Mickey,1344,430,0.3008391261100769
snoopy_mickey,Snoopy + Mickey,1344,431,0.2971900999546051
snoopy_mickey,Snoopy + Mickey,1344,432,0.29661297798156738
snoopy_mickey,Snoopy + Mickey,1344,433,0.29656332731246948
snoopy_mickey,Snoopy + Mickey,1344,434,0.29444414377212524
snoopy_mickey,Snoopy + Mickey,1344,435,0.29087182879447937
snoopy_mickey,Snoopy + Mickey,1344,436,0.29001408815383911
snoopy_mickey,Snoopy + Mickey,1344,437,0.28915446996688843
snoopy_mickey,Snoopy + Mickey,1344,438,0.28853651881217957
snoopy_mickey,Snoopy + Mickey,1344,439,0.28539818525314331
snoopy_mickey,Snoopy + Mickey,1344,440,0.28449955582618713
snoopy_mickey,Snoopy + Mickey,1344,441,0.282734215259552
snoopy_mickey,Snoopy + Mickey,1344,442,0.28191456198692322
snoopy_mickey,Snoopy + Mickey,1344,443,0.28140205144882202
snoopy_mickey,Snoopy + Mickey,1344,444,0.28037184476852417
snoopy_mickey,Snoopy + Mickey,1344,445,0.27870720624923706
snoopy_mickey,Snoopy + Mickey,1344,446,0.27668449282646179
snoopy_mickey,Snoopy + Mickey,1344,447,0.27595630288124084
snoopy_mickey,Snoopy + Mickey,1344,448,0.27333417534828186
snoopy_mickey,Snoopy + Mickey,1344,449,0.27276498079299927
snoopy_mickey,Snoopy + Mickey,1344,450,0.27126955986022949
snoopy_mickey,Snoopy + Mickey,1344,451,0.2699221670627594
snoopy_mickey,Snoopy + Mickey,1344,452,0.2676301896572113
snoopy_mickey,Snoopy + Mickey,1344,453,0.26664808392524719
snoopy_mickey,Snoopy + Mickey,1344,454,0.26569762825965881
snoopy_mickey,Snoopy + Mickey,1344,455,0.26343730092048645
snoopy_mickey,Snoopy + Mickey,1344,456,0.26257738471031189
snoopy_mickey,Snoopy + Mickey,1344,457,0.26090732216835022
snoopy_mickey,Snoopy + Mickey,1344,458,0.25996986031532288
snoopy_mickey,Snoopy + Mickey,1344,459,0.25877237319946289
snoopy_mickey,Snoopy + Mickey,1344,460,0.25794476270675659
snoopy_mickey,Snoopy + Mickey,1344,461,0.25592899322509766
snoopy_mickey,Snoopy + Mickey,1344,462,0.25455999374389648
snoopy_mickey,Snoopy + Mickey,1344,463,0.25394716858863831
snoopy_mickey,Snoopy + Mickey,1344,464,0.25205808877944946
snoopy_mickey,Snoopy + Mickey,1344,465,0.25130641460418701
snoopy_mickey,Snoopy + Mickey,1344,466,0.24841025471687317
snoopy_mickey,Snoopy + Mickey,1344,467,0.24760423600673676
snoopy_mickey,Snoopy + Mickey,1344,468,0.24695402383804321
snoopy_mickey,Snoopy + Mickey,1344,469,0.24640856683254242
snoopy_mickey,Snoopy + Mickey,1344,470,0.24418686330318451
snoopy_mickey,Snoopy + Mickey,1344,471,0.24284003674983978
snoopy_mickey,Snoopy + Mickey,1344,472,0.24122881889343262
snoopy_mickey,Snoopy + Mickey,1344,473,0.24036425352096558
snoopy_mickey,Snoopy + Mickey,1344,474,0.23899747431278229
snoopy_mickey,Snoopy + Mickey,1344,475,0.23827473819255829
snoopy_mickey,Snoopy + Mickey,1344,476,0.23698703944683075
snoopy_mickey,Snoopy + Mickey,1344,477,0.23688212037086487
snoopy_mickey,Snoopy + Mickey,1344,478,0.2355109304189682
snoopy_mickey,Snoopy + Mickey,1344,479,0.23440669476985931
snoopy_mickey,Snoopy + Mickey,1344,480,0.23264825344085693
snoopy_mickey,Snoopy + Mickey,1344,481,0.23079401254653931
snoopy_mickey,Snoopy + Mickey,1344,482,0.23022203147411346
snoopy_mickey,Snoopy + Mickey,1344,483,0.22966167330741882
snoopy_mickey,Snoopy + Mickey,1344,484,0.22712264955043793
snoopy_mickey,Snoopy + Mickey,1344,485,0.22665002942085266
snoopy_mickey,Snoopy + Mickey,1344,486,0.22525796294212341
snoopy_mickey,Snoopy + Mickey,1344,487,0.22428721189498901
snoopy_mickey,Snoopy + Mickey,1344,488,0.22366845607757568
snoopy_mickey,Snoopy + Mickey,1344,489,0.22220739722251892
snoopy_mickey,Snoopy + Mickey,1344,490,0.22169728577136993
snoopy_mickey,Snoopy + Mickey,1344,491,0.22073344886302948
snoopy_mickey,Snoopy + Mickey,1344,492,0.22003939747810364
snoopy_mickey,Snoopy + Mickey,1344,493,0.2188299149274826
snoopy_mickey,Snoopy + Mickey,1344,494,0.2162645012140274
snoopy_mickey,Snoopy + Mickey,1344,495,0.21597284078598022
snoopy_mickey,Snoopy + Mickey,1344,496,0.21525804698467255
snoopy_mickey,Snoopy + Mickey,1344,497,0.2129400372505188
snoopy_mickey,Snoopy + Mickey,1344,498,0.21192547678947449
snoopy_mickey,Snoopy + Mickey,1344,499,0.21120232343673706
snoopy_mickey,Snoopy + Mickey,1344,500,0.20964120328426361
snoopy_mickey,Snoopy + Mickey,1344,501,0.20915995538234711
snoopy_mickey,Snoopy + Mickey,1344,502,0.20794551074504852
snoopy_mickey,Snoopy + Mickey,1344,503,0.20772141218185425
snoopy_mickey,Snoopy + Mickey,1344,504,0.20444898307323456
snoopy_mickey,Snoopy + Mickey,1344,505,0.20391297340393066
snoopy_mickey,Snoopy + Mickey,1344,506,0.20232021808624268
snoopy_mickey,Snoopy + Mickey,1344,507,0.20159776508808136
snoopy_mickey,Snoopy + Mickey,1344,508,0.20002000033855438
snoopy_mickey,Snoopy + Mickey,1344,509,0.19980867207050323
snoopy_mickey,Snoopy + Mickey,1344,510,0.19909386336803436
snoopy_mickey,Snoopy + Mickey,1344,511,0.19812634587287903
snoopy_mickey,Snoopy + Mickey,1344,512,0.19601263105869293
snoopy_mickey,Snoopy + Mickey,1344,513,0.19504697620868683
snoopy_mickey,Snoopy + Mickey,1344,514,0.19439016282558441
snoopy_mickey,Snoopy + Mickey,1344,515,0.1927834153175354
snoopy_mickey,Snoopy + Mickey,1344,516,0.19263239204883575
snoopy_mickey,Snoopy + Mickey,1344,517,0.19089742004871368
snoopy_mickey,Snoopy + Mickey,1344,518,0.19034864008426666
snoopy_mickey,Snoopy + Mickey,1344,519,0.18865084648132324
snoopy_mickey,Snoopy + Mickey,1344,520,0.18716056644916534
snoopy_mickey,Snoopy + Mickey,1344,521,0.1855366975069046
snoopy_mickey,Snoopy + Mickey,1344,522,0.18486002087593079
snoopy_mickey,Snoopy + Mickey,1344,523,0.18438300490379333
snoopy_mickey,Snoopy + Mickey,1344,524,0.18297770619392395
snoopy_mickey,Snoopy + Mickey,1344,525,0.1821640282869339
snoopy_mickey,Snoopy + Mickey,1344,526,0.18135882914066315
snoopy_mickey,Snoopy + Mickey,1344,527,0.18008874356746674
snoopy_mickey,Snoopy + Mickey,1344,528,0.17921414971351624
snoopy_mickey,Snoopy + Mickey,1344,529,0.17834311723709106
snoopy_mickey,Snoopy + Mickey,1344,530,0.17763069272041321
snoopy_mickey,Snoopy + Mickey,1344,531,0.17682881653308868
snoopy_mickey,Snoopy + Mickey,1344,532,0.1759917289018631
snoopy_mickey,Snoopy + Mickey,1344,533,0.17459641396999359
snoopy_mickey,Snoopy + Mickey,1344,534,0.17347340285778046
snoopy_mickey,Snoopy + Mickey,1344,535,0.17278383672237396
snoopy_mickey,Snoopy + Mickey,1344,536,0.17191775143146515
snoopy_mickey,Snoopy + Mickey,1344,537,0.17058597505092621
snoopy_mickey,Snoopy + Mickey,1344,538,0.17005807161331177
snoopy_mickey,Snoopy + Mickey,1344,539,0.1699659675359726
snoopy_mickey,Snoopy + Mickey,1344,540,0.16787151992321014
snoopy_mickey,Snoopy + Mickey,1344,541,0.16696485877037048
snoopy_mickey,Snoopy + Mickey,1344,542,0.16594001650810242
snoopy_mickey,Snoopy + Mickey,1344,543,0.1645732969045639
snoopy_mickey,Snoopy + Mickey,1344,544,0.16327667236328125
snoopy_mickey,Snoopy + Mickey,1344,545,0.16218775510787964
snoopy_mickey,Snoopy + Mickey,1344,546,0.16164843738079071
snoopy_mickey,Snoopy + Mickey,1344,547,0.16108506917953491
snoopy_mickey,Snoopy + Mickey,1344,548,0.16005592048168182
snoopy_mickey,Snoopy + Mickey,1344,549,0.15925362706184387
snoopy_mickey,Snoopy + Mickey,1344,550,0.15850020945072174
snoopy_mickey,Snoopy + Mickey,1344,551,0.15768712759017944
snoopy_mickey,Snoopy + Mickey,1344,552,0.1570284515619278
snoopy_mickey,Snoopy + Mickey,1344,553,0.15563803911209106
snoopy_mickey,Snoopy + Mickey,1344,554,0.15506672859191895
snoopy_mickey,Snoopy + Mickey,1344,555,0.1543707549571991
snoopy_mickey,Snoopy + Mickey,1344,556,0.15175296366214752
snoopy_mickey,Snoopy + Mickey,1344,557,0.15121732652187347
snoopy_mickey,Snoopy + Mickey,1344,558,0.14985831081867218
snoopy_mickey,Snoopy + Mickey,1344,559,0.1491626501083374
snoopy_mickey,Snoopy + Mickey,1344,560,0.14896607398986816
snoopy_mickey,Snoopy + Mickey,1344,561,0.14843656122684479
snoopy_mickey,Snoopy + Mickey,1344,562,0.14819805324077606
snoopy_mickey,Snoopy + Mickey,1344,563,0.1470569372177124
snoopy_mickey,Snoopy + Mickey,1344,564,0.14580948650836945
snoopy_mickey,Snoopy + Mickey,1344,565,0.14499430358409882
snoopy_mickey,Snoopy + Mickey,1344,566,0.14477582275867462
snoopy_mickey,Snoopy + Mickey,1344,567,0.14322948455810547
snoopy_mickey,Snoopy + Mickey,1344,568,0.14293864369392395
snoopy_mickey,Snoopy + Mickey,1344,569,0.14114414155483246
snoopy_mickey,Snoopy + Mickey,1344,570,0.13997346162796021
snoopy_mickey,Snoopy + Mickey,1344,571,0.13952778279781342
snoopy_mickey,Snoopy + Mickey,1344,572,0.13912701606750488
snoopy_mickey,Snoopy + Mickey,1344,573,0.13708379864692688
snoopy_mickey,Snoopy + Mickey,1344,574,0.13693182170391083
snoopy_mickey,Snoopy + Mickey,1344,575,0.13621118664741516
snoopy_mickey,Snoopy + Mickey,1344,576,0.13469792902469635
snoopy_mickey,Snoopy + Mickey,1344,577,0.13427187502384186
snoopy_mickey,Snoopy + Mickey,1344,578,0.13386571407318115
snoopy_mickey,Snoopy + Mickey,1344,579,0.1332935243844986
snoopy_mickey,Snoopy + Mickey,1344,580,0.13295166194438934
snoopy_mickey,Snoopy + Mickey,1344,581,0.13207101821899414
snoopy_mickey,Snoopy + Mickey,1344,582,0.13015057146549225
snoopy_mickey,Snoopy + Mickey,1344,583,0.12930929660797119
snoopy_mickey,Snoopy + Mickey,1344,584,0.12856557965278625
snoopy_mickey,Snoopy + Mickey,1344,585,0.12830530107021332
snoopy_mickey,Snoopy + Mickey,1344,586,0.12720222771167755
snoopy_mickey,Snoopy + Mickey,1344,587,0.12681792676448822
snoopy_mickey,Snoopy + Mickey,1344,588,0.12608060240745544
snoopy_mickey,Snoopy + Mickey,1344,589,0.1249195784330368
snoopy_mickey,Snoopy + Mickey,1344,590,0.12387603521347046
snoopy_mickey,Snoopy + Mickey,1344,591,0.12334544956684113
snoopy_mickey,Snoopy + Mickey,1344,592,0.1226297989487648
snoopy_mickey,Snoopy + Mickey,1344,593,0.12261196970939636
snoopy_mickey,Snoopy + Mickey,1344,594,0.12110493332147598
snoopy_mickey,Snoopy + Mickey,1344,595,0.12069706618785858
snoopy_mickey,Snoopy + Mickey,1344,596,0.1204114630818367
snoopy_mickey,Snoopy + Mickey,1344,597,0.12004190683364868
snoopy_mickey,Snoopy + Mickey,1344,598,0.11902079731225967
snoopy_mickey,Snoopy + Mickey,1344,599,0.11852969229221344
snoopy_mickey,Snoopy + Mickey,1344,600,0.11750038713216782
snoopy_mickey,Snoopy + Mickey,1344,601,0.11705835163593292
snoopy_mickey,Snoopy + Mickey,1344,602,0.11663313955068588
snoopy_mickey,Snoopy + Mickey,1344,603,0.11513379961252213
snoopy_mickey,Snoopy + Mickey,1344,604,0.11504656076431274
snoopy_mickey,Snoopy + Mickey,1344,605,0.1146116703748703
snoopy_mickey,Snoopy + Mickey,1344,606,0.11388357728719711
snoopy_mickey,Snoopy + Mickey,1344,607,0.11304304003715515
snoopy_mickey,Snoopy + Mickey,1344,608,0.1123860627412796
snoopy_mickey,Snoopy + Mickey,1344,609,0.11089744418859482
snoopy_mickey,Snoopy + Mickey,1344,610,0.11054249852895737
snoopy_mickey,Snoopy + Mickey,1344,611,0.109918013215065
snoopy_mickey,Snoopy + Mickey,1344,612,0.10896285623311996
snoopy_mickey,Snoopy + Mickey,1344,613,0.10853084921836853
snoopy_mickey,Snoopy + Mickey,1344,614,0.10797889530658722
snoopy_mickey,Snoopy + Mickey,1344,615,0.10715781152248383
snoopy_mickey,Snoopy + Mickey,1344,616,0.10536190122365952
snoopy_mickey,Snoopy + Mickey,1344,617,0.10483375936746597
snoopy_mickey,Snoopy + Mickey,1344,618,0.10439117252826691
snoopy_mickey,Snoopy + Mickey,1344,619,0.10404892265796661
snoopy_mickey,Snoopy + Mickey,1344,620,0.10353179275989532
snoopy_mickey,Snoopy + Mickey,1344,621,0.10232189297676086
snoopy_mickey,Snoopy + Mickey,1344,622,0.10169120132923126
snoopy_mickey,Snoopy + Mickey,1344,623,0.10127203911542892
snoopy_mickey,Snoopy + Mickey,1344,624,0.1002655029296875
snoopy_mickey,Snoopy + Mickey,1344,625,0.099814899265766144
snoopy_mickey,Snoopy + Mickey,1344,626,0.099336698651313782
snoopy_mickey,Snoopy + Mickey,1344,627,0.099041566252708435
snoopy_mickey,Snoopy + Mickey,1344,628,0.098325908184051514
snoopy_mickey,Snoopy + Mickey,1344,629,0.098077140748500824
snoopy_mickey,Snoopy + Mickey,1344,630,0.096769824624061584
snoopy_mickey,Snoopy + Mickey,1344,631,0.09628574550151825
snoopy_mickey,Snoopy + Mickey,1344,632,0.096061088144779205
snoopy_mickey,Snoopy + Mickey,1344,633,0.095043621957302094
snoopy_mickey,Snoopy + Mickey,1344,634,0.094507887959480286
snoopy_mickey,Snoopy + Mickey,1344,635,0.094117268919944763
snoopy_mickey,Snoopy + Mickey,1344,636,0.092510975897312164
snoopy_mickey,Snoopy + Mickey,1344,637,0.092061556875705719
snoopy_mickey,Snoopy + Mickey,1344,638,0.091639056801795959
snoopy_mickey,Snoopy + Mickey,1344,639,0.09048529714345932
snoopy_mickey,Snoopy + Mickey,1344,640,0.089562930166721344
snoopy_mickey,Snoopy + Mickey,1344,641,0.088928140699863434
snoopy_mickey,Snoopy + Mickey,1344,642,0.088521756231784821
snoopy_mickey,Snoopy + Mickey,1344,643,0.08802901953458786
snoopy_mickey,Snoopy + Mickey,1344,644,0.087630562484264374
snoopy_mickey,Snoopy + Mickey,1344,645,0.08676600456237793
snoopy_mickey,Snoopy + Mickey,1344,646,0.08612525463104248
snoopy_mickey,Snoopy + Mickey,1344,647,0.085400238633155823
snoopy_mickey,Snoopy + Mickey,1344,648,0.085205473005771637
snoopy_mickey,Snoopy + Mickey,1344,649,0.083881199359893799
snoopy_mickey,Snoopy + Mickey,1344,650,0.083504140377044678
snoopy_mickey,Snoopy + Mickey,1344,651,0.083174511790275574
snoopy_mickey,Snoopy + Mickey,1344,652,0.082524709403514862
snoopy_mickey,Snoopy + Mickey,1344,653,0.081894464790821075
snoopy_mickey,Snoopy + Mickey,1344,654,0.081160910427570343
snoopy_mickey,Snoopy + Mickey,1344,655,0.080217912793159485
snoopy_mickey,Snoopy + Mickey,1344,656,0.079470530152320862
snoopy_mickey,Snoopy + Mickey,1344,657,0.078950174152851105
snoopy_mickey,Snoopy + Mickey,1344,658,0.078550584614276886
snoopy_mickey,Snoopy + Mickey,1344,659,0.078163228929042816
snoopy_mickey,Snoopy + Mickey,1344,660,0.077581994235515594
snoopy_mickey,Snoopy + Mickey,1344,661,0.077210240066051483
snoopy_mickey,Snoopy + Mickey,1344,662,0.076572507619857788
snoopy_mickey,Snoopy + Mickey,1344,663,0.075864985585212708
snoopy_mickey,Snoopy + Mickey,1344,664,0.075266830623149872
snoopy_mickey,Snoopy + Mickey,1344,665,0.074570395052433014
snoopy_mickey,Snoopy + Mickey,1344,666,0.074441805481910706
snoopy_mickey,Snoopy + Mickey,1344,667,0.073400430381298065
snoopy_mickey,Snoopy + Mickey,1344,668,0.072820223867893219
snoopy_mickey,Snoopy + Mickey,1344,669,0.072419755160808563
snoopy_mickey,Snoopy + Mickey,1344,670,0.071436434984207153
snoopy_mickey,Snoopy + Mickey,1344,671,0.0711241215467453
snoopy_mickey,Snoopy + Mickey,1344,672,0.070406690239906311
snoopy_mickey,Snoopy + Mickey,1344,673,0.069860532879829407
snoopy_mickey,Snoopy + Mickey,1344,674,0.068805314600467682
snoopy_mickey,Snoopy + Mickey,1344,675,0.068283133208751678
snoopy_mickey,Snoopy + Mickey,1344,676,0.06807728111743927
snoopy_mickey,Snoopy + Mickey,1344,677,0.067295871675014496
snoopy_mickey,Snoopy + Mickey,1344,678,0.067149348556995392
snoopy_mickey,Snoopy + Mickey,1344,679,0.066627949476242065
snoopy_mickey,Snoopy + Mickey,1344,680,0.065869845449924469
snoopy_mickey,Snoopy + Mickey,1344,681,0.065688304603099823
snoopy_mickey,Snoopy + Mickey,1344,682,0.06523595005273819
snoopy_mickey,Snoopy + Mickey,1344,683,0.065020062029361725
snoopy_mickey,Snoopy + Mickey,1344,684,0.064346127212047577
snoopy_mickey,Snoopy + Mickey,1344,685,0.064234033226966858
snoopy_mickey,Snoopy + Mickey,1344,686,0.063038744032382965
snoopy_mickey,Snoopy + Mickey,1344,687,0.062323726713657379
snoopy_mickey,Snoopy + Mickey,1344,688,0.061834361404180527
snoopy_mickey,Snoopy + Mickey,1344,689,0.061729062348604202
snoopy_mickey,Snoopy + Mickey,1344,690,0.061136547476053238
snoopy_mickey,Snoopy + Mickey,1344,691,0.060793023556470871
snoopy_mickey,Snoopy + Mickey,1344,692,0.060178622603416443
snoopy_mickey,Snoopy + Mickey,1344,693,0.059841744601726532
snoopy_mickey,Snoopy + Mickey,1344,694,0.058902055025100708
snoopy_mickey,Snoopy + Mickey,1344,695,0.058313306421041489
snoopy_mickey,Snoopy + Mickey,1344,696,0.057713557034730911
snoopy_mickey,Snoopy + Mickey,1344,697,0.057091608643531799
snoopy_mickey,Snoopy + Mickey,1344,698,0.056665431708097458
snoopy_mickey,Snoopy + Mickey,1344,699,0.056493237614631653
snoopy_mickey,Snoopy + Mickey,1344,700,0.055371504276990891
snoopy_mickey,Snoopy + Mickey,1344,701,0.055139072239398956
snoopy_mickey,Snoopy + Mickey,1344,702,0.053897358477115631
snoopy_mickey,Snoopy + Mickey,1344,703,0.053806517273187637
snoopy_mickey,Snoopy + Mickey,1344,704,0.053568746894598007
snoopy_mickey,Snoopy + Mickey,1344,705,0.052472442388534546
snoopy_mickey,Snoopy + Mickey,1344,706,0.052369862794876099
snoopy_mickey,Snoopy + Mickey,1344,707,0.05205763503909111
snoopy_mickey,Snoopy + Mickey,1344,708,0.051026873290538788
snoopy_mickey,Snoopy + Mickey,1344,709,0.050876270979642868
snoopy_mickey,Snoopy + Mickey,1344,710,0.050786178559064865
snoopy_mickey,Snoopy + Mickey,1344,711,0.049584843218326569
snoopy_mickey,Snoopy + Mickey,1344,712,0.049381915479898453
snoopy_mickey,Snoopy + Mickey,1344,713,0.048946592956781387
snoopy_mickey,Snoopy + Mickey,1344,714,0.048141833394765854
snoopy_mickey,Snoopy + Mickey,1344,715,0.047575268894433975
snoopy_mickey,Snoopy + Mickey,1344,716,0.047504950314760208
snoopy_mickey,Snoopy + Mickey,1344,717,0.047091487795114517
snoopy_mickey,Snoopy + Mickey,1344,718,0.046117357909679413
snoopy_mickey,Snoopy + Mickey,1344,719,0.045789033174514771
snoopy_mickey,Snoopy + Mickey,1344,720,0.044959831982851028
snoopy_mickey,Snoopy + Mickey,1344,721,0.044639270752668381
snoopy_mickey,Snoopy + Mickey,1344,722,0.044185090810060501
snoopy_mickey,Snoopy + Mickey,1344,723,0.04362647607922554
snoopy_mickey,Snoopy + Mickey,1344,724,0.043164495378732681
snoopy_mickey,Snoopy + Mickey,1344,725,0.042650535702705383
snoopy_mickey,Snoopy + Mickey,1344,726,0.042391825467348099
snoopy_mickey,Snoopy + Mickey,1344,727,0.041969232261180878
snoopy_mickey,Snoopy + Mickey,1344,728,0.041497018188238144
snoopy_mickey,Snoopy + Mickey,1344,729,0.040567092597484589
snoopy_mickey,Snoopy + Mickey,1344,730,0.040222715586423874
snoopy_mickey,Snoopy + Mickey,1344,731,0.040073193609714508
snoopy_mickey,Snoopy + Mickey,1344,732,0.039874162524938583
snoopy_mickey,Snoopy + Mickey,1344,733,0.038846522569656372
snoopy_mickey,Snoopy + Mickey,1344,734,0.038391448557376862
snoopy_mickey,Snoopy + Mickey,1344,735,0.03770926222205162
snoopy_mickey,Snoopy + Mickey,1344,736,0.037299539893865585
snoopy_mickey,Snoopy + Mickey,1344,737,0.037067320197820663
snoopy_mickey,Snoopy + Mickey,1344,738,0.036696784198284149
snoopy_mickey,Snoopy + Mickey,1344,739,0.035872694104909897
snoopy_mickey,Snoopy + Mickey,1344,740,0.03553902730345726
snoopy_mickey,Snoopy + Mickey,1344,741,0.035045616328716278
snoopy_mickey,Snoopy + Mickey,1344,742,0.03473450243473053
snoopy_mickey,Snoopy + Mickey,1344,743,0.034481845796108246
snoopy_mickey,Snoopy + Mickey,1344,744,0.034008696675300598
snoopy_mickey,Snoopy + Mickey,1344,745,0.033244475722312927
snoopy_mickey,Snoopy + Mickey,1344,746,0.032635215669870377
snoopy_mickey,Snoopy + Mickey,1344,747,0.03206726536154747
snoopy_mickey,Snoopy + Mickey,1344,748,0.031705062836408615
snoopy_mickey,Snoopy + Mickey,1344,749,0.030840672552585602
snoopy_mickey,Snoopy + Mickey,1344,750,0.029826417565345764
snoopy_mickey,Snoopy + Mickey,1344,751,0.02956775389611721
snoopy_mickey,Snoopy + Mickey,1344,752,0.029218535870313644
snoopy_mickey,Snoopy + Mickey,1344,753,0.028916262090206146
snoopy_mickey,Snoopy + Mickey,1344,754,0.02822217158973217
snoopy_mickey,Snoopy + Mickey,1344,755,0.027776122093200684
snoopy_mickey,Snoopy + Mickey,1344,756,0.027319217100739479
snoopy_mickey,Snoopy + Mickey,1344,757,0.026730380952358246
snoopy_mickey,Snoopy + Mickey,1344,758,0.026577582582831383
snoopy_mickey,Snoopy + Mickey,1344,759,0.026122312992811203
snoopy_mickey,Snoopy + Mickey,1344,760,0.025130797177553177
snoopy_mickey,Snoopy + Mickey,1344,761,0.024457007646560669
snoopy_mickey,Snoopy + Mickey,1344,762,0.023958709090948105
snoopy_mickey,Snoopy + Mickey,1344,763,0.023100420832633972
snoopy_mickey,Snoopy + Mickey,1344,764,0.022905608639121056
snoopy_mickey,Snoopy + Mickey,1344,765,0.022131383419036865
snoopy_mickey,Snoopy + Mickey,1344,766,0.021685793995857239
snoopy_mickey,Snoopy + Mickey,1344,767,0.02140340581536293
snoopy_mickey,Snoopy + Mickey,1344,768,0.013175943866372108
snoopy_mickey_spongebob,Snoopy + Mickey + Spongebob,1343,1,147.78068542480469
snoopy_mickey_spongebob,Snoopy + Mickey + Spongebob,1343,2,17.42207145690918
snoopy_mickey_spongebob,Snoopy + Mickey + Spongebob,1343,3,14.216012001037598
snoopy_mickey_spongebob,Snoopy + Mickey + Spongebob,1343,4,9.1763324737548828
snoopy_mickey_spongebob,Snoopy + Mickey + Spongebob,1343,5,8.3918342590332031
snoopy_mickey_spongebob,Snoopy + Mickey + Spongebob,1343,6,6.8778200149536133
snoopy_mickey_spongebob,Snoopy + Mickey + Spongebob,1343,7,6.0910439491271973
snoopy_mickey_spongebob,Snoopy + Mickey + Spongebob,1343,8,5.7577857971191406
snoopy_mickey_spongebob,Snoopy + Mickey + Spongebob,1343,9,5.7015910148620605
snoopy_mickey_spongebob,Snoopy + Mickey + Spongebob,1343,10,5.2691807746887207
snoopy_mickey_spongebob,Snoopy + Mickey + Spongebob,1343,11,5.1979470252990723
snoopy_mickey_spongebob,Snoopy + Mickey + Spongebob,1343,12,4.8491840362548828
snoopy_mickey_spongebob,Snoopy + Mickey + Spongebob,1343,13,4.8364853858947754
snoopy_mickey_spongebob,Snoopy + Mickey + Spongebob,1343,14,4.6095876693725586
snoopy_mickey_spongebob,Snoopy + Mickey + Spongebob,1343,15,4.4993538856506348
snoopy_mickey_spongebob,Snoopy + Mickey + Spongebob,1343,16,4.4482626914978027
snoopy_mickey_spongebob,Snoopy + Mickey + Spongebob,1343,17,4.2924027442932129
snoopy_mickey_spongebob,Snoopy + Mickey + Spongebob,1343,18,4.2565279006958008
snoopy_mickey_spongebob,Snoopy + Mickey + Spongebob,1343,19,4.1088128089904785
snoopy_mickey_spongebob,Snoopy + Mickey + Spongebob,1343,20,4.0040988922119141
snoopy_mickey_spongebob,Snoopy + Mickey + Spongebob,1343,21,3.8678860664367676
snoopy_mickey_spongebob,Snoopy + Mickey + Spongebob,1343,22,3.7463424205780029
snoopy_mickey_spongebob,Snoopy + Mickey + Spongebob,1343,23,3.7125616073608398
snoopy_mickey_spongebob,Snoopy + Mickey + Spongebob,1343,24,3.6244437694549561
snoopy_mickey_spongebob,Snoopy + Mickey + Spongebob,1343,25,3.6059587001800537
snoopy_mickey_spongebob,Snoopy + Mickey + Spongebob,1343,26,3.5426759719848633
snoopy_mickey_spongebob,Snoopy + Mickey + Spongebob,1343,27,3.5274467468261719
snoopy_mickey_spongebob,Snoopy + Mickey + Spongebob,1343,28,3.4161496162414551
snoopy_mickey_spongebob,Snoopy + Mickey + Spongebob,1343,29,3.3800356388092041
snoopy_mickey_spongebob,Snoopy + Mickey + Spongebob,1343,30,3.3317031860351562
snoopy_mickey_spongebob,Snoopy + Mickey + Spongebob,1343,31,3.2904253005981445
snoopy_mickey_spongebob,Snoopy + Mickey + Spongebob,1343,32,3.269942045211792
snoopy_mickey_spongebob,Snoopy + Mickey + Spongebob,1343,33,3.2125370502471924
snoopy_mickey_spongebob,Snoopy + Mickey + Spongebob,1343,34,3.1692709922790527
snoopy_mickey_spongebob,Snoopy + Mickey + Spongebob,1343,35,3.1358301639556885
snoopy_mickey_spongebob,Snoopy + Mickey + Spongebob,1343,36,3.1166782379150391
snoopy_mickey_spongebob,Snoopy + Mickey + Spongebob,1343,37,3.0688354969024658
snoopy_mickey_spongebob,Snoopy + Mickey + Spongebob,1343,38,3.0338630676269531
snoopy_mickey_spongebob,Snoopy + Mickey + Spongebob,1343,39,3.01680588722229
snoopy_mickey_spongebob,Snoopy + Mickey + Spongebob,1343,40,2.9609687328338623
snoopy_mickey_spongebob,Snoopy + Mickey + Spongebob,1343,41,2.9296867847442627
snoopy_mickey_spongebob,Snoopy + Mickey + Spongebob,1343,42,2.8980953693389893
snoopy_mickey_spongebob,Snoopy + Mickey + Spongebob,1343,43,2.8784029483795166
snoopy_mickey_spongebob,Snoopy + Mickey + Spongebob,1343,44,2.8592061996459961
snoopy_mickey_spongebob,Snoopy + Mickey + Spongebob,1343,45,2.8023381233215332
snoopy_mickey_spongebob,Snoopy + Mickey + Spongebob,1343,46,2.7980360984802246
snoopy_mickey_spongebob,Snoopy + Mickey + Spongebob,1343,47,2.7367613315582275
snoopy_mickey_spongebob,Snoopy + Mickey + Spongebob,1343,48,2.7096612453460693
snoopy_mickey_spongebob,Snoopy + Mickey + Spongebob,1343,49,2.6892781257629395
snoopy_mickey_spongebob,Snoopy + Mickey + Spongebob,1343,50,2.646904468536377
snoopy_mickey_spongebob,Snoopy + Mickey + Spongebob,1343,51,2.6319205760955811
snoopy_mickey_spongebob,Snoopy + Mickey + Spongebob,1343,52,2.601170539855957
snoopy_mickey_spongebob,Snoopy + Mickey + Spongebob,1343,53,2.5921306610107422
snoopy_mickey_spongebob,Snoopy + Mickey + Spongebob,1343,54,2.5425333976745605
snoopy_mickey_spongebob,Snoopy + Mickey + Spongebob,1343,55,2.5361146926879883
snoopy_mickey_spongebob,Snoopy + Mickey + Spongebob,1343,56,2.5032775402069092
snoopy_mickey_spongebob,Snoopy + Mickey + Spongebob,1343,57,2.4902133941650391
snoopy_mickey_spongebob,Snoopy + Mickey + Spongebob,1343,58,2.4416501522064209
snoopy_mickey_spongebob,Snoopy + Mickey + Spongebob,1343,59,2.4328429698944092
snoopy_mickey_spongebob,Snoopy + Mickey + Spongebob,1343,60,2.39536452293396
snoopy_mickey_spongebob,Snoopy + Mickey + Spongebob,1343,61,2.3871932029724121
snoopy_mickey_spongebob,Snoopy + Mickey + Spongebob,1343,62,2.3663411140441895
snoopy_mickey_spongebob,Snoopy + Mickey + Spongebob,1343,63,2.3134043216705322
snoopy_mickey_spongebob,Snoopy + Mickey + Spongebob,1343,64,2.3098065853118896
snoopy_mickey_spongebob,Snoopy + Mickey + Spongebob,1343,65,2.2847251892089844
snoopy_mickey_spongebob,Snoopy + Mickey + Spongebob,1343,66,2.2788457870483398
snoopy_mickey_spongebob,Snoopy + Mickey + Spongebob,1343,67,2.2392125129699707
snoopy_mickey_spongebob,Snoopy + Mickey + Spongebob,1343,68,2.224754810333252
snoopy_mickey_spongebob,Snoopy + Mickey + Spongebob,1343,69,2.2146570682525635
snoopy_mickey_spongebob,Snoopy + Mickey + Spongebob,1343,70,2.2032310962677002
snoopy_mickey_spongebob,Snoopy + Mickey + Spongebob,1343,71,2.1747162342071533
snoopy_mickey_spongebob,Snoopy + Mickey + Spongebob,1343,72,2.1486637592315674
snoopy_mickey_spongebob,Snoopy + Mickey + Spongebob,1343,73,2.1338374614715576
snoopy_mickey_spongebob,Snoopy + Mickey + Spongebob,1343,74,2.1199414730072021
snoopy_mickey_spongebob,Snoopy + Mickey + Spongebob,1343,75,2.1068780422210693
snoopy_mickey_spongebob,Snoopy + Mickey + Spongebob,1343,76,2.0971531867980957
snoopy_mickey_spongebob,Snoopy + Mickey + Spongebob,1343,77,2.0901181697845459
snoopy_mickey_spongebob,Snoopy + Mickey + Spongebob,1343,78,2.052997350692749
snoopy_mickey_spongebob,Snoopy + Mickey + Spongebob,1343,79,2.0429909229278564
snoopy_mickey_spongebob,Snoopy + Mickey + Spongebob,1343,80,2.0299103260040283
snoopy_mickey_spongebob,Snoopy + Mickey + Spongebob,1343,81,2.0065186023712158
snoopy_mickey_spongebob,Snoopy + Mickey + Spongebob,1343,82,1.9943896532058716
snoopy_mickey_spongebob,Snoopy + Mickey + Spongebob,1343,83,1.9850083589553833
snoopy_mickey_spongebob,Snoopy + Mickey + Spongebob,1343,84,1.9692695140838623
snoopy_mickey_spongebob,Snoopy + Mickey + Spongebob,1343,85,1.9481680393218994
snoopy_mickey_spongebob,Snoopy + Mickey + Spongebob,1343,86,1.9372395277023315
snoopy_mickey_spongebob,Snoopy + Mickey + Spongebob,1343,87,1.9268529415130615
snoopy_mickey_spongebob,Snoopy + Mickey + Spongebob,1343,88,1.912519097328186
snoopy_mickey_spongebob,Snoopy + Mickey + Spongebob,1343,89,1.901944637298584
snoopy_mickey_spongebob,Snoopy + Mickey + Spongebob,1343,90,1.8691198825836182
snoopy_mickey_spongebob,Snoopy + Mickey + Spongebob,1343,91,1.8670995235443115
snoopy_mickey_spongebob,Snoopy + Mickey + Spongebob,1343,92,1.854346752166748
snoopy_mickey_spongebob,Snoopy + Mickey + Spongebob,1343,93,1.8392717838287354
snoopy_mickey_spongebob,Snoopy + Mickey + Spongebob,1343,94,1.8202430009841919
snoopy_mickey_spongebob,Snoopy + Mickey + Spongebob,1343,95,1.8139189481735229
snoopy_mickey_spongebob,Snoopy + Mickey + Spongebob,1343,96,1.7949442863464355
snoopy_mickey_spongebob,Snoopy + Mickey + Spongebob,1343,97,1.7790176868438721
snoopy_mickey_spongebob,Snoopy + Mickey + Spongebob,1343,98,1.7661151885986328
snoopy_mickey_spongebob,Snoopy + Mickey + Spongebob,1343,99,1.7514864206314087
snoopy_mickey_spongebob,Snoopy + Mickey + Spongebob,1343,100,1.7493373155593872
snoopy_mickey_spongebob,Snoopy + Mickey + Spongebob,1343,101,1.7293903827667236
snoopy_mickey_spongebob,Snoopy + Mickey + Spongebob,1343,102,1.7143924236297607
snoopy_mickey_spongebob,Snoopy + Mickey + Spongebob,1343,103,1.7056475877761841
snoopy_mickey_spongebob,Snoopy + Mickey + Spongebob,1343,104,1.6963449716567993
snoopy_mickey_spongebob,Snoopy + Mickey + Spongebob,1343,105,1.686902642250061
snoopy_mickey_spongebob,Snoopy + Mickey + Spongebob,1343,106,1.6647020578384399
snoopy_mickey_spongebob,Snoopy + Mickey + Spongebob,1343,107,1.6519310474395752
snoopy_mickey_spongebob,Snoopy + Mickey + Spongebob,1343,108,1.6462208032608032
snoopy_mickey_spongebob,Snoopy + Mickey + Spongebob,1343,109,1.6347795724868774
snoopy_mickey_spongebob,Snoopy + Mickey + Spongebob,1343,110,1.6272315979003906
snoopy_mickey_spongebob,Snoopy + Mickey + Spongebob,1343,111,1.6164233684539795
snoopy_mickey_spongebob,Snoopy + Mickey + Spongebob,1343,112,1.6099284887313843
snoopy_mickey_spongebob,Snoopy + Mickey + Spongebob,1343,113,1.5901010036468506
snoopy_mickey_spongebob,Snoopy + Mickey + Spongebob,1343,114,1.5820029973983765
snoopy_mickey_spongebob,Snoopy + Mickey + Spongebob,1343,115,1.5751817226409912
snoopy_mickey_spongebob,Snoopy + Mickey + Spongebob,1343,116,1.5580092668533325
snoopy_mickey_spongebob,Snoopy + Mickey + Spongebob,1343,117,1.5401828289031982
snoopy_mickey_spongebob,Snoopy + Mickey + Spongebob,1343,118,1.5278350114822388
snoopy_mickey_spongebob,Snoopy + Mickey + Spongebob,1343,119,1.511766791343689
snoopy_mickey_spongebob,Snoopy + Mickey + Spongebob,1343,120,1.5042829513549805
snoopy_mickey_spongebob,Snoopy + Mickey + Spongebob,1343,121,1.4963835477828979
snoopy_mickey_spongebob,Snoopy + Mickey + Spongebob,1343,122,1.4865822792053223
snoopy_mickey_spongebob,Snoopy + Mickey + Spongebob,1343,123,1.4797993898391724
snoopy_mickey_spongebob,Snoopy + Mickey + Spongebob,1343,124,1.471571683883667
snoopy_mickey_spongebob,Snoopy + Mickey + Spongebob,1343,125,1.4636732339859009
snoopy_mickey_spongebob,Snoopy + Mickey + Spongebob,1343,126,1.4610468149185181
snoopy_mickey_spongebob,Snoopy + Mickey + Spongebob,1343,127,1.4472936391830444
snoopy_mickey_spongebob,Snoopy + Mickey + Spongebob,1343,128,1.4360809326171875
snoopy_mickey_spongebob,Snoopy + Mickey + Spongebob,1343,129,1.4314146041870117
snoopy_mickey_spongebob,Snoopy + Mickey + Spongebob,1343,130,1.4222193956375122
snoopy_mickey_spongebob,Snoopy + Mickey + Spongebob,1343,131,1.4101988077163696
snoopy_mickey_spongebob,Snoopy + Mickey + Spongebob,1343,132,1.400965690612793
snoopy_mickey_spongebob,Snoopy + Mickey + Spongebob,1343,133,1.398945689201355
snoopy_mickey_spongebob,Snoopy + Mickey + Spongebob,1343,134,1.3858835697174072
snoopy_mickey_spongebob,Snoopy + Mickey + Spongebob,1343,135,1.3800070285797119
snoopy_mickey_spongebob,Snoopy + Mickey + Spongebob,1343,136,1.3673120737075806
snoopy_mickey_spongebob,Snoopy + Mickey + Spongebob,1343,137,1.3596149682998657
snoopy_mickey_spongebob,Snoopy + Mickey + Spongebob,1343,138,1.343552827835083
snoopy_mickey_spongebob,Snoopy + Mickey + Spongebob,1343,139,1.3387123346328735
snoopy_mickey_spongebob,Snoopy + Mickey + Spongebob,1343,140,1.3358665704727173
snoopy_mickey_spongebob,Snoopy + Mickey + Spongebob,1343,141,1.3287467956542969
snoopy_mickey_spongebob,Snoopy + Mickey + Spongebob,1343,142,1.3202862739562988
snoopy_mickey_spongebob,Snoopy + Mickey + Spongebob,1343,143,1.3133556842803955
snoopy_mickey_spongebob,Snoopy + Mickey + Spongebob,1343,144,1.2988042831420898
snoopy_mickey_spongebob,Snoopy + Mickey + Spongebob,1343,145,1.2938269376754761
snoopy_mickey_spongebob,Snoopy + Mickey + Spongebob,1343,146,1.2885406017303467
snoopy_mickey_spongebob,Snoopy + Mickey + Spongebob,1343,147,1.2790913581848145
snoopy_mickey_spongebob,Snoopy + Mickey + Spongebob,1343,148,1.2777855396270752
snoopy_mickey_spongebob,Snoopy + Mickey + Spongebob,1343,149,1.2675032615661621
snoopy_mickey_spongebob,Snoopy + Mickey + Spongebob,1343,150,1.2630248069763184
snoopy_mickey_spongebob,Snoopy + Mickey + Spongebob,1343,151,1.2530676126480103
snoopy_mickey_spongebob,Snoopy + Mickey + Spongebob,1343,152,1.2505201101303101
snoopy_mickey_spongebob,Snoopy + Mickey + Spongebob,1343,153,1.2359604835510254
snoopy_mickey_spongebob,Snoopy + Mickey + Spongebob,1343,154,1.2214435338973999
snoopy_mickey_spongebob,Snoopy + Mickey + Spongebob,1343,155,1.2158173322677612
snoopy_mickey_spongebob,Snoopy + Mickey + Spongebob,1343,156,1.1984109878540039
snoopy_mickey_spongebob,Snoopy + Mickey + Spongebob,1343,157,1.188341498374939
snoopy_mickey_spongebob,Snoopy + Mickey + Spongebob,1343,158,1.1870837211608887
snoopy_mickey_spongebob,Snoopy + Mickey + Spongebob,1343,159,1.1828724145889282
snoopy_mickey_spongebob,Snoopy + Mickey + Spongebob,1343,160,1.1763290166854858
snoopy_mickey_spongebob,Snoopy + Mickey + Spongebob,1343,161,1.1726367473602295
snoopy_mickey_spongebob,Snoopy + Mickey + Spongebob,1343,162,1.1615750789642334
snoopy_mickey_spongebob,Snoopy + Mickey + Spongebob,1343,163,1.149639368057251
snoopy_mickey_spongebob,Snoopy + Mickey + Spongebob,1343,164,1.1433248519897461
snoopy_mickey_spongebob,Snoopy + Mickey + Spongebob,1343,165,1.1393098831176758
snoopy_mickey_spongebob,Snoopy + Mickey + Spongebob,1343,166,1.134609580039978
snoopy_mickey_spongebob,Snoopy + Mickey + Spongebob,1343,167,1.1301385164260864
snoopy_mickey_spongebob,Snoopy + Mickey + Spongebob,1343,168,1.1276332139968872
snoopy_mickey_spongebob,Snoopy + Mickey + Spongebob,1343,169,1.1166472434997559
snoopy_mickey_spongebob,Snoopy + Mickey + Spongebob,1343,170,1.1027252674102783
snoopy_mickey_spongebob,Snoopy + Mickey + Spongebob,1343,171,1.0983207225799561
snoopy_mickey_spongebob,Snoopy + Mickey + Spongebob,1343,172,1.0962841510772705
snoopy_mickey_spongebob,Snoopy + Mickey + Spongebob,1343,173,1.0873064994812012
snoopy_mickey_spongebob,Snoopy + Mickey + Spongebob,1343,174,1.0807254314422607
snoopy_mickey_spongebob,Snoopy + Mickey + Spongebob,1343,175,1.0754655599594116
snoopy_mickey_spongebob,Snoopy + Mickey + Spongebob,1343,176,1.0709322690963745
snoopy_mickey_spongebob,Snoopy + Mickey + Spongebob,1343,177,1.0628671646118164
snoopy_mickey_spongebob,Snoopy + Mickey + Spongebob,1343,178,1.0588293075561523
snoopy_mickey_spongebob,Snoopy + Mickey + Spongebob,1343,179,1.0550762414932251
snoopy_mickey_spongebob,Snoopy + Mickey + Spongebob,1343,180,1.0448554754257202
snoopy_mickey_spongebob,Snoopy + Mickey + Spongebob,1343,181,1.0402858257293701
snoopy_mickey_spongebob,Snoopy + Mickey + Spongebob,1343,182,1.0338987112045288
snoopy_mickey_spongebob,Snoopy + Mickey + Spongebob,1343,183,1.030890941619873
snoopy_mickey_spongebob,Snoopy + Mickey + Spongebob,1343,184,1.0256776809692383
snoopy_mickey_spongebob,Snoopy + Mickey + Spongebob,1343,185,1.0218613147735596
snoopy_mickey_spongebob,Snoopy + Mickey + Spongebob,1343,186,1.0192023515701294
snoopy_mickey_spongebob,Snoopy + Mickey + Spongebob,1343,187,1.010187029838562
snoopy_mickey_spongebob,Snoopy + Mickey + Spongebob,1343,188,1.0081961154937744
snoopy_mickey_spongebob,Snoopy + Mickey + Spongebob,1343,189,0.99690353870391846
snoopy_mickey_spongebob,Snoopy + Mickey + Spongebob,1343,190,0.99153727293014526
snoopy_mickey_spongebob,Snoopy + Mickey + Spongebob,1343,191,0.99056679010391235
snoopy_mickey_spongebob,Snoopy + Mickey + Spongebob,1343,192,0.98751485347747803
snoopy_mickey_spongebob,Snoopy + Mickey + Spongebob,1343,193,0.97211313247680664
snoopy_mickey_spongebob,Snoopy + Mickey + Spongebob,1343,194,0.97205346822738647
snoopy_mickey_spongebob,Snoopy + Mickey + Spongebob,1343,195,0.96969020366668701
snoopy_mickey_spongebob,Snoopy + Mickey + Spongebob,1343,196,0.96437960863113403
snoopy_mickey_spongebob,Snoopy + Mickey + Spongebob,1343,197,0.95296120643615723
snoopy_mickey_spongebob,Snoopy + Mickey + Spongebob,1343,198,0.94862836599349976
snoopy_mickey_spongebob,Snoopy + Mickey + Spongebob,1343,199,0.94462621212005615
snoopy_mickey_spongebob,Snoopy + Mickey + Spongebob,1343,200,0.94013726711273193
snoopy_mickey_spongebob,Snoopy + Mickey + Spongebob,1343,201,0.93246191740036011
snoopy_mickey_spongebob,Snoopy + Mickey + Spongebob,1343,202,0.93066197633743286
snoopy_mickey_spongebob,Snoopy + Mickey + Spongebob,1343,203,0.92450523376464844
snoopy_mickey_spongebob,Snoopy + Mickey + Spongebob,1343,204,0.91764843463897705
snoopy_mickey_spongebob,Snoopy + Mickey + Spongebob,1343,205,0.91070151329040527
snoopy_mickey_spongebob,Snoopy + Mickey + Spongebob,1343,206,0.90665686130523682
snoopy_mickey_spongebob,Snoopy + Mickey + Spongebob,1343,207,0.89798736572265625
snoopy_mickey_spongebob,Snoopy + Mickey + Spongebob,1343,208,0.89624208211898804
snoopy_mickey_spongebob,Snoopy + Mickey + Spongebob,1343,209,0.89583402872085571
snoopy_mickey_spongebob,Snoopy + Mickey + Spongebob,1343,210,0.88893556594848633
snoopy_mickey_spongebob,Snoopy + Mickey + Spongebob,1343,211,0.88535475730895996
snoopy_mickey_spongebob,Snoopy + Mickey + Spongebob,1343,212,0.87642264366149902
snoopy_mickey_spongebob,Snoopy + Mickey + Spongebob,1343,213,0.87381827831268311
snoopy_mickey_spongebob,Snoopy + Mickey + Spongebob,1343,214,0.87061613798141479
snoopy_mickey_spongebob,Snoopy + Mickey + Spongebob,1343,215,0.86280101537704468
snoopy_mickey_spongebob,Snoopy + Mickey + Spongebob,1343,216,0.86190706491470337
snoopy_mickey_spongebob,Snoopy + Mickey + Spongebob,1343,217,0.85793131589889526
snoopy_mickey_spongebob,Snoopy + Mickey + Spongebob,1343,218,0.85464608669281006
snoopy_mickey_spongebob,Snoopy + Mickey + Spongebob,1343,219,0.84803712368011475
snoopy_mickey_spongebob,Snoopy + Mickey + Spongebob,1343,220,0.84242355823516846
snoopy_mickey_spongebob,Snoopy + Mickey + Spongebob,1343,221,0.83845597505569458
snoopy_mickey_spongebob,Snoopy + Mickey + Spongebob,1343,222,0.83562195301055908
snoopy_mickey_spongebob,Snoopy + Mickey + Spongebob,1343,223,0.83165299892425537
snoopy_mickey_spongebob,Snoopy + Mickey + Spongebob,1343,224,0.82802128791809082
snoopy_mickey_spongebob,Snoopy + Mickey + Spongebob,1343,225,0.82447361946105957
snoopy_mickey_spongebob,Snoopy + Mickey + Spongebob,1343,226,0.8211740255355835
snoopy_mickey_spongebob,Snoopy + Mickey + Spongebob,1343,227,0.81820714473724365
snoopy_mickey_spongebob,Snoopy + Mickey + Spongebob,1343,228,0.81289732456207275
snoopy_mickey_spongebob,Snoopy + Mickey + Spongebob,1343,229,0.81031090021133423
snoopy_mickey_spongebob,Snoopy + Mickey + Spongebob,1343,230,0.80434250831604004
snoopy_mickey_spongebob,Snoopy + Mickey + Spongebob,1343,231,0.79573291540145874
snoopy_mickey_spongebob,Snoopy + Mickey + Spongebob,1343,232,0.78913462162017822
snoopy_mickey_spongebob,Snoopy + Mickey + Spongebob,1343,233,0.78437787294387817
snoopy_mickey_spongebob,Snoopy + Mickey + Spongebob,1343,234,0.78204089403152466
snoopy_mickey_spongebob,Snoopy + Mickey + Spongebob,1343,235,0.78133046627044678
snoopy_mickey_spongebob,Snoopy + Mickey + Spongebob,1343,236,0.77476656436920166
snoopy_mickey_spongebob,Snoopy + Mickey + Spongebob,1343,237,0.76980096101760864
snoopy_mickey_spongebob,Snoopy + Mickey + Spongebob,1343,238,0.76636451482772827
snoopy_mickey_spongebob,Snoopy + Mickey + Spongebob,1343,239,0.76287192106246948
snoopy_mickey_spongebob,Snoopy + Mickey + Spongebob,1343,240,0.75990259647369385
snoopy_mickey_spongebob,Snoopy + Mickey + Spongebob,1343,241,0.75853395462036133
snoopy_mickey_spongebob,Snoopy + Mickey + Spongebob,1343,242,0.75279426574707031
snoopy_mickey_spongebob,Snoopy + Mickey + Spongebob,1343,243,0.74932509660720825
snoopy_mickey_spongebob,Snoopy + Mickey + Spongebob,1343,244,0.74606424570083618
snoopy_mickey_spongebob,Snoopy + Mickey + Spongebob,1343,245,0.74234473705291748
snoopy_mickey_spongebob,Snoopy + Mickey + Spongebob,1343,246,0.73842579126358032
snoopy_mickey_spongebob,Snoopy + Mickey + Spongebob,1343,247,0.73619586229324341
snoopy_mickey_spongebob,Snoopy + Mickey + Spongebob,1343,248,0.73070478439331055
snoopy_mickey_spongebob,Snoopy + Mickey + Spongebob,1343,249,0.72462797164916992
snoopy_mickey_spongebob,Snoopy + Mickey + Spongebob,1343,250,0.72172164916992188
snoopy_mickey_spongebob,Snoopy + Mickey + Spongebob,1343,251,0.71915662288665771
snoopy_mickey_spongebob,Snoopy + Mickey + Spongebob,1343,252,0.71567291021347046
snoopy_mickey_spongebob,Snoopy + Mickey + Spongebob,1343,253,0.71362435817718506
snoopy_mickey_spongebob,Snoopy + Mickey + Spongebob,1343,254,0.71221619844436646
snoopy_mickey_spongebob,Snoopy + Mickey + Spongebob,1343,255,0.70470637083053589
snoopy_mickey_spongebob,Snoopy + Mickey + Spongebob,1343,256,0.70131301879882812
snoopy_mickey_spongebob,Snoopy + Mickey + Spongebob,1343,257,0.69690191745758057
snoopy_mickey_spongebob,Snoopy + Mickey + Spongebob,1343,258,0.69095468521118164
snoopy_mickey_spongebob,Snoopy + Mickey + Spongebob,1343,259,0.68796104192733765
snoopy_mickey_spongebob,Snoopy + Mickey + Spongebob,1343,260,0.68331027030944824
snoopy_mickey_spongebob,Snoopy + Mickey + Spongebob,1343,261,0.68024307489395142
snoopy_mickey_spongebob,Snoopy + Mickey + Spongebob,1343,262,0.67909789085388184
snoopy_mickey_spongebob,Snoopy + Mickey + Spongebob,1343,263,0.67719101905822754
snoopy_mickey_spongebob,Snoopy + Mickey + Spongebob,1343,264,0.67517387866973877
snoopy_mickey_spongebob,Snoopy + Mickey + Spongebob,1343,265,0.66895598173141479
snoopy_mickey_spongebob,Snoopy + Mickey + Spongebob,1343,266,0.66801208257675171
snoopy_mickey_spongebob,Snoopy + Mickey + Spongebob,1343,267,0.6655842661857605
snoopy_mickey_spongebob,Snoopy + Mickey + Spongebob,1343,268,0.66032242774963379
snoopy_mickey_spongebob,Snoopy + Mickey + Spongebob,1343,269,0.65847933292388916
snoopy_mickey_spongebob,Snoopy + Mickey + Spongebob,1343,270,0.65458613634109497
snoopy_mickey_spongebob,Snoopy + Mickey + Spongebob,1343,271,0.64883202314376831
snoopy_mickey_spongebob,Snoopy + Mickey + Spongebob,1343,272,0.64527601003646851
snoopy_mickey_spongebob,Snoopy + Mickey + Spongebob,1343,273,0.64180481433868408
snoopy_mickey_spongebob,Snoopy + Mickey + Spongebob,1343,274,0.63996851444244385
snoopy_mickey_spongebob,Snoopy + Mickey + Spongebob,1343,275,0.63449859619140625
snoopy_mickey_spongebob,Snoopy + Mickey + Spongebob,1343,276,0.63213121891021729
snoopy_mickey_spongebob,Snoopy + Mickey + Spongebob,1343,277,0.62702071666717529
snoopy_mickey_spongebob,Snoopy + Mickey + Spongebob,1343,278,0.62473529577255249
snoopy_mickey_spongebob,Snoopy + Mickey + Spongebob,1343,279,0.62367492914199829
snoopy_mickey_spongebob,Snoopy + Mickey + Spongebob,1343,280,0.62067824602127075
snoopy_mickey_spongebob,Snoopy + Mickey + Spongebob,1343,281,0.61804980039596558
snoopy_mickey_spongebob,Snoopy + Mickey + Spongebob,1343,282,0.61694574356079102
snoopy_mickey_spongebob,Snoopy + Mickey + Spongebob,1343,283,0.60925030708312988
snoopy_mickey_spongebob,Snoopy + Mickey + Spongebob,1343,284,0.60754811763763428
snoopy_mickey_spongebob,Snoopy + Mickey + Spongebob,1343,285,0.60501927137374878
snoopy_mickey_spongebob,Snoopy + Mickey + Spongebob,1343,286,0.60213446617126465
snoopy_mickey_spongebob,Snoopy + Mickey + Spongebob,1343,287,0.60158717632293701
snoopy_mickey_spongebob,Snoopy + Mickey + Spongebob,1343,288,0.60100263357162476
snoopy_mickey_spongebob,Snoopy + Mickey + Spongebob,1343,289,0.59774070978164673
snoopy_mickey_spongebob,Snoopy + Mickey + Spongebob,1343,290,0.59637099504470825
snoopy_mickey_spongebob,Snoopy + Mickey + Spongebob,1343,291,0.59247767925262451
snoopy_mickey_spongebob,Snoopy + Mickey + Spongebob,1343,292,0.59001904726028442
snoopy_mickey_spongebob,Snoopy + Mickey + Spongebob,1343,293,0.58525842428207397
snoopy_mickey_spongebob,Snoopy + Mickey + Spongebob,1343,294,0.58374923467636108
snoopy_mickey_spongebob,Snoopy + Mickey + Spongebob,1343,295,0.57841277122497559
snoopy_mickey_spongebob,Snoopy + Mickey + Spongebob,1343,296,0.57737845182418823
snoopy_mickey_spongebob,Snoopy + Mickey + Spongebob,1343,297,0.57246935367584229
snoopy_mickey_spongebob,Snoopy + Mickey + Spongebob,1343,298,0.57096326351165771
snoopy_mickey_spongebob,Snoopy + Mickey + Spongebob,1343,299,0.56604409217834473
snoopy_mickey_spongebob,Snoopy + Mickey + Spongebob,1343,300,0.56449389457702637
snoopy_mickey_spongebob,Snoopy + Mickey + Spongebob,1343,301,0.5602496862411499
snoopy_mickey_spongebob,Snoopy + Mickey + Spongebob,1343,302,0.55783867835998535
snoopy_mickey_spongebob,Snoopy + Mickey + Spongebob,1343,303,0.5559043288230896
snoopy_mickey_spongebob,Snoopy + Mickey + Spongebob,1343,304,0.5530778169631958
snoopy_mickey_spongebob,Snoopy + Mickey + Spongebob,1343,305,0.55124145746231079
snoopy_mickey_spongebob,Snoopy + Mickey + Spongebob,1343,306,0.54897487163543701
snoopy_mickey_spongebob,Snoopy + Mickey + Spongebob,1343,307,0.54510027170181274
snoopy_mickey_spongebob,Snoopy + Mickey + Spongebob,1343,308,0.54235547780990601
snoopy_mickey_spongebob,Snoopy + Mickey + Spongebob,1343,309,0.54011690616607666
snoopy_mickey_spongebob,Snoopy + Mickey + Spongebob,1343,310,0.53445041179656982
snoopy_mickey_spongebob,Snoopy + Mickey + Spongebob,1343,311,0.53359854221343994
snoopy_mickey_spongebob,Snoopy + Mickey + Spongebob,1343,312,0.53140896558761597
snoopy_mickey_spongebob,Snoopy + Mickey + Spongebob,1343,313,0.52876847982406616
snoopy_mickey_spongebob,Snoopy + Mickey + Spongebob,1343,314,0.52458542585372925
snoopy_mickey_spongebob,Snoopy + Mickey + Spongebob,1343,315,0.52223265171051025
snoopy_mickey_spongebob,Snoopy + Mickey + Spongebob,1343,316,0.51806920766830444
snoopy_mickey_spongebob,Snoopy + Mickey + Spongebob,1343,317,0.51619118452072144
snoopy_mickey_spongebob,Snoopy + Mickey + Spongebob,1343,318,0.51301687955856323
snoopy_mickey_spongebob,Snoopy + Mickey + Spongebob,1343,319,0.51064604520797729
snoopy_mickey_spongebob,Snoopy + Mickey + Spongebob,1343,320,0.50736123323440552
snoopy_mickey_spongebob,Snoopy + Mickey + Spongebob,1343,321,0.50655275583267212
snoopy_mickey_spongebob,Snoopy + Mickey + Spongebob,1343,322,0.50363814830780029
snoopy_mickey_spongebob,Snoopy + Mickey + Spongebob,1343,323,0.50295823812484741
snoopy_mickey_spongebob,Snoopy + Mickey + Spongebob,1343,324,0.50098282098770142
snoopy_mickey_spongebob,Snoopy + Mickey + Spongebob,1343,325,0.49838006496429443
snoopy_mickey_spongebob,Snoopy + Mickey + Spongebob,1343,326,0.49707791209220886
snoopy_mickey_spongebob,Snoopy + Mickey + Spongebob,1343,327,0.4929993748664856
snoopy_mickey_spongebob,Snoopy + Mickey + Spongebob,1343,328,0.49060329794883728
snoopy_mickey_spongebob,Snoopy + Mickey + Spongebob,1343,329,0.48823150992393494
snoopy_mickey_spongebob,Snoopy + Mickey + Spongebob,1343,330,0.48487651348114014
snoopy_mickey_spongebob,Snoopy + Mickey + Spongebob,1343,331,0.48394834995269775
snoopy_mickey_spongebob,Snoopy + Mickey + Spongebob,1343,332,0.48001670837402344
snoopy_mickey_spongebob,Snoopy + Mickey + Spongebob,1343,333,0.47917395830154419
snoopy_mickey_spongebob,Snoopy + Mickey + Spongebob,1343,334,0.47618734836578369
snoopy_mickey_spongebob,Snoopy + Mickey + Spongebob,1343,335,0.47270780801773071
snoopy_mickey_spongebob,Snoopy + Mickey + Spongebob,1343,336,0.47171717882156372
snoopy_mickey_spongebob,Snoopy + Mickey + Spongebob,1343,337,0.4701082706451416
snoopy_mickey_spongebob,Snoopy + Mickey + Spongebob,1343,338,0.4696352481842041
snoopy_mickey_spongebob,Snoopy + Mickey + Spongebob,1343,339,0.46776655316352844
snoopy_mickey_spongebob,Snoopy + Mickey + Spongebob,1343,340,0.46400186419487
snoopy_mickey_spongebob,Snoopy + Mickey + Spongebob,1343,341,0.46244516968727112
snoopy_mickey_spongebob,Snoopy + Mickey + Spongebob,1343,342,0.45997500419616699
snoopy_mickey_spongebob,Snoopy + Mickey + Spongebob,1343,343,0.45627084374427795
snoopy_mickey_spongebob,Snoopy + Mickey + Spongebob,1343,344,0.4540158212184906
snoopy_mickey_spongebob,Snoopy + Mickey + Spongebob,1343,345,0.45365110039710999
snoopy_mickey_spongebob,Snoopy + Mickey + Spongebob,1343,346,0.45104497671127319
snoopy_mickey_spongebob,Snoopy + Mickey + Spongebob,1343,347,0.44902968406677246
snoopy_mickey_spongebob,Snoopy + Mickey + Spongebob,1343,348,0.44688761234283447
snoopy_mickey_spongebob,Snoopy + Mickey + Spongebob,1343,349,0.44532451033592224
snoopy_mickey_spongebob,Snoopy + Mickey + Spongebob,1343,350,0.44240325689315796
snoopy_mickey_spongebob,Snoopy + Mickey + Spongebob,1343,351,0.43928295373916626
snoopy_mickey_spongebob,Snoopy + Mickey + Spongebob,1343,352,0.43862929940223694
snoopy_mickey_spongebob,Snoopy + Mickey + Spongebob,1343,353,0.43559432029724121
snoopy_mickey_spongebob,Snoopy + Mickey + Spongebob,1343,354,0.4338744580745697
snoopy_mickey_spongebob,Snoopy + Mickey + Spongebob,1343,355,0.43060004711151123
snoopy_mickey_spongebob,Snoopy + Mickey + Spongebob,1343,356,0.42821285128593445
snoopy_mickey_spongebob,Snoopy + Mickey + Spongebob,1343,357,0.42527467012405396
snoopy_mickey_spongebob,Snoopy + Mickey + Spongebob,1343,358,0.42363959550857544
snoopy_mickey_spongebob,Snoopy + Mickey + Spongebob,1343,359,0.41985851526260376
snoopy_mickey_spongebob,Snoopy + Mickey + Spongebob,1343,360,0.41922667622566223
snoopy_mickey_spongebob,Snoopy + Mickey + Spongebob,1343,361,0.41784024238586426
snoopy_mickey_spongebob,Snoopy + Mickey + Spongebob,1343,362,0.4159838855266571
snoopy_mickey_spongebob,Snoopy + Mickey + Spongebob,1343,363,0.41466754674911499
snoopy_mickey_spongebob,Snoopy + Mickey + Spongebob,1343,364,0.41216543316841125
snoopy_mickey_spongebob,Snoopy + Mickey + Spongebob,1343,365,0.4101434051990509
snoopy_mickey_spongebob,Snoopy + Mickey + Spongebob,1343,366,0.4072079062461853
snoopy_mickey_spongebob,Snoopy + Mickey + Spongebob,1343,367,0.40495559573173523
snoopy_mickey_spongebob,Snoopy + Mickey + Spongebob,1343,368,0.40257537364959717
snoopy_mickey_spongebob,Snoopy + Mickey + Spongebob,1343,369,0.40138909220695496
snoopy_mickey_spongebob,Snoopy + Mickey + Spongebob,1343,370,0.39864510297775269
snoopy_mickey_spongebob,Snoopy + Mickey + Spongebob,1343,371,0.39801114797592163
snoopy_mickey_spongebob,Snoopy + Mickey + Spongebob,1343,372,0.39724147319793701
snoopy_mickey_spongebob,Snoopy + Mickey + Spongebob,1343,373,0.39382204413414001
snoopy_mickey_spongebob,Snoopy + Mickey + Spongebob,1343,374,0.39167380332946777
snoopy_mickey_spongebob,Snoopy + Mickey + Spongebob,1343,375,0.38943344354629517
snoopy_mickey_spongebob,Snoopy + Mickey + Spongebob,1343,376,0.38863977789878845
snoopy_mickey_spongebob,Snoopy + Mickey + Spongebob,1343,377,0.38733533024787903
snoopy_mickey_spongebob,Snoopy + Mickey + Spongebob,1343,378,0.38405400514602661
snoopy_mickey_spongebob,Snoopy + Mickey + Spongebob,1343,379,0.38303014636039734
snoopy_mickey_spongebob,Snoopy + Mickey + Spongebob,1343,380,0.38050723075866699
snoopy_mickey_spongebob,Snoopy + Mickey + Spongebob,1343,381,0.3781488835811615
snoopy_mickey_spongebob,Snoopy + Mickey + Spongebob,1343,382,0.37709501385688782
snoopy_mickey_spongebob,Snoopy + Mickey + Spongebob,1343,383,0.37520292401313782
snoopy_mickey_spongebob,Snoopy + Mickey + Spongebob,1343,384,0.37408947944641113
snoopy_mickey_spongebob,Snoopy + Mickey + Spongebob,1343,385,0.37227901816368103
snoopy_mickey_spongebob,Snoopy + Mickey + Spongebob,1343,386,0.37035104632377625
snoopy_mickey_spongebob,Snoopy + Mickey + Spongebob,1343,387,0.36944723129272461
snoopy_mickey_spongebob,Snoopy + Mickey + Spongebob,1343,388,0.36713498830795288
snoopy_mickey_spongebob,Snoopy + Mickey + Spongebob,1343,389,0.36403223872184753
snoopy_mickey_spongebob,Snoopy + Mickey + Spongebob,1343,390,0.36190134286880493
snoopy_mickey_spongebob,Snoopy + Mickey + Spongebob,1343,391,0.3614477813243866
snoopy_mickey_spongebob,Snoopy + Mickey + Spongebob,1343,392,0.36016228795051575
snoopy_mickey_spongebob,Snoopy + Mickey + Spongebob,1343,393,0.35947635769844055
snoopy_mickey_spongebob,Snoopy + Mickey + Spongebob,1343,394,0.35692471265792847
snoopy_mickey_spongebob,Snoopy + Mickey + Spongebob,1343,395,0.3561134934425354
snoopy_mickey_spongebob,Snoopy + Mickey + Spongebob,1343,396,0.35457929968833923
snoopy_mickey_spongebob,Snoopy + Mickey + Spongebob,1343,397,0.35189118981361389
snoopy_mickey_spongebob,Snoopy + Mickey + Spongebob,1343,398,0.35129716992378235
snoopy_mickey_spongebob,Snoopy + Mickey + Spongebob,1343,399,0.34988337755203247
snoopy_mickey_spongebob,Snoopy + Mickey + Spongebob,1343,400,0.34716090559959412
snoopy_mickey_spongebob,Snoopy + Mickey + Spongebob,1343,401,0.34315070509910583
snoopy_mickey_spongebob,Snoopy + Mickey + Spongebob,1343,402,0.34265926480293274
snoopy_mickey_spongebob,Snoopy + Mickey + Spongebob,1343,403,0.34100565314292908
snoopy_mickey_spongebob,Snoopy + Mickey + Spongebob,1343,404,0.33972689509391785
snoopy_mickey_spongebob,Snoopy + Mickey + Spongebob,1343,405,0.33733338117599487
snoopy_mickey_spongebob,Snoopy + Mickey + Spongebob,1343,406,0.33676886558532715
snoopy_mickey_spongebob,Snoopy + Mickey + Spongebob,1343,407,0.33545145392417908
snoopy_mickey_spongebob,Snoopy + Mickey + Spongebob,1343,408,0.33338901400566101
snoopy_mickey_spongebob,Snoopy + Mickey + Spongebob,1343,409,0.33231434226036072
snoopy_mickey_spongebob,Snoopy + Mickey + Spongebob,1343,410,0.33195963501930237
snoopy_mickey_spongebob,Snoopy + Mickey + Spongebob,1343,411,0.32910346984863281
snoopy_mickey_spongebob,Snoopy + Mickey + Spongebob,1343,412,0.32826569676399231
snoopy_mickey_spongebob,Snoopy + Mickey + Spongebob,1343,413,0.32560795545578003
snoopy_mickey_spongebob,Snoopy + Mickey + Spongebob,1343,414,0.32377639412879944
snoopy_mickey_spongebob,Snoopy + Mickey + Spongebob,1343,415,0.32239037752151489
snoopy_mickey_spongebob,Snoopy + Mickey + Spongebob,1343,416,0.3213774561882019
snoopy_mickey_spongebob,Snoopy + Mickey + Spongebob,1343,417,0.32050806283950806
snoopy_mickey_spongebob,Snoopy + Mickey + Spongebob,1343,418,0.31903323531150818
snoopy_mickey_spongebob,Snoopy + Mickey + Spongebob,1343,419,0.3184780478477478
snoopy_mickey_spongebob,Snoopy + Mickey + Spongebob,1343,420,0.31593310832977295
snoopy_mickey_spongebob,Snoopy + Mickey + Spongebob,1343,421,0.31378060579299927
snoopy_mickey_spongebob,Snoopy + Mickey + Spongebob,1343,422,0.31290802359580994
snoopy_mickey_spongebob,Snoopy + Mickey + Spongebob,1343,423,0.31110867857933044
snoopy_mickey_spongebob,Snoopy + Mickey + Spongebob,1343,424,0.31019240617752075
snoopy_mickey_spongebob,Snoopy + Mickey + Spongebob,1343,425,0.30684623122215271
snoopy_mickey_spongebob,Snoopy + Mickey + Spongebob,1343,426,0.30602583289146423
snoopy_mickey_spongebob,Snoopy + Mickey + Spongebob,1343,427,0.30549752712249756
snoopy_mickey_spongebob,Snoopy + Mickey + Spongebob,1343,428,0.30240824818611145
snoopy_mickey_spongebob,Snoopy + Mickey + Spongebob,1343,429,0.30198237299919128
snoopy_mickey_spongebob,Snoopy + Mickey + Spongebob,1343,430,0.30081579089164734
snoopy_mickey_spongebob,Snoopy + Mickey + Spongebob,1343,431,0.29729002714157104
snoopy_mickey_spongebob,Snoopy + Mickey + Spongebob,1343,432,0.29682832956314087
snoopy_mickey_spongebob,Snoopy + Mickey + Spongebob,1343,433,0.29631778597831726
snoopy_mickey_spongebob,Snoopy + Mickey + Spongebob,1343,434,0.29467129707336426
snoopy_mickey_spongebob,Snoopy + Mickey + Spongebob,1343,435,0.29036441445350647
snoopy_mickey_spongebob,Snoopy + Mickey + Spongebob,1343,436,0.28945574164390564
snoopy_mickey_spongebob,Snoopy + Mickey + Spongebob,1343,437,0.28883147239685059
snoopy_mickey_spongebob,Snoopy + Mickey + Spongebob,1343,438,0.28784799575805664
snoopy_mickey_spongebob,Snoopy + Mickey + Spongebob,1343,439,0.28559467196464539
snoopy_mickey_spongebob,Snoopy + Mickey + Spongebob,1343,440,0.28428313136100769
snoopy_mickey_spongebob,Snoopy + Mickey + Spongebob,1343,441,0.28294342756271362
snoopy_mickey_spongebob,Snoopy + Mickey + Spongebob,1343,442,0.28212177753448486
snoopy_mickey_spongebob,Snoopy + Mickey + Spongebob,1343,443,0.28115156292915344
snoopy_mickey_spongebob,Snoopy + Mickey + Spongebob,1343,444,0.28016510605812073
snoopy_mickey_spongebob,Snoopy + Mickey + Spongebob,1343,445,0.27856484055519104
snoopy_mickey_spongebob,Snoopy + Mickey + Spongebob,1343,446,0.27627548575401306
snoopy_mickey_spongebob,Snoopy + Mickey + Spongebob,1343,447,0.27496236562728882
snoopy_mickey_spongebob,Snoopy + Mickey + Spongebob,1343,448,0.27318820357322693
snoopy_mickey_spongebob,Snoopy + Mickey + Spongebob,1343,449,0.27296304702758789
snoopy_mickey_spongebob,Snoopy + Mickey + Spongebob,1343,450,0.27111703157424927
snoopy_mickey_spongebob,Snoopy + Mickey + Spongebob,1343,451,0.2700197696685791
snoopy_mickey_spongebob,Snoopy + Mickey + Spongebob,1343,452,0.26737961173057556
snoopy_mickey_spongebob,Snoopy + Mickey + Spongebob,1343,453,0.26663327217102051
snoopy_mickey_spongebob,Snoopy + Mickey + Spongebob,1343,454,0.26543930172920227
snoopy_mickey_spongebob,Snoopy + Mickey + Spongebob,1343,455,0.2635173499584198
snoopy_mickey_spongebob,Snoopy + Mickey + Spongebob,1343,456,0.26276481151580811
snoopy_mickey_spongebob,Snoopy + Mickey + Spongebob,1343,457,0.26088947057723999
snoopy_mickey_spongebob,Snoopy + Mickey + Spongebob,1343,458,0.26013758778572083
snoopy_mickey_spongebob,Snoopy + Mickey + Spongebob,1343,459,0.25859177112579346
snoopy_mickey_spongebob,Snoopy + Mickey + Spongebob,1343,460,0.25743469595909119
snoopy_mickey_spongebob,Snoopy + Mickey + Spongebob,1343,461,0.25609412789344788
snoopy_mickey_spongebob,Snoopy + Mickey + Spongebob,1343,462,0.25439521670341492
snoopy_mickey_spongebob,Snoopy + Mickey + Spongebob,1343,463,0.25404378771781921
snoopy_mickey_spongebob,Snoopy + Mickey + Spongebob,1343,464,0.25217768549919128
snoopy_mickey_spongebob,Snoopy + Mickey + Spongebob,1343,465,0.25078389048576355
snoopy_mickey_spongebob,Snoopy + Mickey + Spongebob,1343,466,0.24809925258159637
snoopy_mickey_spongebob,Snoopy + Mickey + Spongebob,1343,467,0.24745729565620422
snoopy_mickey_spongebob,Snoopy + Mickey + Spongebob,1343,468,0.24673372507095337
snoopy_mickey_spongebob,Snoopy + Mickey + Spongebob,1343,469,0.24567055702209473
snoopy_mickey_spongebob,Snoopy + Mickey + Spongebob,1343,470,0.24422870576381683
snoopy_mickey_spongebob,Snoopy + Mickey + Spongebob,1343,471,0.24297963082790375
snoopy_mickey_spongebob,Snoopy + Mickey + Spongebob,1343,472,0.24132098257541656
snoopy_mickey_spongebob,Snoopy + Mickey + Spongebob,1343,473,0.24045436084270477
snoopy_mickey_spongebob,Snoopy + Mickey + Spongebob,1343,474,0.23903477191925049
snoopy_mickey_spongebob,Snoopy + Mickey + Spongebob,1343,475,0.23830758035182953
snoopy_mickey_spongebob,Snoopy + Mickey + Spongebob,1343,476,0.23711970448493958
snoopy_mickey_spongebob,Snoopy + Mickey + Spongebob,1343,477,0.23641778528690338
snoopy_mickey_spongebob,Snoopy + Mickey + Spongebob,1343,478,0.23526118695735931
snoopy_mickey_spongebob,Snoopy + Mickey + Spongebob,1343,479,0.23437683284282684
snoopy_mickey_spongebob,Snoopy + Mickey + Spongebob,1343,480,0.23277324438095093
snoopy_mickey_spongebob,Snoopy + Mickey + Spongebob,1343,481,0.23053233325481415
snoopy_mickey_spongebob,Snoopy + Mickey + Spongebob,1343,482,0.23031188547611237
snoopy_mickey_spongebob,Snoopy + Mickey + Spongebob,1343,483,0.22973725199699402
snoopy_mickey_spongebob,Snoopy + Mickey + Spongebob,1343,484,0.22717584669589996
snoopy_mickey_spongebob,Snoopy + Mickey + Spongebob,1343,485,0.22670598328113556
snoopy_mickey_spongebob,Snoopy + Mickey + Spongebob,1343,486,0.22541102766990662
snoopy_mickey_spongebob,Snoopy + Mickey + Spongebob,1343,487,0.22402593493461609
snoopy_mickey_spongebob,Snoopy + Mickey + Spongebob,1343,488,0.22356191277503967
snoopy_mickey_spongebob,Snoopy + Mickey + Spongebob,1343,489,0.22222691774368286
snoopy_mickey_spongebob,Snoopy + Mickey + Spongebob,1343,490,0.22140057384967804
snoopy_mickey_spongebob,Snoopy + Mickey + Spongebob,1343,491,0.22090303897857666
snoopy_mickey_spongebob,Snoopy + Mickey + Spongebob,1343,492,0.22003167867660522
snoopy_mickey_spongebob,Snoopy + Mickey + Spongebob,1343,493,0.21884617209434509
snoopy_mickey_spongebob,Snoopy + Mickey + Spongebob,1343,494,0.2164246141910553
snoopy_mickey_spongebob,Snoopy + Mickey + Spongebob,1343,495,0.21594923734664917
snoopy_mickey_spongebob,Snoopy + Mickey + Spongebob,1343,496,0.2151314914226532
snoopy_mickey_spongebob,Snoopy + Mickey + Spongebob,1343,497,0.21310089528560638
snoopy_mickey_spongebob,Snoopy + Mickey + Spongebob,1343,498,0.21177093684673309
snoopy_mickey_spongebob,Snoopy + Mickey + Spongebob,1343,499,0.21111080050468445
snoopy_mickey_spongebob,Snoopy + Mickey + Spongebob,1343,500,0.20979134738445282
snoopy_mickey_spongebob,Snoopy + Mickey + Spongebob,1343,501,0.20895001292228699
snoopy_mickey_spongebob,Snoopy + Mickey + Spongebob,1343,502,0.20800122618675232
snoopy_mickey_spongebob,Snoopy + Mickey + Spongebob,1343,503,0.20733615756034851
snoopy_mickey_spongebob,Snoopy + Mickey + Spongebob,1343,504,0.20424456894397736
snoopy_mickey_spongebob,Snoopy + Mickey + Spongebob,1343,505,0.20317272841930389
snoopy_mickey_spongebob,Snoopy + Mickey + Spongebob,1343,506,0.20232623815536499
snoopy_mickey_spongebob,Snoopy + Mickey + Spongebob,1343,507,0.20152547955513
snoopy_mickey_spongebob,Snoopy + Mickey + Spongebob,1343,508,0.20016571879386902
snoopy_mickey_spongebob,Snoopy + Mickey + Spongebob,1343,509,0.19977317750453949
snoopy_mickey_spongebob,Snoopy + Mickey + Spongebob,1343,510,0.19846108555793762
snoopy_mickey_spongebob,Snoopy + Mickey + Spongebob,1343,511,0.1978396475315094
snoopy_mickey_spongebob,Snoopy + Mickey + Spongebob,1343,512,0.19589027762413025
snoopy_mickey_spongebob,Snoopy + Mickey + Spongebob,1343,513,0.1950734406709671
snoopy_mickey_spongebob,Snoopy + Mickey + Spongebob,1343,514,0.19453127682209015
snoopy_mickey_spongebob,Snoopy + Mickey + Spongebob,1343,515,0.19281131029129028
snoopy_mickey_spongebob,Snoopy + Mickey + Spongebob,1343,516,0.19178982079029083
snoopy_mickey_spongebob,Snoopy + Mickey + Spongebob,1343,517,0.19099396467208862
snoopy_mickey_spongebob,Snoopy + Mickey + Spongebob,1343,518,0.18995721638202667
snoopy_mickey_spongebob,Snoopy + Mickey + Spongebob,1343,519,0.1887277364730835
snoopy_mickey_spongebob,Snoopy + Mickey + Spongebob,1343,520,0.18616700172424316
snoopy_mickey_spongebob,Snoopy + Mickey + Spongebob,1343,521,0.18567179143428802
snoopy_mickey_spongebob,Snoopy + Mickey + Spongebob,1343,522,0.18479126691818237
snoopy_mickey_spongebob,Snoopy + Mickey + Spongebob,1343,523,0.18408486247062683
snoopy_mickey_spongebob,Snoopy + Mickey + Spongebob,1343,524,0.18270376324653625
snoopy_mickey_spongebob,Snoopy + Mickey + Spongebob,1343,525,0.18214151263237
snoopy_mickey_spongebob,Snoopy + Mickey + Spongebob,1343,526,0.18095371127128601
snoopy_mickey_spongebob,Snoopy + Mickey + Spongebob,1343,527,0.1799866110086441
snoopy_mickey_spongebob,Snoopy + Mickey + Spongebob,1343,528,0.17934192717075348
snoopy_mickey_spongebob,Snoopy + Mickey + Spongebob,1343,529,0.17838595807552338
snoopy_mickey_spongebob,Snoopy + Mickey + Spongebob,1343,530,0.17772431671619415
snoopy_mickey_spongebob,Snoopy + Mickey + Spongebob,1343,531,0.17634314298629761
snoopy_mickey_spongebob,Snoopy + Mickey + Spongebob,1343,532,0.17479176819324493
snoopy_mickey_spongebob,Snoopy + Mickey + Spongebob,1343,533,0.17436954379081726
snoopy_mickey_spongebob,Snoopy + Mickey + Spongebob,1343,534,0.17344631254673004
snoopy_mickey_spongebob,Snoopy + Mickey + Spongebob,1343,535,0.17291070520877838
snoopy_mickey_spongebob,Snoopy + Mickey + Spongebob,1343,536,0.17193438112735748
snoopy_mickey_spongebob,Snoopy + Mickey + Spongebob,1343,537,0.17061932384967804
snoopy_mickey_spongebob,Snoopy + Mickey + Spongebob,1343,538,0.17014478147029877
snoopy_mickey_spongebob,Snoopy + Mickey + Spongebob,1343,539,0.16985833644866943
snoopy_mickey_spongebob,Snoopy + Mickey + Spongebob,1343,540,0.16799670457839966
snoopy_mickey_spongebob,Snoopy + Mickey + Spongebob,1343,541,0.1669812947511673
snoopy_mickey_spongebob,Snoopy + Mickey + Spongebob,1343,542,0.16588763892650604
snoopy_mickey_spongebob,Snoopy + Mickey + Spongebob,1343,543,0.16460555791854858
snoopy_mickey_spongebob,Snoopy + Mickey + Spongebob,1343,544,0.16267953813076019
snoopy_mickey_spongebob,Snoopy + Mickey + Spongebob,1343,545,0.16217419505119324
snoopy_mickey_spongebob,Snoopy + Mickey + Spongebob,1343,546,0.16129310429096222
snoopy_mickey_spongebob,Snoopy + Mickey + Spongebob,1343,547,0.16087335348129272
snoopy_mickey_spongebob,Snoopy + Mickey + Spongebob,1343,548,0.1599261611700058
snoopy_mickey_spongebob,Snoopy + Mickey + Spongebob,1343,549,0.15936948359012604
snoopy_mickey_spongebob,Snoopy + Mickey + Spongebob,1343,550,0.15859577059745789
snoopy_mickey_spongebob,Snoopy + Mickey + Spongebob,1343,551,0.15723051130771637
snoopy_mickey_spongebob,Snoopy + Mickey + Spongebob,1343,552,0.15596936643123627
snoopy_mickey_spongebob,Snoopy + Mickey + Spongebob,1343,553,0.15556755661964417
snoopy_mickey_spongebob,Snoopy + Mickey + Spongebob,1343,554,0.15507557988166809
snoopy_mickey_spongebob,Snoopy + Mickey + Spongebob,1343,555,0.15446360409259796
snoopy_mickey_spongebob,Snoopy + Mickey + Spongebob,1343,556,0.15186391770839691
snoopy_mickey_spongebob,Snoopy + Mickey + Spongebob,1343,557,0.15093840658664703
snoopy_mickey_spongebob,Snoopy + Mickey + Spongebob,1343,558,0.14996029436588287
snoopy_mickey_spongebob,Snoopy + Mickey + Spongebob,1343,559,0.14925673604011536
snoopy_mickey_spongebob,Snoopy + Mickey + Spongebob,1343,560,0.14873416721820831
snoopy_mickey_spongebob,Snoopy + Mickey + Spongebob,1343,561,0.14853264391422272
snoopy_mickey_spongebob,Snoopy + Mickey + Spongebob,1343,562,0.14829730987548828
snoopy_mickey_spongebob,Snoopy + Mickey + Spongebob,1343,563,0.14689908921718597
snoopy_mickey_spongebob,Snoopy + Mickey + Spongebob,1343,564,0.14590023458003998
snoopy_mickey_spongebob,Snoopy + Mickey + Spongebob,1343,565,0.1450892835855484
snoopy_mickey_spongebob,Snoopy + Mickey + Spongebob,1343,566,0.14481660723686218
snoopy_mickey_spongebob,Snoopy + Mickey + Spongebob,1343,567,0.1432146281003952
snoopy_mickey_spongebob,Snoopy + Mickey + Spongebob,1343,568,0.14295254647731781
snoopy_mickey_spongebob,Snoopy + Mickey + Spongebob,1343,569,0.14076133072376251
snoopy_mickey_spongebob,Snoopy + Mickey + Spongebob,1343,570,0.13986159861087799
snoopy_mickey_spongebob,Snoopy + Mickey + Spongebob,1343,571,0.13934323191642761
snoopy_mickey_spongebob,Snoopy + Mickey + Spongebob,1343,572,0.139140784740448
snoopy_mickey_spongebob,Snoopy + Mickey + Spongebob,1343,573,0.13715742528438568
snoopy_mickey_spongebob,Snoopy + Mickey + Spongebob,1343,574,0.13673482835292816
snoopy_mickey_spongebob,Snoopy + Mickey + Spongebob,1343,575,0.13625366985797882
snoopy_mickey_spongebob,Snoopy + Mickey + Spongebob,1343,576,0.1345139741897583
snoopy_mickey_spongebob,Snoopy + Mickey + Spongebob,1343,577,0.13416899740695953
snoopy_mickey_spongebob,Snoopy + Mickey + Spongebob,1343,578,0.1339460015296936
snoopy_mickey_spongebob,Snoopy + Mickey + Spongebob,1343,579,0.13335785269737244
snoopy_mickey_spongebob,Snoopy + Mickey + Spongebob,1343,580,0.13298188149929047
snoopy_mickey_spongebob,Snoopy + Mickey + Spongebob,1343,581,0.13140437006950378
snoopy_mickey_spongebob,Snoopy + Mickey + Spongebob,1343,582,0.13021571934223175
snoopy_mickey_spongebob,Snoopy + Mickey + Spongebob,1343,583,0.12937802076339722
snoopy_mickey_spongebob,Snoopy + Mickey + Spongebob,1343,584,0.12865671515464783
snoopy_mickey_spongebob,Snoopy + Mickey + Spongebob,1343,585,0.12820841372013092
snoopy_mickey_spongebob,Snoopy + Mickey + Spongebob,1343,586,0.12727773189544678
snoopy_mickey_spongebob,Snoopy + Mickey + Spongebob,1343,587,0.12675441801548004
snoopy_mickey_spongebob,Snoopy + Mickey + Spongebob,1343,588,0.12617313861846924
snoopy_mickey_spongebob,Snoopy + Mickey + Spongebob,1343,589,0.12497644126415253
snoopy_mickey_spongebob,Snoopy + Mickey + Spongebob,1343,590,0.12394064664840698
snoopy_mickey_spongebob,Snoopy + Mickey + Spongebob,1343,591,0.12339483201503754
snoopy_mickey_spongebob,Snoopy + Mickey + Spongebob,1343,592,0.12270869314670563
snoopy_mickey_spongebob,Snoopy + Mickey + Spongebob,1343,593,0.12244629859924316
snoopy_mickey_spongebob,Snoopy + Mickey + Spongebob,1343,594,0.12116014957427979
snoopy_mickey_spongebob,Snoopy + Mickey + Spongebob,1343,595,0.12076649814844131
snoopy_mickey_spongebob,Snoopy + Mickey + Spongebob,1343,596,0.12050516903400421
snoopy_mickey_spongebob,Snoopy + Mickey + Spongebob,1343,597,0.11972556263208389
snoopy_mickey_spongebob,Snoopy + Mickey + Spongebob,1343,598,0.1190032958984375
snoopy_mickey_spongebob,Snoopy + Mickey + Spongebob,1343,599,0.11816426366567612
snoopy_mickey_spongebob,Snoopy + Mickey + Spongebob,1343,600,0.11736881732940674
snoopy_mickey_spongebob,Snoopy + Mickey + Spongebob,1343,601,0.11706516146659851
snoopy_mickey_spongebob,Snoopy + Mickey + Spongebob,1343,602,0.11643049120903015
snoopy_mickey_spongebob,Snoopy + Mickey + Spongebob,1343,603,0.11515103280544281
snoopy_mickey_spongebob,Snoopy + Mickey + Spongebob,1343,604,0.11486156284809113
snoopy_mickey_spongebob,Snoopy + Mickey + Spongebob,1343,605,0.11419849842786789
snoopy_mickey_spongebob,Snoopy + Mickey + Spongebob,1343,606,0.11379864066839218
snoopy_mickey_spongebob,Snoopy + Mickey + Spongebob,1343,607,0.11290629208087921
snoopy_mickey_spongebob,Snoopy + Mickey + Spongebob,1343,608,0.11247128993272781
snoopy_mickey_spongebob,Snoopy + Mickey + Spongebob,1343,609,0.11097490042448044
snoopy_mickey_spongebob,Snoopy + Mickey + Spongebob,1343,610,0.11062200367450714
snoopy_mickey_spongebob,Snoopy + Mickey + Spongebob,1343,611,0.10997722297906876
snoopy_mickey_spongebob,Snoopy + Mickey + Spongebob,1343,612,0.10879482328891754
snoopy_mickey_spongebob,Snoopy + Mickey + Spongebob,1343,613,0.10859555006027222
snoopy_mickey_spongebob,Snoopy + Mickey + Spongebob,1343,614,0.10772669315338135
snoopy_mickey_spongebob,Snoopy + Mickey + Spongebob,1343,615,0.10697499662637711
snoopy_mickey_spongebob,Snoopy + Mickey + Spongebob,1343,616,0.10495565086603165
snoopy_mickey_spongebob,Snoopy + Mickey + Spongebob,1343,617,0.10465281456708908
snoopy_mickey_spongebob,Snoopy + Mickey + Spongebob,1343,618,0.10419780761003494
snoopy_mickey_spongebob,Snoopy + Mickey + Spongebob,1343,619,0.10403721034526825
snoopy_mickey_spongebob,Snoopy + Mickey + Spongebob,1343,620,0.10340157151222229
snoopy_mickey_spongebob,Snoopy + Mickey + Spongebob,1343,621,0.10236646234989166
snoopy_mickey_spongebob,Snoopy + Mickey + Spongebob,1343,622,0.10172252357006073
snoopy_mickey_spongebob,Snoopy + Mickey + Spongebob,1343,623,0.1012926921248436
snoopy_mickey_spongebob,Snoopy + Mickey + Spongebob,1343,624,0.09995771199464798
snoopy_mickey_spongebob,Snoopy + Mickey + Spongebob,1343,625,0.099883593618869781
snoopy_mickey_spongebob,Snoopy + Mickey + Spongebob,1343,626,0.099379539489746094
snoopy_mickey_spongebob,Snoopy + Mickey + Spongebob,1343,627,0.098407238721847534
snoopy_mickey_spongebob,Snoopy + Mickey + Spongebob,1343,628,0.098343335092067719
snoopy_mickey_spongebob,Snoopy + Mickey + Spongebob,1343,629,0.098107144236564636
snoopy_mickey_spongebob,Snoopy + Mickey + Spongebob,1343,630,0.096797637641429901
snoopy_mickey_spongebob,Snoopy + Mickey + Spongebob,1343,631,0.096256017684936523
snoopy_mickey_spongebob,Snoopy + Mickey + Spongebob,1343,632,0.09605078399181366
snoopy_mickey_spongebob,Snoopy + Mickey + Spongebob,1343,633,0.095039397478103638
snoopy_mickey_spongebob,Snoopy + Mickey + Spongebob,1343,634,0.094578251242637634
snoopy_mickey_spongebob,Snoopy + Mickey + Spongebob,1343,635,0.0941653773188591
snoopy_mickey_spongebob,Snoopy + Mickey + Spongebob,1343,636,0.092197693884372711
snoopy_mickey_spongebob,Snoopy + Mickey + Spongebob,1343,637,0.091898597776889801
snoopy_mickey_spongebob,Snoopy + Mickey + Spongebob,1343,638,0.091693207621574402
snoopy_mickey_spongebob,Snoopy + Mickey + Spongebob,1343,639,0.090546555817127228
snoopy_mickey_spongebob,Snoopy + Mickey + Spongebob,1343,640,0.089595615863800049
snoopy_mickey_spongebob,Snoopy + Mickey + Spongebob,1343,641,0.088952593505382538
snoopy_mickey_spongebob,Snoopy + Mickey + Spongebob,1343,642,0.088541112840175629
snoopy_mickey_spongebob,Snoopy + Mickey + Spongebob,1343,643,0.088066421449184418
snoopy_mickey_spongebob,Snoopy + Mickey + Spongebob,1343,644,0.087538048624992371
snoopy_mickey_spongebob,Snoopy + Mickey + Spongebob,1343,645,0.086610712110996246
snoopy_mickey_spongebob,Snoopy + Mickey + Spongebob,1343,646,0.086164481937885284
snoopy_mickey_spongebob,Snoopy + Mickey + Spongebob,1343,647,0.085454992949962616
snoopy_mickey_spongebob,Snoopy + Mickey + Spongebob,1343,648,0.084671124815940857
snoopy_mickey_spongebob,Snoopy + Mickey + Spongebob,1343,649,0.083931609988212585
snoopy_mickey_spongebob,Snoopy + Mickey + Spongebob,1343,650,0.083563968539237976
snoopy_mickey_spongebob,Snoopy + Mickey + Spongebob,1343,651,0.083154305815696716
snoopy_mickey_spongebob,Snoopy + Mickey + Spongebob,1343,652,0.082295514643192291
snoopy_mickey_spongebob,Snoopy + Mickey + Spongebob,1343,653,0.081846795976161957
snoopy_mickey_spongebob,Snoopy + Mickey + Spongebob,1343,654,0.080865107476711273
snoopy_mickey_spongebob,Snoopy + Mickey + Spongebob,1343,655,0.080247461795806885
snoopy_mickey_spongebob,Snoopy + Mickey + Spongebob,1343,656,0.079250603914260864
snoopy_mickey_spongebob,Snoopy + Mickey + Spongebob,1343,657,0.078750260174274445
snoopy_mickey_spongebob,Snoopy + Mickey + Spongebob,1343,658,0.078435949981212616
snoopy_mickey_spongebob,Snoopy + Mickey + Spongebob,1343,659,0.078110933303833008
snoopy_mickey_spongebob,Snoopy + Mickey + Spongebob,1343,660,0.07734418660402298
snoopy_mickey_spongebob,Snoopy + Mickey + Spongebob,1343,661,0.077073007822036743
snoopy_mickey_spongebob,Snoopy + Mickey + Spongebob,1343,662,0.076446898281574249
snoopy_mickey_spongebob,Snoopy + Mickey + Spongebob,1343,663,0.07586275041103363
snoopy_mickey_spongebob,Snoopy + Mickey + Spongebob,1343,664,0.075297988951206207
snoopy_mickey_spongebob,Snoopy + Mickey + Spongebob,1343,665,0.074595645070075989
snoopy_mickey_spongebob,Snoopy + Mickey + Spongebob,1343,666,0.074138879776000977
snoopy_mickey_spongebob,Snoopy + Mickey + Spongebob,1343,667,0.07340683788061142
snoopy_mickey_spongebob,Snoopy + Mickey + Spongebob,1343,668,0.072872698307037354
snoopy_mickey_spongebob,Snoopy + Mickey + Spongebob,1343,669,0.072456777095794678
snoopy_mickey_spongebob,Snoopy + Mickey + Spongebob,1343,670,0.071466460824012756
snoopy_mickey_spongebob,Snoopy + Mickey + Spongebob,1343,671,0.071101434528827667
snoopy_mickey_spongebob,Snoopy + Mickey + Spongebob,1343,672,0.070418030023574829
snoopy_mickey_spongebob,Snoopy + Mickey + Spongebob,1343,673,0.06958712637424469
snoopy_mickey_spongebob,Snoopy + Mickey + Spongebob,1343,674,0.068716242909431458
snoopy_mickey_spongebob,Snoopy + Mickey + Spongebob,1343,675,0.068233966827392578
snoopy_mickey_spongebob,Snoopy + Mickey + Spongebob,1343,676,0.068081818521022797
snoopy_mickey_spongebob,Snoopy + Mickey + Spongebob,1343,677,0.067223541438579559
snoopy_mickey_spongebob,Snoopy + Mickey + Spongebob,1343,678,0.066835135221481323
snoopy_mickey_spongebob,Snoopy + Mickey + Spongebob,1343,679,0.066523998975753784
snoopy_mickey_spongebob,Snoopy + Mickey + Spongebob,1343,680,0.065884783864021301
snoopy_mickey_spongebob,Snoopy + Mickey + Spongebob,1343,681,0.065536037087440491
snoopy_mickey_spongebob,Snoopy + Mickey + Spongebob,1343,682,0.065283894538879395
snoopy_mickey_spongebob,Snoopy + Mickey + Spongebob,1343,683,0.065066449344158173
snoopy_mickey_spongebob,Snoopy + Mickey + Spongebob,1343,684,0.064302757382392883
snoopy_mickey_spongebob,Snoopy + Mickey + Spongebob,1343,685,0.063936203718185425
snoopy_mickey_spongebob,Snoopy + Mickey + Spongebob,1343,686,0.063084013760089874
snoopy_mickey_spongebob,Snoopy + Mickey + Spongebob,1343,687,0.062252547591924667
snoopy_mickey_spongebob,Snoopy + Mickey + Spongebob,1343,688,0.06184101477265358
snoopy_mickey_spongebob,Snoopy + Mickey + Spongebob,1343,689,0.061682071536779404
snoopy_mickey_spongebob,Snoopy + Mickey + Spongebob,1343,690,0.061173118650913239
snoopy_mickey_spongebob,Snoopy + Mickey + Spongebob,1343,691,0.060363210737705231
snoopy_mickey_spongebob,Snoopy + Mickey + Spongebob,1343,692,0.060032624751329422
snoopy_mickey_spongebob,Snoopy + Mickey + Spongebob,1343,693,0.059540111571550369
snoopy_mickey_spongebob,Snoopy + Mickey + Spongebob,1343,694,0.058892689645290375
snoopy_mickey_spongebob,Snoopy + Mickey + Spongebob,1343,695,0.058349724858999252
snoopy_mickey_spongebob,Snoopy + Mickey + Spongebob,1343,696,0.057751074433326721
snoopy_mickey_spongebob,Snoopy + Mickey + Spongebob,1343,697,0.057101666927337646
snoopy_mickey_spongebob,Snoopy + Mickey + Spongebob,1343,698,0.056620784103870392
snoopy_mickey_spongebob,Snoopy + Mickey + Spongebob,1343,699,0.056468475610017776
snoopy_mickey_spongebob,Snoopy + Mickey + Spongebob,1343,700,0.055411525070667267
snoopy_mickey_spongebob,Snoopy + Mickey + Spongebob,1343,701,0.055035516619682312
snoopy_mickey_spongebob,Snoopy + Mickey + Spongebob,1343,702,0.05385773628950119
snoopy_mickey_spongebob,Snoopy + Mickey + Spongebob,1343,703,0.053706131875514984
snoopy_mickey_spongebob,Snoopy + Mickey + Spongebob,1343,704,0.053316190838813782
snoopy_mickey_spongebob,Snoopy + Mickey + Spongebob,1343,705,0.052505582571029663
snoopy_mickey_spongebob,Snoopy + Mickey + Spongebob,1343,706,0.052350815385580063
snoopy_mickey_spongebob,Snoopy + Mickey + Spongebob,1343,707,0.051866117864847183
snoopy_mickey_spongebob,Snoopy + Mickey + Spongebob,1343,708,0.0510561503469944
snoopy_mickey_spongebob,Snoopy + Mickey + Spongebob,1343,709,0.050893206149339676
snoopy_mickey_spongebob,Snoopy + Mickey + Spongebob,1343,710,0.050703264772891998
snoopy_mickey_spongebob,Snoopy + Mickey + Spongebob,1343,711,0.049618951976299286
snoopy_mickey_spongebob,Snoopy + Mickey + Spongebob,1343,712,0.049401599913835526
snoopy_mickey_spongebob,Snoopy + Mickey + Spongebob,1343,713,0.048459134995937347
snoopy_mickey_spongebob,Snoopy + Mickey + Spongebob,1343,714,0.047976791858673096
snoopy_mickey_spongebob,Snoopy + Mickey + Spongebob,1343,715,0.047593574970960617
snoopy_mickey_spongebob,Snoopy + Mickey + Spongebob,1343,716,0.047301236540079117
snoopy_mickey_spongebob,Snoopy + Mickey + Spongebob,1343,717,0.047067705541849136
snoopy_mickey_spongebob,Snoopy + Mickey + Spongebob,1343,718,0.046141143888235092
snoopy_mickey_spongebob,Snoopy + Mickey + Spongebob,1343,719,0.045814674347639084
snoopy_mickey_spongebob,Snoopy + Mickey + Spongebob,1343,720,0.044851824641227722
snoopy_mickey_spongebob,Snoopy + Mickey + Spongebob,1343,721,0.044456381350755692
snoopy_mickey_spongebob,Snoopy + Mickey + Spongebob,1343,722,0.044217344373464584
snoopy_mickey_spongebob,Snoopy + Mickey + Spongebob,1343,723,0.043633505702018738
snoopy_mickey_spongebob,Snoopy + Mickey + Spongebob,1343,724,0.04305494949221611
snoopy_mickey_spongebob,Snoopy + Mickey + Spongebob,1343,725,0.042673446238040924
snoopy_mickey_spongebob,Snoopy + Mickey + Spongebob,1343,726,0.042198482900857925
snoopy_mickey_spongebob,Snoopy + Mickey + Spongebob,1343,727,0.04160761833190918
snoopy_mickey_spongebob,Snoopy + Mickey + Spongebob,1343,728,0.041355177760124207
snoopy_mickey_spongebob,Snoopy + Mickey + Spongebob,1343,729,0.040595583617687225
snoopy_mickey_spongebob,Snoopy + Mickey + Spongebob,1343,730,0.040239397436380386
snoopy_mickey_spongebob,Snoopy + Mickey + Spongebob,1343,731,0.040015019476413727
snoopy_mickey_spongebob,Snoopy + Mickey + Spongebob,1343,732,0.039519470185041428
snoopy_mickey_spongebob,Snoopy + Mickey + Spongebob,1343,733,0.038792930543422699
snoopy_mickey_spongebob,Snoopy + Mickey + Spongebob,1343,734,0.038019239902496338
snoopy_mickey_spongebob,Snoopy + Mickey + Spongebob,1343,735,0.037688411772251129
snoopy_mickey_spongebob,Snoopy + Mickey + Spongebob,1343,736,0.0373084656894207
snoopy_mickey_spongebob,Snoopy + Mickey + Spongebob,1343,737,0.037024989724159241
snoopy_mickey_spongebob,Snoopy + Mickey + Spongebob,1343,738,0.036197073757648468
snoopy_mickey_spongebob,Snoopy + Mickey + Spongebob,1343,739,0.0358099564909935
snoopy_mickey_spongebob,Snoopy + Mickey + Spongebob,1343,740,0.035541258752346039
snoopy_mickey_spongebob,Snoopy + Mickey + Spongebob,1343,741,0.03506801649928093
snoopy_mickey_spongebob,Snoopy + Mickey + Spongebob,1343,742,0.034707501530647278
snoopy_mickey_spongebob,Snoopy + Mickey + Spongebob,1343,743,0.034489821642637253
snoopy_mickey_spongebob,Snoopy + Mickey + Spongebob,1343,744,0.033859770745038986
snoopy_mickey_spongebob,Snoopy + Mickey + Spongebob,1343,745,0.033176355063915253
snoopy_mickey_spongebob,Snoopy + Mickey + Spongebob,1343,746,0.032600570470094681
snoopy_mickey_spongebob,Snoopy + Mickey + Spongebob,1343,747,0.032069653272628784
snoopy_mickey_spongebob,Snoopy + Mickey + Spongebob,1343,748,0.031725320965051651
snoopy_mickey_spongebob,Snoopy + Mickey + Spongebob,1343,749,0.030851850286126137
snoopy_mickey_spongebob,Snoopy + Mickey + Spongebob,1343,750,0.029845766723155975
snoopy_mickey_spongebob,Snoopy + Mickey + Spongebob,1343,751,0.029574070125818253
snoopy_mickey_spongebob,Snoopy + Mickey + Spongebob,1343,752,0.029058529064059258
snoopy_mickey_spongebob,Snoopy + Mickey + Spongebob,1343,753,0.028908973559737206
snoopy_mickey_spongebob,Snoopy + Mickey + Spongebob,1343,754,0.028209445998072624
snoopy_mickey_spongebob,Snoopy + Mickey + Spongebob,1343,755,0.027774492278695107
snoopy_mickey_spongebob,Snoopy + Mickey + Spongebob,1343,756,0.027321102097630501
snoopy_mickey_spongebob,Snoopy + Mickey + Spongebob,1343,757,0.026746353134512901
snoopy_mickey_spongebob,Snoopy + Mickey + Spongebob,1343,758,0.026444660499691963
snoopy_mickey_spongebob,Snoopy + Mickey + Spongebob,1343,759,0.02614164911210537
snoopy_mickey_spongebob,Snoopy + Mickey + Spongebob,1343,760,0.025098046287894249
snoopy_mickey_spongebob,Snoopy + Mickey + Spongebob,1343,761,0.024469751864671707
snoopy_mickey_spongebob,Snoopy + Mickey + Spongebob,1343,762,0.023956459015607834
snoopy_mickey_spongebob,Snoopy + Mickey + Spongebob,1343,763,0.023116618394851685
snoopy_mickey_spongebob,Snoopy + Mickey + Spongebob,1343,764,0.022913336753845215
snoopy_mickey_spongebob,Snoopy + Mickey + Spongebob,1343,765,0.022144239395856857
snoopy_mickey_spongebob,Snoopy + Mickey + Spongebob,1343,766,0.021632010117173195
snoopy_mickey_spongebob,Snoopy + Mickey + Spongebob,1343,767,0.021419208496809006
snoopy_mickey_spongebob,Snoopy + Mickey + Spongebob,1343,768,0.013160237111151218
