target_index,target_concept,layer_index,layer_name,embedding_cosine,embedding_angle_degrees,target_embedding_norm,shifted_embedding_norm,residual_norm,relative_embedding_residual_norm,output_cosine,output_angle_degrees,target_output_norm,shifted_output_norm,output_residual_norm,relative_output_residual_norm
0,Adam Driver,0,down_blocks.0.attentions.0.transformer_blocks.0.attn2.to_v.weight,0.005314919166266918,89.69548034667969,28.008241653442383,23.517545700073242,36.476497650146484,1.3023487329483032,0.4472024142742157,63.4356689453125,12.698660850524902,10.16077995300293,12.210402488708496,0.9615504145622253
1,Adriana Lima,0,down_blocks.0.attentions.0.transformer_blocks.0.attn2.to_v.weight,-0.04475577175617218,92.56517791748047,27.914234161376953,23.334749221801758,37.17552947998047,1.3317768573760986,0.37386709451675415,68.04569244384766,10.98491096496582,11.054821968078613,12.33188247680664,1.1226201057434082
2,Amber Heard,0,down_blocks.0.attentions.0.transformer_blocks.0.attn2.to_v.weight,0.034660592675209045,88.0136947631836,27.69015884399414,22.839452743530273,35.278106689453125,1.2740304470062256,0.45744916796684265,62.77737045288086,11.934714317321777,10.09770393371582,11.582040786743164,0.9704497456550598
3,Amy Adams,0,down_blocks.0.attentions.0.transformer_blocks.0.attn2.to_v.weight,-0.015378149226307869,90.88114166259766,27.93412971496582,23.132652282714844,36.54188537597656,1.3081448078155518,0.47435614466667175,61.68256378173828,11.456709861755371,10.992765426635742,11.515875816345215,1.0051642656326294
4,Andrew Garfield,0,down_blocks.0.attentions.0.transformer_blocks.0.attn2.to_v.weight,0.01132864598184824,89.35090637207031,27.900615692138672,24.250118255615234,36.7584342956543,1.3174775838851929,0.4342624545097351,64.26162719726562,13.045324325561523,10.556122779846191,12.728289604187012,0.9756974577903748
5,Angelina Jolie,0,down_blocks.0.attentions.0.transformer_blocks.0.attn2.to_v.weight,0.054802607744932175,86.85847473144531,28.37268829345703,23.560564041137695,35.8725700378418,1.2643345594406128,0.6009433269500732,53.0625114440918,13.150802612304688,11.40934944152832,11.080761909484863,0.8425920605659485
6,Anjelica Huston,0,down_blocks.0.attentions.0.transformer_blocks.0.attn2.to_v.weight,0.048859938979148865,87.19941711425781,27.875823974609375,23.413700103759766,35.51736831665039,1.2741279602050781,0.4130960702896118,65.60052490234375,11.89107894897461,10.3923921585083,12.136778831481934,1.020662546157837
7,Anna Faris,0,down_blocks.0.attentions.0.transformer_blocks.0.attn2.to_v.weight,0.040542617440223694,87.67644500732422,27.668066024780273,23.263093948364258,35.418968200683594,1.2801389694213867,0.49193304777145386,60.53228759765625,11.487137794494629,11.1607084274292,11.418389320373535,0.9940151572227478
8,Anna Kendrick,0,down_blocks.0.attentions.0.transformer_blocks.0.attn2.to_v.weight,0.04333458095788956,87.5163345336914,28.461196899414062,24.364511489868164,36.654727935791016,1.28788423538208,0.5693085789680481,55.297977447509766,11.439868927001953,11.653555870056152,10.718256950378418,0.9369212985038757
9,Anne Hathaway,0,down_blocks.0.attentions.0.transformer_blocks.0.attn2.to_v.weight,0.02429751493036747,88.60771942138672,28.212099075317383,24.090578079223633,36.650390625,1.2991018295288086,0.5168741941452026,58.8771858215332,12.250544548034668,11.363483428955078,11.631753921508789,0.9494886994361877
10,Arnold Schwarzenegger,0,down_blocks.0.attentions.0.transformer_blocks.0.attn2.to_v.weight,0.08346748352050781,85.21209716796875,28.820634841918945,25.205060958862305,36.66958236694336,1.272337794303894,0.5758630037307739,54.839908599853516,12.137365341186523,11.449207305908203,10.878993034362793,0.8963224291801453
11,Barack Obama,0,down_blocks.0.attentions.0.transformer_blocks.0.attn2.to_v.weight,-0.0002225170173915103,90.01274871826172,28.38604164123535,23.672502517700195,36.965572357177734,1.3022446632385254,0.421578586101532,65.06570434570312,14.376540184020996,10.171165466308594,13.669158935546875,0.9507961273193359
12,Beth Behrs,0,down_blocks.0.attentions.0.transformer_blocks.0.attn2.to_v.weight,0.030796948820352554,88.23518371582031,27.48546600341797,24.830148696899414,36.46849822998047,1.3268284797668457,0.473713755607605,61.724365234375,13.192502975463867,10.50942325592041,12.374711036682129,0.9380108714103699
13,Bill Clinton,0,down_blocks.0.attentions.0.transformer_blocks.0.attn2.to_v.weight,0.08962774276733398,84.85780334472656,29.023052215576172,25.12827491760254,36.64746856689453,1.2627021074295044,0.42500171065330505,64.84923553466797,12.815049171447754,12.620250701904297,13.639131546020508,1.0643057823181152
14,Bob Dylan,0,down_blocks.0.attentions.0.transformer_blocks.0.attn2.to_v.weight,0.01362526323646307,89.21930694580078,29.00482177734375,22.8367977142334,36.67081832885742,1.26430082321167,0.50923091173172,59.38739013671875,12.19906234741211,11.650110244750977,11.82361888885498,0.9692235589027405
15,Bob Marley,0,down_blocks.0.attentions.0.transformer_blocks.0.attn2.to_v.weight,0.006284983828663826,89.639892578125,29.121788024902344,23.684326171875,37.421329498291016,1.2849942445755005,0.38309454917907715,67.47450256347656,11.93284797668457,11.750860214233398,13.154452323913574,1.1023732423782349
16,Bradley Cooper,0,down_blocks.0.attentions.0.transformer_blocks.0.attn2.to_v.weight,0.024942990392446518,88.57072448730469,28.211177825927734,22.07369041442871,35.38436508178711,1.2542675733566284,0.45311251282691956,63.05644226074219,13.072907447814941,9.314355850219727,12.137174606323242,0.9284219741821289
17,Bruce Willis,0,down_blocks.0.attentions.0.transformer_blocks.0.attn2.to_v.weight,0.07240448892116547,85.847900390625,28.377559661865234,25.014074325561523,36.4444580078125,1.2842702865600586,0.4482143521308899,63.37082290649414,13.28321647644043,11.557321548461914,13.130012512207031,0.9884663224220276
18,Bryan Cranston,0,down_blocks.0.attentions.0.transformer_blocks.0.attn2.to_v.weight,0.007258323486894369,89.5841293334961,28.275938034057617,22.837833404541016,36.21768569946289,1.2808659076690674,0.434344619512558,64.25640106201172,13.094694137573242,9.831952095031738,12.501907348632812,0.954730749130249
19,Cameron Diaz,0,down_blocks.0.attentions.0.transformer_blocks.0.attn2.to_v.weight,0.08736877143383026,84.98775482177734,27.852161407470703,24.518964767456055,35.462562561035156,1.273242712020874,0.570591151714325,55.20854187011719,12.454410552978516,10.719289779663086,10.847347259521484,0.8709643483161926
20,Channing Tatum,0,down_blocks.0.attentions.0.transformer_blocks.0.attn2.to_v.weight,-0.1313060224056244,97.5450668334961,28.636220932006836,21.567686080932617,38.04460525512695,1.3285484313964844,0.4698030650615692,61.97848892211914,12.329054832458496,9.941709518432617,11.647912979125977,0.944753110408783
21,Charlie Sheen,0,down_blocks.0.attentions.0.transformer_blocks.0.attn2.to_v.weight,-0.10003101825714111,95.74095153808594,27.521488189697266,22.10247039794922,36.98172378540039,1.3437399864196777,0.42500168085098267,64.84923553466797,12.037812232971191,10.551560401916504,12.176981925964355,1.0115610361099243
22,Charlize Theron,0,down_blocks.0.attentions.0.transformer_blocks.0.attn2.to_v.weight,0.08085896819829941,85.362060546875,27.582630157470703,23.196714401245117,34.57481384277344,1.2534995079040527,0.4500550329685211,63.252784729003906,11.624937057495117,10.023940086364746,11.433756828308105,0.9835543036460876
23,Chris Evans,0,down_blocks.0.attentions.0.transformer_blocks.0.attn2.to_v.weight,-0.002215444343164563,90.12693786621094,28.30531120300293,25.0194091796875,37.81930160522461,1.336120367050171,0.40798795223236084,65.92149353027344,13.23934268951416,11.478455543518066,13.528990745544434,1.0218778848648071
24,Chris Hemsworth,0,down_blocks.0.attentions.0.transformer_blocks.0.attn2.to_v.weight,0.05884624272584915,86.62641143798828,28.357040405273438,26.01243019104004,37.335693359375,1.3166286945343018,0.5210285782814026,58.59872817993164,12.880985260009766,11.537117004394531,12.006887435913086,0.9321404695510864
25,Chris Pine,0,down_blocks.0.attentions.0.transformer_blocks.0.attn2.to_v.weight,0.07136806100606918,85.90743255615234,28.11031723022461,22.761837005615234,34.884986877441406,1.2410029172897339,0.5251179933547974,58.32381057739258,12.00403118133545,10.655645370483398,11.104194641113281,0.9250388145446777
26,Chuck Norris,0,down_blocks.0.attentions.0.transformer_blocks.0.attn2.to_v.weight,0.020945081487298012,88.79985046386719,28.702478408813477,25.176746368408203,37.781341552734375,1.3163093328475952,0.5136010646820068,59.096004486083984,11.839620590209961,11.504101753234863,11.515717506408691,0.9726424217224121
27,Courteney Cox,0,down_blocks.0.attentions.0.transformer_blocks.0.attn2.to_v.weight,-0.01857098378241062,91.06410217285156,27.826133728027344,21.821285247802734,35.6793327331543,1.2822238206863403,0.512077808380127,59.19766616821289,11.746315956115723,10.911603927612305,11.214803695678711,0.9547507166862488
28,Demi Lovato,0,down_blocks.0.attentions.0.transformer_blocks.0.attn2.to_v.weight,0.10442433506250381,84.00599670410156,29.957365036010742,26.669212341308594,37.97147750854492,1.267517328262329,0.5865662693977356,54.08628463745117,12.501011848449707,11.866843223571777,11.093506813049316,0.8874087333679199
29,Drake,0,down_blocks.0.attentions.0.transformer_blocks.0.attn2.to_v.weight,-0.056602440774440765,93.24481201171875,28.78478240966797,21.782297134399414,37.06766128540039,1.2877520322799683,0.5208738446235657,58.60911560058594,12.834558486938477,10.030220985412598,11.455280303955078,0.8925340175628662
30,Drew Barrymore,0,down_blocks.0.attentions.0.transformer_blocks.0.attn2.to_v.weight,0.04361112415790558,87.50047302246094,27.857925415039062,22.163766860961914,34.834503173828125,1.250434160232544,0.5917121767997742,53.72139358520508,12.002262115478516,10.465643882751465,10.243650436401367,0.8534766435623169
31,Dwayne Johnson,0,down_blocks.0.attentions.0.transformer_blocks.0.attn2.to_v.weight,0.005020421929657459,89.71234893798828,28.35898780822754,23.701393127441406,36.867862701416016,1.3000415563583374,0.47325602173805237,61.7541389465332,12.971656799316406,10.511283874511719,12.23499870300293,0.9432101845741272
32,Ed Sheeran,0,down_blocks.0.attentions.0.transformer_blocks.0.attn2.to_v.weight,-0.006464293226599693,90.37037658691406,28.863014221191406,23.25489044189453,37.18253707885742,1.2882416248321533,0.48012396693229675,61.30650329589844,11.856958389282227,10.672839164733887,11.531698226928711,0.9725679755210876
33,Elon Musk,0,down_blocks.0.attentions.0.transformer_blocks.0.attn2.to_v.weight,0.00024448681506328285,89.98599243164062,28.447412490844727,21.172237396240234,35.457359313964844,1.246417760848999,0.37879398465156555,67.74099731445312,13.742449760437012,10.372552871704102,13.727890968322754,0.9989405870437622
34,Elvis Presley,0,down_blocks.0.attentions.0.transformer_blocks.0.attn2.to_v.weight,-0.004397465381771326,90.251953125,28.570804595947266,21.382352828979492,35.76127624511719,1.2516720294952393,0.4565374553203583,62.83610153198242,11.438815116882324,9.907999038696289,11.204055786132812,0.9794769287109375
35,Emma Stone,0,down_blocks.0.attentions.0.transformer_blocks.0.attn2.to_v.weight,0.006799794267863035,89.61039733886719,28.44441795349121,24.251026153564453,37.2534065246582,1.309691309928894,0.49798086285591125,60.13349151611328,12.891512870788574,11.068475723266602,12.10739803314209,0.9391759037971497
36,Frida Kahlo,0,down_blocks.0.attentions.0.transformer_blocks.0.attn2.to_v.weight,-0.10295963287353516,95.90962982177734,28.232040405273438,20.88153648376465,36.803287506103516,1.3035999536514282,0.365653932094574,68.55216217041016,12.023189544677734,11.29508113861084,13.146186828613281,1.093402624130249
37,George Clooney,0,down_blocks.0.attentions.0.transformer_blocks.0.attn2.to_v.weight,0.04322296753525734,87.52273559570312,28.430068969726562,23.77617645263672,36.2648811340332,1.2755818367004395,0.4061996340751648,66.03367614746094,12.659478187561035,11.112704277038574,13.017889022827148,1.0283116102218628
38,Glenn Close,0,down_blocks.0.attentions.0.transformer_blocks.0.attn2.to_v.weight,-0.07054296135902405,94.04517364501953,28.256168365478516,22.791053771972656,37.53266143798828,1.3282997608184814,0.4101569950580597,65.7853012084961,12.076926231384277,11.27225399017334,12.698151588439941,1.0514390468597412
39,Gwyneth Paltrow,0,down_blocks.0.attentions.0.transformer_blocks.0.attn2.to_v.weight,0.032099537551403046,88.16051483154297,28.311695098876953,21.49635887145996,34.99391555786133,1.2360233068466187,0.5210031867027283,58.600433349609375,12.289485931396484,10.041926383972168,11.103046417236328,0.9034589529037476
40,Harrison Ford,0,down_blocks.0.attentions.0.transformer_blocks.0.attn2.to_v.weight,-0.08215945959091187,94.71270751953125,28.273059844970703,22.160755157470703,37.32853317260742,1.3202862739562988,0.4257921576499939,64.79918670654297,11.956625938415527,11.447299003601074,12.547679901123047,1.0494332313537598
41,Hillary Clinton,0,down_blocks.0.attentions.0.transformer_blocks.0.attn2.to_v.weight,0.045741237699985504,87.37830352783203,28.375699996948242,21.881364822387695,35.031028747558594,1.2345432043075562,0.32936936616897583,70.76949310302734,13.250117301940918,9.811700820922852,13.6453275680542,1.0298268795013428
42,Hugh Jackman,0,down_blocks.0.attentions.0.transformer_blocks.0.attn2.to_v.weight,-0.022440195083618164,91.28583526611328,28.79867935180664,23.777429580688477,37.75529861450195,1.3110079765319824,0.5052677392959595,59.65087127685547,12.25064754486084,10.776845932006836,11.524083137512207,0.9406917691230774
43,Idris Elba,0,down_blocks.0.attentions.0.transformer_blocks.0.attn2.to_v.weight,-0.09779903292655945,95.61244201660156,28.461647033691406,22.57266616821289,38.0164909362793,1.3357094526290894,0.4754857122898102,61.60901641845703,13.191691398620605,10.365154266357422,12.305571556091309,0.9328274130821228
44,Jake Gyllenhaal,0,down_blocks.0.attentions.0.transformer_blocks.0.attn2.to_v.weight,0.09747246652841568,84.40635681152344,27.98990821838379,24.1937313079834,35.167579650878906,1.2564377784729004,0.5153557658195496,58.97876739501953,12.374800682067871,9.22246265411377,10.979907989501953,0.8872795701026917
45,James Franco,0,down_blocks.0.attentions.0.transformer_blocks.0.attn2.to_v.weight,0.016125056892633438,89.07606506347656,28.435392379760742,22.70845603942871,36.10292053222656,1.2696473598480225,0.5492147207260132,56.68684387207031,12.151758193969727,10.230030059814453,10.75964069366455,0.8854389786720276
46,Jared Leto,0,down_blocks.0.attentions.0.transformer_blocks.0.attn2.to_v.weight,-0.016146350651979446,90.92516326904297,28.47954559326172,22.53278923034668,36.599647521972656,1.2851204872131348,0.5563918352127075,56.19336700439453,12.395425796508789,11.371963500976562,11.22986125946045,0.905968189239502
47,Jason Momoa,0,down_blocks.0.attentions.0.transformer_blocks.0.attn2.to_v.weight,0.060421571135520935,86.5359878540039,28.433530807495117,24.757246017456055,36.55572509765625,1.2856554985046387,0.546638548374176,56.8632926940918,12.775148391723633,10.764522552490234,11.346084594726562,0.8881372213363647
48,Jennifer Aniston,0,down_blocks.0.attentions.0.transformer_blocks.0.attn2.to_v.weight,-0.03201936557888985,91.83488464355469,28.492599487304688,22.178468704223633,36.663063049316406,1.2867573499679565,0.5040907859802246,59.72898864746094,12.567285537719727,10.666886329650879,11.686254501342773,0.9298948645591736
49,Jennifer Lawrence,0,down_blocks.0.attentions.0.transformer_blocks.0.attn2.to_v.weight,0.0034928624518215656,89.79987335205078,29.097944259643555,23.82554817199707,37.54336166381836,1.290241003036499,0.49720269441604614,60.18489456176758,12.751062393188477,10.932637214660645,11.978703498840332,0.9394278526306152
0,Adam Driver,1,down_blocks.0.attentions.1.transformer_blocks.0.attn2.to_v.weight,0.005314919166266918,89.69548034667969,28.008241653442383,23.517545700073242,36.476497650146484,1.3023487329483032,0.7717781066894531,39.48617172241211,10.78640079498291,9.278529167175293,6.924988746643066,0.6420110464096069
1,Adriana Lima,1,down_blocks.0.attentions.1.transformer_blocks.0.attn2.to_v.weight,-0.04475577175617218,92.56517791748047,27.914234161376953,23.334749221801758,37.17552947998047,1.3317768573760986,0.6244819164276123,51.35582733154297,10.032247543334961,10.35542106628418,8.839016914367676,0.8810604810714722
2,Amber Heard,1,down_blocks.0.attentions.1.transformer_blocks.0.attn2.to_v.weight,0.034660592675209045,88.0136947631836,27.69015884399414,22.839452743530273,35.278106689453125,1.2740304470062256,0.6737774014472961,47.64072036743164,10.93818473815918,8.725379943847656,8.19547176361084,0.7492533922195435
3,Amy Adams,1,down_blocks.0.attentions.1.transformer_blocks.0.attn2.to_v.weight,-0.015378149226307869,90.88114166259766,27.93412971496582,23.132652282714844,36.54188537597656,1.3081448078155518,0.6640433073043823,48.39102554321289,10.495427131652832,10.816180229187012,8.739494323730469,0.8326954245567322
4,Andrew Garfield,1,down_blocks.0.attentions.1.transformer_blocks.0.attn2.to_v.weight,0.01132864598184824,89.35090637207031,27.900615692138672,24.250118255615234,36.7584342956543,1.3174775838851929,0.6466807723045349,49.708187103271484,11.461128234863281,9.61609172821045,9.01574420928955,0.7866367101669312
5,Angelina Jolie,1,down_blocks.0.attentions.1.transformer_blocks.0.attn2.to_v.weight,0.054802607744932175,86.85847473144531,28.37268829345703,23.560564041137695,35.8725700378418,1.2643345594406128,0.7935078740119934,37.48545455932617,11.774039268493652,10.736400604248047,7.299478054046631,0.6199637651443481
6,Anjelica Huston,1,down_blocks.0.attentions.1.transformer_blocks.0.attn2.to_v.weight,0.048859938979148865,87.19941711425781,27.875823974609375,23.413700103759766,35.51736831665039,1.2741279602050781,0.7835668921470642,38.41167449951172,10.470879554748535,10.028468132019043,6.756453990936279,0.6452613472938538
7,Anna Faris,1,down_blocks.0.attentions.1.transformer_blocks.0.attn2.to_v.weight,0.040542617440223694,87.67644500732422,27.668066024780273,23.263093948364258,35.418968200683594,1.2801389694213867,0.7218268513679504,43.79448699951172,9.205160140991211,11.02731704711914,7.732656478881836,0.8400349617004395
8,Anna Kendrick,1,down_blocks.0.attentions.1.transformer_blocks.0.attn2.to_v.weight,0.04333458095788956,87.5163345336914,28.461196899414062,24.364511489868164,36.654727935791016,1.28788423538208,0.7550423741340637,40.97092819213867,10.588286399841309,11.140615463256836,7.622039794921875,0.7198558449745178
9,Anne Hathaway,1,down_blocks.0.attentions.1.transformer_blocks.0.attn2.to_v.weight,0.02429751493036747,88.60771942138672,28.212099075317383,24.090578079223633,36.650390625,1.2991018295288086,0.7778608798980713,38.93486404418945,10.565998077392578,10.770297050476074,7.113377571105957,0.673232913017273
10,Arnold Schwarzenegger,1,down_blocks.0.attentions.1.transformer_blocks.0.attn2.to_v.weight,0.08346748352050781,85.21209716796875,28.820634841918945,25.205060958862305,36.66958236694336,1.272337794303894,0.7221354246139526,43.7689323425293,11.820740699768066,10.444390296936035,8.396719932556152,0.7103378772735596
11,Barack Obama,1,down_blocks.0.attentions.1.transformer_blocks.0.attn2.to_v.weight,-0.0002225170173915103,90.01274871826172,28.38604164123535,23.672502517700195,36.965572357177734,1.3022446632385254,0.6631278991699219,48.46113967895508,13.400238037109375,8.955138206481934,10.030399322509766,0.7485239505767822
12,Beth Behrs,1,down_blocks.0.attentions.1.transformer_blocks.0.attn2.to_v.weight,0.030796948820352554,88.23518371582031,27.48546600341797,24.830148696899414,36.46849822998047,1.3268284797668457,0.675299346446991,47.52259826660156,11.026082992553711,10.272255897521973,8.609367370605469,0.7808182835578918
13,Bill Clinton,1,down_blocks.0.attentions.1.transformer_blocks.0.attn2.to_v.weight,0.08962774276733398,84.85780334472656,29.023052215576172,25.12827491760254,36.64746856689453,1.2627021074295044,0.7339389324188232,42.78236770629883,11.693617820739746,10.318446159362793,8.130002975463867,0.6952512860298157
14,Bob Dylan,1,down_blocks.0.attentions.1.transformer_blocks.0.attn2.to_v.weight,0.01362526323646307,89.21930694580078,29.00482177734375,22.8367977142334,36.67081832885742,1.26430082321167,0.7798724174499512,38.75110626220703,11.313509941101074,10.7046537399292,7.327260971069336,0.6476558446884155
15,Bob Marley,1,down_blocks.0.attentions.1.transformer_blocks.0.attn2.to_v.weight,0.006284983828663826,89.639892578125,29.121788024902344,23.684326171875,37.421329498291016,1.2849942445755005,0.6622874736785889,48.52543640136719,10.960617065429688,10.991437911987305,9.020609855651855,0.8230019807815552
16,Bradley Cooper,1,down_blocks.0.attentions.1.transformer_blocks.0.attn2.to_v.weight,0.024942990392446518,88.57072448730469,28.211177825927734,22.07369041442871,35.38436508178711,1.2542675733566284,0.6464449763298035,49.72589874267578,11.76949691772461,8.836992263793945,9.063329696655273,0.770069420337677
17,Bruce Willis,1,down_blocks.0.attentions.1.transformer_blocks.0.attn2.to_v.weight,0.07240448892116547,85.847900390625,28.377559661865234,25.014074325561523,36.4444580078125,1.2842702865600586,0.7265076637268066,43.40559005737305,11.46330738067627,10.669133186340332,8.217595100402832,0.7168607711791992
18,Bryan Cranston,1,down_blocks.0.attentions.1.transformer_blocks.0.attn2.to_v.weight,0.007258323486894369,89.5841293334961,28.275938034057617,22.837833404541016,36.21768569946289,1.2808659076690674,0.620733380317688,51.63029098510742,11.581542015075684,9.298844337463379,9.322064399719238,0.8049070239067078
19,Cameron Diaz,1,down_blocks.0.attentions.1.transformer_blocks.0.attn2.to_v.weight,0.08736877143383026,84.98775482177734,27.852161407470703,24.518964767456055,35.462562561035156,1.273242712020874,0.7525071501731873,41.191978454589844,11.61907958984375,10.015913009643555,7.757219314575195,0.6676276922225952
20,Channing Tatum,1,down_blocks.0.attentions.1.transformer_blocks.0.attn2.to_v.weight,-0.1313060224056244,97.5450668334961,28.636220932006836,21.567686080932617,38.04460525512695,1.3285484313964844,0.6926923394203186,46.15639114379883,10.90356159210205,9.709633827209473,8.1544189453125,0.7478674650192261
21,Charlie Sheen,1,down_blocks.0.attentions.1.transformer_blocks.0.attn2.to_v.weight,-0.10003101825714111,95.74095153808594,27.521488189697266,22.10247039794922,36.98172378540039,1.3437399864196777,0.6376691460609436,50.38176727294922,10.48765754699707,10.07819652557373,8.761391639709473,0.8354002237319946
22,Charlize Theron,1,down_blocks.0.attentions.1.transformer_blocks.0.attn2.to_v.weight,0.08085896819829941,85.362060546875,27.582630157470703,23.196714401245117,34.57481384277344,1.2534995079040527,0.6099355220794678,52.415157318115234,9.906866073608398,9.483436584472656,8.571657180786133,0.8652238845825195
23,Chris Evans,1,down_blocks.0.attentions.1.transformer_blocks.0.attn2.to_v.weight,-0.002215444343164563,90.12693786621094,28.30531120300293,25.0194091796875,37.81930160522461,1.336120367050171,0.6666998863220215,48.1871337890625,10.891961097717285,11.289484024047852,9.06235408782959,0.8320222496986389
24,Chris Hemsworth,1,down_blocks.0.attentions.1.transformer_blocks.0.attn2.to_v.weight,0.05884624272584915,86.62641143798828,28.357040405273438,26.01243019104004,37.335693359375,1.3166286945343018,0.7235008478164673,43.65571975708008,11.818397521972656,10.826623916625977,8.470039367675781,0.7166825532913208
25,Chris Pine,1,down_blocks.0.attentions.1.transformer_blocks.0.attn2.to_v.weight,0.07136806100606918,85.90743255615234,28.11031723022461,22.761837005615234,34.884986877441406,1.2410029172897339,0.704519510269165,45.20926284790039,11.124066352844238,10.678567886352539,8.390361785888672,0.7542531490325928
26,Chuck Norris,1,down_blocks.0.attentions.1.transformer_blocks.0.attn2.to_v.weight,0.020945081487298012,88.79985046386719,28.702478408813477,25.176746368408203,37.781341552734375,1.3163093328475952,0.6160903573036194,51.96881103515625,10.806163787841797,10.672944068908691,9.41132926940918,0.870922327041626
27,Courteney Cox,1,down_blocks.0.attentions.1.transformer_blocks.0.attn2.to_v.weight,-0.01857098378241062,91.06410217285156,27.826133728027344,21.821285247802734,35.6793327331543,1.2822238206863403,0.7099591493606567,44.768409729003906,9.881378173828125,11.059760093688965,8.048802375793457,0.8145424723625183
28,Demi Lovato,1,down_blocks.0.attentions.1.transformer_blocks.0.attn2.to_v.weight,0.10442433506250381,84.00599670410156,29.957365036010742,26.669212341308594,37.97147750854492,1.267517328262329,0.7658815383911133,40.01451873779297,11.373852729797363,10.646882057189941,7.565062522888184,0.6651275157928467
29,Drake,1,down_blocks.0.attentions.1.transformer_blocks.0.attn2.to_v.weight,-0.056602440774440765,93.24481201171875,28.78478240966797,21.782297134399414,37.06766128540039,1.2877520322799683,0.7231883406639099,43.6816520690918,12.919389724731445,9.080829620361328,8.926643371582031,0.6909493207931519
30,Drew Barrymore,1,down_blocks.0.attentions.1.transformer_blocks.0.attn2.to_v.weight,0.04361112415790558,87.50047302246094,27.857925415039062,22.163766860961914,34.834503173828125,1.250434160232544,0.7955181002616882,37.295780181884766,11.401263236999512,10.155953407287598,6.993210792541504,0.6133715510368347
31,Dwayne Johnson,1,down_blocks.0.attentions.1.transformer_blocks.0.attn2.to_v.weight,0.005020421929657459,89.71234893798828,28.35898780822754,23.701393127441406,36.867862701416016,1.3000415563583374,0.685283899307251,46.742061614990234,11.959948539733887,9.964737892150879,8.887924194335938,0.743140697479248
32,Ed Sheeran,1,down_blocks.0.attentions.1.transformer_blocks.0.attn2.to_v.weight,-0.006464293226599693,90.37037658691406,28.863014221191406,23.25489044189453,37.18253707885742,1.2882416248321533,0.7537643313407898,41.08248519897461,10.813188552856445,10.54998779296875,7.499994277954102,0.6935968995094299
33,Elon Musk,1,down_blocks.0.attentions.1.transformer_blocks.0.attn2.to_v.weight,0.00024448681506328285,89.98599243164062,28.447412490844727,21.172237396240234,35.457359313964844,1.246417760848999,0.7371791005134583,42.508331298828125,11.856833457946777,9.99849796295166,8.109780311584473,0.6839752197265625
34,Elvis Presley,1,down_blocks.0.attentions.1.transformer_blocks.0.attn2.to_v.weight,-0.004397465381771326,90.251953125,28.570804595947266,21.382352828979492,35.76127624511719,1.2516720294952393,0.7294347882270813,43.16096878051758,10.406551361083984,8.622305870056152,7.192935943603516,0.6911930441856384
35,Emma Stone,1,down_blocks.0.attentions.1.transformer_blocks.0.attn2.to_v.weight,0.006799794267863035,89.61039733886719,28.44441795349121,24.251026153564453,37.2534065246582,1.309691309928894,0.7284737825393677,43.24140167236328,11.131340026855469,10.37537670135498,7.955477714538574,0.7146918177604675
36,Frida Kahlo,1,down_blocks.0.attentions.1.transformer_blocks.0.attn2.to_v.weight,-0.10295963287353516,95.90962982177734,28.232040405273438,20.88153648376465,36.803287506103516,1.3035999536514282,0.7198618650436401,43.95692443847656,10.190619468688965,10.82003116607666,7.885037899017334,0.7737545371055603
37,George Clooney,1,down_blocks.0.attentions.1.transformer_blocks.0.attn2.to_v.weight,0.04322296753525734,87.52273559570312,28.430068969726562,23.77617645263672,36.2648811340332,1.2755818367004395,0.7767577767372131,39.03533172607422,11.646636009216309,10.12645149230957,7.414105415344238,0.6365877389907837
38,Glenn Close,1,down_blocks.0.attentions.1.transformer_blocks.0.attn2.to_v.weight,-0.07054296135902405,94.04517364501953,28.256168365478516,22.791053771972656,37.53266143798828,1.3282997608184814,0.7186920642852783,44.053401947021484,10.824374198913574,10.72911262512207,8.08387279510498,0.7468212842941284
39,Gwyneth Paltrow,1,down_blocks.0.attentions.1.transformer_blocks.0.attn2.to_v.weight,0.032099537551403046,88.16051483154297,28.311695098876953,21.49635887145996,34.99391555786133,1.2360233068466187,0.6324079632759094,50.77199935913086,10.241022109985352,9.76528549194336,8.587752342224121,0.8385639786720276
40,Harrison Ford,1,down_blocks.0.attentions.1.transformer_blocks.0.attn2.to_v.weight,-0.08215945959091187,94.71270751953125,28.273059844970703,22.160755157470703,37.32853317260742,1.3202862739562988,0.6986082196235657,45.68455505371094,10.743318557739258,10.592020988464355,8.28346061706543,0.7710337042808533
41,Hillary Clinton,1,down_blocks.0.attentions.1.transformer_blocks.0.attn2.to_v.weight,0.045741237699985504,87.37830352783203,28.375699996948242,21.881364822387695,35.031028747558594,1.2345432043075562,0.7091683149337769,44.83271408081055,11.57521915435791,8.76076602935791,8.1796293258667,0.7066500782966614
42,Hugh Jackman,1,down_blocks.0.attentions.1.transformer_blocks.0.attn2.to_v.weight,-0.022440195083618164,91.28583526611328,28.79867935180664,23.777429580688477,37.75529861450195,1.3110079765319824,0.7272788286209106,43.34124755859375,11.201004028320312,10.314391136169434,7.987607002258301,0.7131152749061584
43,Idris Elba,1,down_blocks.0.attentions.1.transformer_blocks.0.attn2.to_v.weight,-0.09779903292655945,95.61244201660156,28.461647033691406,22.57266616821289,38.0164909362793,1.3357094526290894,0.7479028105735779,41.59096145629883,11.10694694519043,10.045272827148438,7.575044631958008,0.6820096373558044
44,Jake Gyllenhaal,1,down_blocks.0.attentions.1.transformer_blocks.0.attn2.to_v.weight,0.09747246652841568,84.40635681152344,27.98990821838379,24.1937313079834,35.167579650878906,1.2564377784729004,0.7283973097801208,43.247798919677734,10.899595260620117,8.240068435668945,7.473968029022217,0.685710608959198
45,James Franco,1,down_blocks.0.attentions.1.transformer_blocks.0.attn2.to_v.weight,0.016125056892633438,89.07606506347656,28.435392379760742,22.70845603942871,36.10292053222656,1.2696473598480225,0.7281407117843628,43.26925277709961,11.57620906829834,9.725010871887207,8.03978157043457,0.6945090293884277
46,Jared Leto,1,down_blocks.0.attentions.1.transformer_blocks.0.attn2.to_v.weight,-0.016146350651979446,90.92516326904297,28.47954559326172,22.53278923034668,36.599647521972656,1.2851204872131348,0.7905024886131287,37.76750564575195,11.674018859863281,11.04355239868164,7.376680850982666,0.631888747215271
47,Jason Momoa,1,down_blocks.0.attentions.1.transformer_blocks.0.attn2.to_v.weight,0.060421571135520935,86.5359878540039,28.433530807495117,24.757246017456055,36.55572509765625,1.2856554985046387,0.6941989064216614,46.03658676147461,10.850178718566895,9.476784706115723,8.048235893249512,0.7417606711387634
48,Jennifer Aniston,1,down_blocks.0.attentions.1.transformer_blocks.0.attn2.to_v.weight,-0.03201936557888985,91.83488464355469,28.492599487304688,22.178468704223633,36.663063049316406,1.2867573499679565,0.7743285298347473,39.25580596923828,11.17696762084961,10.679544448852539,7.356762409210205,0.658207356929779
49,Jennifer Lawrence,1,down_blocks.0.attentions.1.transformer_blocks.0.attn2.to_v.weight,0.0034928624518215656,89.79987335205078,29.097944259643555,23.82554817199707,37.54336166381836,1.290241003036499,0.6942496299743652,46.03254699707031,11.074363708496094,10.073710441589355,8.31987190246582,0.7512731552124023
0,Adam Driver,2,down_blocks.1.attentions.0.transformer_blocks.0.attn2.to_v.weight,0.005314919166266918,89.69548034667969,28.008241653442383,23.517545700073242,36.476497650146484,1.3023487329483032,0.32045263051986694,71.30970001220703,16.93166732788086,15.090879440307617,18.72580909729004,1.1059637069702148
1,Adriana Lima,2,down_blocks.1.attentions.0.transformer_blocks.0.attn2.to_v.weight,-0.04475577175617218,92.56517791748047,27.914234161376953,23.334749221801758,37.17552947998047,1.3317768573760986,0.23658737540245056,76.31478881835938,15.8745756149292,15.597945213317871,19.445690155029297,1.224958062171936
2,Amber Heard,2,down_blocks.1.attentions.0.transformer_blocks.0.attn2.to_v.weight,0.034660592675209045,88.0136947631836,27.69015884399414,22.839452743530273,35.278106689453125,1.2740304470062256,0.3607727587223053,68.85234069824219,16.542604446411133,14.248476028442383,17.51009750366211,1.0584849119186401
3,Amy Adams,2,down_blocks.1.attentions.0.transformer_blocks.0.attn2.to_v.weight,-0.015378149226307869,90.88114166259766,27.93412971496582,23.132652282714844,36.54188537597656,1.3081448078155518,0.28331348299980164,73.54193878173828,15.696958541870117,15.174331665039062,18.484844207763672,1.1776067018508911
4,Andrew Garfield,2,down_blocks.1.attentions.0.transformer_blocks.0.attn2.to_v.weight,0.01132864598184824,89.35090637207031,27.900615692138672,24.250118255615234,36.7584342956543,1.3174775838851929,0.346827894449234,69.70658111572266,17.36473274230957,14.827458381652832,18.514549255371094,1.0662156343460083
5,Angelina Jolie,2,down_blocks.1.attentions.0.transformer_blocks.0.attn2.to_v.weight,0.054802607744932175,86.85847473144531,28.37268829345703,23.560564041137695,35.8725700378418,1.2643345594406128,0.3906604051589966,67.00440216064453,17.21493148803711,15.35713005065918,18.045387268066406,1.0482404232025146
6,Anjelica Huston,2,down_blocks.1.attentions.0.transformer_blocks.0.attn2.to_v.weight,0.048859938979148865,87.19941711425781,27.875823974609375,23.413700103759766,35.51736831665039,1.2741279602050781,0.4240611791610718,64.90875244140625,15.779524803161621,13.642361640930176,15.891260147094727,1.0070810317993164
7,Anna Faris,2,down_blocks.1.attentions.0.transformer_blocks.0.attn2.to_v.weight,0.040542617440223694,87.67644500732422,27.668066024780273,23.263093948364258,35.418968200683594,1.2801389694213867,0.41468605399131775,65.50045013427734,16.60523796081543,14.993918418884277,17.148075103759766,1.0326907634735107
8,Anna Kendrick,2,down_blocks.1.attentions.0.transformer_blocks.0.attn2.to_v.weight,0.04333458095788956,87.5163345336914,28.461196899414062,24.364511489868164,36.654727935791016,1.28788423538208,0.4290303885936737,64.59396362304688,15.424623489379883,16.314701080322266,16.975248336791992,1.1005291938781738
9,Anne Hathaway,2,down_blocks.1.attentions.0.transformer_blocks.0.attn2.to_v.weight,0.02429751493036747,88.60771942138672,28.212099075317383,24.090578079223633,36.650390625,1.2991018295288086,0.4070935547351837,65.97761535644531,16.15614128112793,15.872020721435547,17.440166473388672,1.079475998878479
10,Arnold Schwarzenegger,2,down_blocks.1.attentions.0.transformer_blocks.0.attn2.to_v.weight,0.08346748352050781,85.21209716796875,28.820634841918945,25.205060958862305,36.66958236694336,1.272337794303894,0.3904929757118225,67.01482391357422,16.94070053100586,16.260677337646484,18.337417602539062,1.0824474096298218
11,Barack Obama,2,down_blocks.1.attentions.0.transformer_blocks.0.attn2.to_v.weight,-0.0002225170173915103,90.01274871826172,28.38604164123535,23.672502517700195,36.965572357177734,1.3022446632385254,0.22149792313575745,77.20297241210938,19.150461196899414,15.16915512084961,21.636886596679688,1.1298363208770752
12,Beth Behrs,2,down_blocks.1.attentions.0.transformer_blocks.0.attn2.to_v.weight,0.030796948820352554,88.23518371582031,27.48546600341797,24.830148696899414,36.46849822998047,1.3268284797668457,0.35232630372047424,69.37033081054688,17.862886428833008,14.470584869384766,18.61014747619629,1.0418331623077393
13,Bill Clinton,2,down_blocks.1.attentions.0.transformer_blocks.0.attn2.to_v.weight,0.08962774276733398,84.85780334472656,29.023052215576172,25.12827491760254,36.64746856689453,1.2627021074295044,0.318337082862854,71.43761444091797,17.64441680908203,16.993642807006836,20.228866577148438,1.1464741230010986
14,Bob Dylan,2,down_blocks.1.attentions.0.transformer_blocks.0.attn2.to_v.weight,0.01362526323646307,89.21930694580078,29.00482177734375,22.8367977142334,36.67081832885742,1.26430082321167,0.398593932390213,66.50968933105469,16.577239990234375,14.78232192993164,17.261837005615234,1.041297435760498
15,Bob Marley,2,down_blocks.1.attentions.0.transformer_blocks.0.attn2.to_v.weight,0.006284983828663826,89.639892578125,29.121788024902344,23.684326171875,37.421329498291016,1.2849942445755005,0.27784743905067444,73.86822509765625,17.0195369720459,16.517799377441406,20.156448364257812,1.184312343597412
16,Bradley Cooper,2,down_blocks.1.attentions.0.transformer_blocks.0.attn2.to_v.weight,0.024942990392446518,88.57072448730469,28.211177825927734,22.07369041442871,35.38436508178711,1.2542675733566284,0.3574709892272949,69.05503845214844,17.721616744995117,13.144999504089355,17.896940231323242,1.0098931789398193
17,Bruce Willis,2,down_blocks.1.attentions.0.transformer_blocks.0.attn2.to_v.weight,0.07240448892116547,85.847900390625,28.377559661865234,25.014074325561523,36.4444580078125,1.2842702865600586,0.3591776490211487,68.9502944946289,17.679243087768555,15.585416793823242,18.908369064331055,1.0695236921310425
18,Bryan Cranston,2,down_blocks.1.attentions.0.transformer_blocks.0.attn2.to_v.weight,0.007258323486894369,89.5841293334961,28.275938034057617,22.837833404541016,36.21768569946289,1.2808659076690674,0.3279609978199005,70.85493469238281,18.06587028503418,13.974774360656738,18.869863510131836,1.0445034503936768
19,Cameron Diaz,2,down_blocks.1.attentions.0.transformer_blocks.0.attn2.to_v.weight,0.08736877143383026,84.98775482177734,27.852161407470703,24.518964767456055,35.462562561035156,1.273242712020874,0.4313434660434723,64.44715118408203,16.6155948638916,15.192267417907715,17.00341796875,1.0233409404754639
20,Channing Tatum,2,down_blocks.1.attentions.0.transformer_blocks.0.attn2.to_v.weight,-0.1313060224056244,97.5450668334961,28.636220932006836,21.567686080932617,38.04460525512695,1.3285484313964844,0.1911538541316986,78.97986602783203,16.550024032592773,14.564465522766113,19.846275329589844,1.1991689205169678
21,Charlie Sheen,2,down_blocks.1.attentions.0.transformer_blocks.0.attn2.to_v.weight,-0.10003101825714111,95.74095153808594,27.521488189697266,22.10247039794922,36.98172378540039,1.3437399864196777,0.2987978160381317,72.61459350585938,16.357498168945312,14.786589622497559,18.48430633544922,1.1300203800201416
22,Charlize Theron,2,down_blocks.1.attentions.0.transformer_blocks.0.attn2.to_v.weight,0.08085896819829941,85.362060546875,27.582630157470703,23.196714401245117,34.57481384277344,1.2534995079040527,0.4326559603214264,64.36376953125,15.888850212097168,13.900190353393555,15.95492935180664,1.004158854484558
23,Chris Evans,2,down_blocks.1.attentions.0.transformer_blocks.0.attn2.to_v.weight,-0.002215444343164563,90.12693786621094,28.30531120300293,25.0194091796875,37.81930160522461,1.336120367050171,0.32627400755882263,70.95722198486328,17.199575424194336,15.581014633178711,19.071420669555664,1.1088309288024902
24,Chris Hemsworth,2,down_blocks.1.attentions.0.transformer_blocks.0.attn2.to_v.weight,0.05884624272584915,86.62641143798828,28.357040405273438,26.01243019104004,37.335693359375,1.3166286945343018,0.4312509298324585,64.4530258178711,16.815683364868164,16.015289306640625,17.520788192749023,1.041931390762329
25,Chris Pine,2,down_blocks.1.attentions.0.transformer_blocks.0.attn2.to_v.weight,0.07136806100606918,85.90743255615234,28.11031723022461,22.761837005615234,34.884986877441406,1.2410029172897339,0.37476059794425964,67.99048614501953,17.39773941040039,13.920967102050781,17.746707916259766,1.020058274269104
26,Chuck Norris,2,down_blocks.1.attentions.0.transformer_blocks.0.attn2.to_v.weight,0.020945081487298012,88.79985046386719,28.702478408813477,25.176746368408203,37.781341552734375,1.3163093328475952,0.34751683473587036,69.66448974609375,17.437870025634766,16.276155471801758,19.28022575378418,1.1056525707244873
27,Courteney Cox,2,down_blocks.1.attentions.0.transformer_blocks.0.attn2.to_v.weight,-0.01857098378241062,91.06410217285156,27.826133728027344,21.821285247802734,35.6793327331543,1.2822238206863403,0.35097914934158325,69.45278930664062,16.207782745361328,14.673436164855957,17.636878967285156,1.088173508644104
28,Demi Lovato,2,down_blocks.1.attentions.0.transformer_blocks.0.attn2.to_v.weight,0.10442433506250381,84.00599670410156,29.957365036010742,26.669212341308594,37.97147750854492,1.267517328262329,0.4426058530807495,63.729736328125,17.128700256347656,16.638397216796875,17.83111000061035,1.0410077571868896
29,Drake,2,down_blocks.1.attentions.0.transformer_blocks.0.attn2.to_v.weight,-0.056602440774440765,93.24481201171875,28.78478240966797,21.782297134399414,37.06766128540039,1.2877520322799683,0.387419730424881,67.20596313476562,17.345497131347656,14.352012634277344,17.71879768371582,1.0215214490890503
30,Drew Barrymore,2,down_blocks.1.attentions.0.transformer_blocks.0.attn2.to_v.weight,0.04361112415790558,87.50047302246094,27.857925415039062,22.163766860961914,34.834503173828125,1.250434160232544,0.37398773431777954,68.03823852539062,17.396484375,14.0570068359375,17.813629150390625,1.0239787101745605
31,Dwayne Johnson,2,down_blocks.1.attentions.0.transformer_blocks.0.attn2.to_v.weight,0.005020421929657459,89.71234893798828,28.35898780822754,23.701393127441406,36.867862701416016,1.3000415563583374,0.3260651230812073,70.96987915039062,17.391590118408203,15.158330917358398,18.982173919677734,1.0914570093154907
32,Ed Sheeran,2,down_blocks.1.attentions.0.transformer_blocks.0.attn2.to_v.weight,-0.006464293226599693,90.37037658691406,28.863014221191406,23.25489044189453,37.18253707885742,1.2882416248321533,0.32110828161239624,71.2700424194336,16.196964263916016,15.465631484985352,18.456829071044922,1.139523983001709
33,Elon Musk,2,down_blocks.1.attentions.0.transformer_blocks.0.attn2.to_v.weight,0.00024448681506328285,89.98599243164062,28.447412490844727,21.172237396240234,35.457359313964844,1.246417760848999,0.3118550181388855,71.82894134521484,17.835235595703125,14.128332138061523,18.987932205200195,1.0646302700042725
34,Elvis Presley,2,down_blocks.1.attentions.0.transformer_blocks.0.attn2.to_v.weight,-0.004397465381771326,90.251953125,28.570804595947266,21.382352828979492,35.76127624511719,1.2516720294952393,0.29662320017814636,72.74510192871094,17.972774505615234,13.544388771057129,19.027793884277344,1.0587009191513062
35,Emma Stone,2,down_blocks.1.attentions.0.transformer_blocks.0.attn2.to_v.weight,0.006799794267863035,89.61039733886719,28.44441795349121,24.251026153564453,37.2534065246582,1.309691309928894,0.28548452258110046,73.41218566894531,17.559661865234375,16.252607345581055,20.23709487915039,1.1524763107299805
36,Frida Kahlo,2,down_blocks.1.attentions.0.transformer_blocks.0.attn2.to_v.weight,-0.10295963287353516,95.90962982177734,28.232040405273438,20.88153648376465,36.803287506103516,1.3035999536514282,0.3213760256767273,71.25383758544922,15.462281227111816,14.294700622558594,17.359548568725586,1.122702956199646
37,George Clooney,2,down_blocks.1.attentions.0.transformer_blocks.0.attn2.to_v.weight,0.04322296753525734,87.52273559570312,28.430068969726562,23.77617645263672,36.2648811340332,1.2755818367004395,0.36284124851226807,68.72521209716797,17.193063735961914,15.143623352050781,18.32998275756836,1.0661265850067139
38,Glenn Close,2,down_blocks.1.attentions.0.transformer_blocks.0.attn2.to_v.weight,-0.07054296135902405,94.04517364501953,28.256168365478516,22.791053771972656,37.53266143798828,1.3282997608184814,0.31916359066963196,71.38764953613281,18.305530548095703,14.761292457580566,19.506505966186523,1.0656071901321411
39,Gwyneth Paltrow,2,down_blocks.1.attentions.0.transformer_blocks.0.attn2.to_v.weight,0.032099537551403046,88.16051483154297,28.311695098876953,21.49635887145996,34.99391555786133,1.2360233068466187,0.3705888092517853,68.24806213378906,16.346275329589844,14.062002182006836,17.163114547729492,1.0499709844589233
40,Harrison Ford,2,down_blocks.1.attentions.0.transformer_blocks.0.attn2.to_v.weight,-0.08215945959091187,94.71270751953125,28.273059844970703,22.160755157470703,37.32853317260742,1.3202862739562988,0.28162404894828796,73.64283752441406,16.82590675354004,14.8732328414917,19.062217712402344,1.132908821105957
41,Hillary Clinton,2,down_blocks.1.attentions.0.transformer_blocks.0.attn2.to_v.weight,0.045741237699985504,87.37830352783203,28.375699996948242,21.881364822387695,35.031028747558594,1.2345432043075562,0.2170395404100418,77.46479034423828,18.633516311645508,14.685897827148438,21.073627471923828,1.1309528350830078
42,Hugh Jackman,2,down_blocks.1.attentions.0.transformer_blocks.0.attn2.to_v.weight,-0.022440195083618164,91.28583526611328,28.79867935180664,23.777429580688477,37.75529861450195,1.3110079765319824,0.4028078317642212,66.24617004394531,17.02267837524414,14.852741241455078,17.512537002563477,1.02877676486969
43,Idris Elba,2,down_blocks.1.attentions.0.transformer_blocks.0.attn2.to_v.weight,-0.09779903292655945,95.61244201660156,28.461647033691406,22.57266616821289,38.0164909362793,1.3357094526290894,0.3663003146648407,68.51237487792969,17.2705020904541,14.49716854095459,18.02815818786621,1.043869972229004
44,Jake Gyllenhaal,2,down_blocks.1.attentions.0.transformer_blocks.0.attn2.to_v.weight,0.09747246652841568,84.40635681152344,27.98990821838379,24.1937313079834,35.167579650878906,1.2564377784729004,0.43056583404541016,64.49652862548828,16.561450958251953,13.359572410583496,16.193552017211914,0.9777858257293701
45,James Franco,2,down_blocks.1.attentions.0.transformer_blocks.0.attn2.to_v.weight,0.016125056892633438,89.07606506347656,28.435392379760742,22.70845603942871,36.10292053222656,1.2696473598480225,0.3643242418766022,68.63399505615234,17.145248413085938,14.635994911193848,18.036808013916016,1.0520004034042358
46,Jared Leto,2,down_blocks.1.attentions.0.transformer_blocks.0.attn2.to_v.weight,-0.016146350651979446,90.92516326904297,28.47954559326172,22.53278923034668,36.599647521972656,1.2851204872131348,0.3480871021747589,69.629638671875,16.419178009033203,16.035913467407227,18.532129287719727,1.1286879777908325
47,Jason Momoa,2,down_blocks.1.attentions.0.transformer_blocks.0.attn2.to_v.weight,0.060421571135520935,86.5359878540039,28.433530807495117,24.757246017456055,36.55572509765625,1.2856554985046387,0.4063626229763031,66.0234603881836,17.251789093017578,15.517562866210938,17.9122257232666,1.0382821559906006
48,Jennifer Aniston,2,down_blocks.1.attentions.0.transformer_blocks.0.attn2.to_v.weight,-0.03201936557888985,91.83488464355469,28.492599487304688,22.178468704223633,36.663063049316406,1.2867573499679565,0.35162001848220825,69.41356658935547,17.578182220458984,15.362496376037598,18.843896865844727,1.0720049142837524
49,Jennifer Lawrence,2,down_blocks.1.attentions.0.transformer_blocks.0.attn2.to_v.weight,0.0034928624518215656,89.79987335205078,29.097944259643555,23.82554817199707,37.54336166381836,1.290241003036499,0.3021160662174225,72.4152603149414,17.705461502075195,15.118236541748047,19.501445770263672,1.101436734199524
0,Adam Driver,3,down_blocks.1.attentions.1.transformer_blocks.0.attn2.to_v.weight,0.005314919166266918,89.69548034667969,28.008241653442383,23.517545700073242,36.476497650146484,1.3023487329483032,0.4213722348213196,65.07874298095703,15.875631332397461,13.076194763183594,15.750391006469727,0.9921111464500427
1,Adriana Lima,3,down_blocks.1.attentions.1.transformer_blocks.0.attn2.to_v.weight,-0.04475577175617218,92.56517791748047,27.914234161376953,23.334749221801758,37.17552947998047,1.3317768573760986,0.3906475603580475,67.00520324707031,14.357219696044922,14.288045883178711,15.811572074890137,1.1012976169586182
2,Amber Heard,3,down_blocks.1.attentions.1.transformer_blocks.0.attn2.to_v.weight,0.034660592675209045,88.0136947631836,27.69015884399414,22.839452743530273,35.278106689453125,1.2740304470062256,0.4370143711566925,64.08646392822266,15.675553321838379,12.720232009887695,15.27248764038086,0.9742869734764099
3,Amy Adams,3,down_blocks.1.attentions.1.transformer_blocks.0.attn2.to_v.weight,-0.015378149226307869,90.88114166259766,27.93412971496582,23.132652282714844,36.54188537597656,1.3081448078155518,0.39428284764289856,66.77874755859375,15.397963523864746,14.453413963317871,16.4469051361084,1.068122148513794
4,Andrew Garfield,3,down_blocks.1.attentions.1.transformer_blocks.0.attn2.to_v.weight,0.01132864598184824,89.35090637207031,27.900615692138672,24.250118255615234,36.7584342956543,1.3174775838851929,0.4076012670993805,65.94576263427734,16.71728515625,13.196938514709473,16.546276092529297,0.9897705316543579
5,Angelina Jolie,3,down_blocks.1.attentions.1.transformer_blocks.0.attn2.to_v.weight,0.054802607744932175,86.85847473144531,28.37268829345703,23.560564041137695,35.8725700378418,1.2643345594406128,0.5797531008720398,54.56682205200195,16.41583251953125,14.310565948486328,14.208477020263672,0.8655349612236023
6,Anjelica Huston,3,down_blocks.1.attentions.1.transformer_blocks.0.attn2.to_v.weight,0.048859938979148865,87.19941711425781,27.875823974609375,23.413700103759766,35.51736831665039,1.2741279602050781,0.5003579258918762,59.976314544677734,14.50825023651123,13.38821792602539,13.976945877075195,0.9633791446685791
7,Anna Faris,3,down_blocks.1.attentions.1.transformer_blocks.0.attn2.to_v.weight,0.040542617440223694,87.67644500732422,27.668066024780273,23.263093948364258,35.418968200683594,1.2801389694213867,0.47932446002960205,61.35871124267578,14.369117736816406,14.67331600189209,14.820716857910156,1.0314284563064575
8,Anna Kendrick,3,down_blocks.1.attentions.1.transformer_blocks.0.attn2.to_v.weight,0.04333458095788956,87.5163345336914,28.461196899414062,24.364511489868164,36.654727935791016,1.28788423538208,0.49173253774642944,60.54548263549805,15.46385669708252,14.855438232421875,15.29349422454834,0.988983154296875
9,Anne Hathaway,3,down_blocks.1.attentions.1.transformer_blocks.0.attn2.to_v.weight,0.02429751493036747,88.60771942138672,28.212099075317383,24.090578079223633,36.650390625,1.2991018295288086,0.523956835269928,58.40195846557617,16.104534149169922,14.58602523803711,15.031700134277344,0.9333831071853638
10,Arnold Schwarzenegger,3,down_blocks.1.attentions.1.transformer_blocks.0.attn2.to_v.weight,0.08346748352050781,85.21209716796875,28.820634841918945,25.205060958862305,36.66958236694336,1.272337794303894,0.48048537969589233,61.28289031982422,16.466379165649414,14.176779747009277,15.741456985473633,0.9559755921363831
11,Barack Obama,3,down_blocks.1.attentions.1.transformer_blocks.0.attn2.to_v.weight,-0.0002225170173915103,90.01274871826172,28.38604164123535,23.672502517700195,36.965572357177734,1.3022446632385254,0.4209884703159332,65.10298919677734,18.524795532226562,13.109848976135254,17.62259864807129,0.9512978792190552
12,Beth Behrs,3,down_blocks.1.attentions.1.transformer_blocks.0.attn2.to_v.weight,0.030796948820352554,88.23518371582031,27.48546600341797,24.830148696899414,36.46849822998047,1.3268284797668457,0.4333496391773224,64.31967163085938,17.11721420288086,13.899650573730469,16.732940673828125,0.9775504469871521
13,Bill Clinton,3,down_blocks.1.attentions.1.transformer_blocks.0.attn2.to_v.weight,0.08962774276733398,84.85780334472656,29.023052215576172,25.12827491760254,36.64746856689453,1.2627021074295044,0.4946894943714142,60.3507194519043,16.08629035949707,14.507118225097656,15.438200950622559,0.9597116708755493
14,Bob Dylan,3,down_blocks.1.attentions.1.transformer_blocks.0.attn2.to_v.weight,0.01362526323646307,89.21930694580078,29.00482177734375,22.8367977142334,36.67081832885742,1.26430082321167,0.5177317261695862,58.81977844238281,16.091297149658203,14.250823020935059,14.985638618469238,0.9312884211540222
15,Bob Marley,3,down_blocks.1.attentions.1.transformer_blocks.0.attn2.to_v.weight,0.006284983828663826,89.639892578125,29.121788024902344,23.684326171875,37.421329498291016,1.2849942445755005,0.4265805184841156,64.74925231933594,15.554551124572754,14.700664520263672,16.216285705566406,1.042542815208435
16,Bradley Cooper,3,down_blocks.1.attentions.1.transformer_blocks.0.attn2.to_v.weight,0.024942990392446518,88.57072448730469,28.211177825927734,22.07369041442871,35.38436508178711,1.2542675733566284,0.43897250294685364,63.96166229248047,16.873807907104492,11.959397315979004,15.829805374145508,0.9381288290023804
17,Bruce Willis,3,down_blocks.1.attentions.1.transformer_blocks.0.attn2.to_v.weight,0.07240448892116547,85.847900390625,28.377559661865234,25.014074325561523,36.4444580078125,1.2842702865600586,0.5135107636451721,59.10203552246094,16.427417755126953,14.791764259338379,15.46285343170166,0.9412832856178284
18,Bryan Cranston,3,down_blocks.1.attentions.1.transformer_blocks.0.attn2.to_v.weight,0.007258323486894369,89.5841293334961,28.275938034057617,22.837833404541016,36.21768569946289,1.2808659076690674,0.4502277970314026,63.24169921875,16.872426986694336,12.553949356079102,15.860322952270508,0.9400143027305603
19,Cameron Diaz,3,down_blocks.1.attentions.1.transformer_blocks.0.attn2.to_v.weight,0.08736877143383026,84.98775482177734,27.852161407470703,24.518964767456055,35.462562561035156,1.273242712020874,0.5049970746040344,59.66884231567383,15.221532821655273,13.927533149719238,14.544899940490723,0.9555476307868958
20,Channing Tatum,3,down_blocks.1.attentions.1.transformer_blocks.0.attn2.to_v.weight,-0.1313060224056244,97.5450668334961,28.636220932006836,21.567686080932617,38.04460525512695,1.3285484313964844,0.37960779666900635,67.69061279296875,15.512899398803711,13.029580116271973,16.030046463012695,1.0333366394042969
21,Charlie Sheen,3,down_blocks.1.attentions.1.transformer_blocks.0.attn2.to_v.weight,-0.10003101825714111,95.74095153808594,27.521488189697266,22.10247039794922,36.98172378540039,1.3437399864196777,0.4252473711967468,64.83367919921875,14.701866149902344,13.77991771697998,15.288192749023438,1.0398811101913452
22,Charlize Theron,3,down_blocks.1.attentions.1.transformer_blocks.0.attn2.to_v.weight,0.08085896819829941,85.362060546875,27.582630157470703,23.196714401245117,34.57481384277344,1.2534995079040527,0.46512505412101746,62.281681060791016,14.706757545471191,12.751325607299805,14.298063278198242,0.9722104668617249
23,Chris Evans,3,down_blocks.1.attentions.1.transformer_blocks.0.attn2.to_v.weight,-0.002215444343164563,90.12693786621094,28.30531120300293,25.0194091796875,37.81930160522461,1.336120367050171,0.4156630039215088,65.43892669677734,15.642531394958496,14.352336883544922,16.249305725097656,1.038789987564087
24,Chris Hemsworth,3,down_blocks.1.attentions.1.transformer_blocks.0.attn2.to_v.weight,0.05884624272584915,86.62641143798828,28.357040405273438,26.01243019104004,37.335693359375,1.3166286945343018,0.5202481746673584,58.651100158691406,16.256858825683594,15.017623901367188,15.355401039123535,0.9445490837097168
25,Chris Pine,3,down_blocks.1.attentions.1.transformer_blocks.0.attn2.to_v.weight,0.07136806100606918,85.90743255615234,28.11031723022461,22.761837005615234,34.884986877441406,1.2410029172897339,0.5494308471679688,56.672027587890625,16.44228744506836,13.17167854309082,14.347773551940918,0.8726142048835754
26,Chuck Norris,3,down_blocks.1.attentions.1.transformer_blocks.0.attn2.to_v.weight,0.020945081487298012,88.79985046386719,28.702478408813477,25.176746368408203,37.781341552734375,1.3163093328475952,0.4137926697731018,65.55668640136719,16.3147029876709,14.237342834472656,16.63254737854004,1.019482135772705
27,Courteney Cox,3,down_blocks.1.attentions.1.transformer_blocks.0.attn2.to_v.weight,-0.01857098378241062,91.06410217285156,27.826133728027344,21.821285247802734,35.6793327331543,1.2822238206863403,0.4632088840007782,62.405635833740234,15.58638858795166,13.683918952941895,15.251102447509766,0.9784885048866272
28,Demi Lovato,3,down_blocks.1.attentions.1.transformer_blocks.0.attn2.to_v.weight,0.10442433506250381,84.00599670410156,29.957365036010742,26.669212341308594,37.97147750854492,1.267517328262329,0.5439053177833557,57.050113677978516,15.714282989501953,15.600163459777832,14.954329490661621,0.9516392946243286
29,Drake,3,down_blocks.1.attentions.1.transformer_blocks.0.attn2.to_v.weight,-0.056602440774440765,93.24481201171875,28.78478240966797,21.782297134399414,37.06766128540039,1.2877520322799683,0.4653742015361786,62.26555633544922,16.43490219116211,12.877348899841309,15.458019256591797,0.9405604600906372
30,Drew Barrymore,3,down_blocks.1.attentions.1.transformer_blocks.0.attn2.to_v.weight,0.04361112415790558,87.50047302246094,27.857925415039062,22.163766860961914,34.834503173828125,1.250434160232544,0.5138977766036987,59.07619094848633,15.293560981750488,13.978355407714844,14.476412773132324,0.9465691447257996
31,Dwayne Johnson,3,down_blocks.1.attentions.1.transformer_blocks.0.attn2.to_v.weight,0.005020421929657459,89.71234893798828,28.35898780822754,23.701393127441406,36.867862701416016,1.3000415563583374,0.4752565622329712,61.62394714355469,16.445049285888672,12.958080291748047,15.355804443359375,0.9337645769119263
32,Ed Sheeran,3,down_blocks.1.attentions.1.transformer_blocks.0.attn2.to_v.weight,-0.006464293226599693,90.37037658691406,28.863014221191406,23.25489044189453,37.18253707885742,1.2882416248321533,0.517208456993103,58.85481262207031,15.656736373901367,13.633265495300293,14.498291969299316,0.9260098338127136
33,Elon Musk,3,down_blocks.1.attentions.1.transformer_blocks.0.attn2.to_v.weight,0.00024448681506328285,89.98599243164062,28.447412490844727,21.172237396240234,35.457359313964844,1.246417760848999,0.45837563276290894,62.71765899658203,17.063304901123047,13.03152084350586,16.03519058227539,0.9397470355033875
34,Elvis Presley,3,down_blocks.1.attentions.1.transformer_blocks.0.attn2.to_v.weight,-0.004397465381771326,90.251953125,28.570804595947266,21.382352828979492,35.76127624511719,1.2516720294952393,0.47315332293510437,61.76081848144531,15.059554100036621,12.466536521911621,14.301910400390625,0.9496901631355286
35,Emma Stone,3,down_blocks.1.attentions.1.transformer_blocks.0.attn2.to_v.weight,0.006799794267863035,89.61039733886719,28.44441795349121,24.251026153564453,37.2534065246582,1.309691309928894,0.4690109193325043,62.02988815307617,16.32701873779297,13.83897590637207,15.688961029052734,0.9609201550483704
36,Frida Kahlo,3,down_blocks.1.attentions.1.transformer_blocks.0.attn2.to_v.weight,-0.10295963287353516,95.90962982177734,28.232040405273438,20.88153648376465,36.803287506103516,1.3035999536514282,0.4196403920650482,65.18811798095703,15.627033233642578,13.440552711486816,15.766212463378906,1.008906364440918
37,George Clooney,3,down_blocks.1.attentions.1.transformer_blocks.0.attn2.to_v.weight,0.04322296753525734,87.52273559570312,28.430068969726562,23.77617645263672,36.2648811340332,1.2755818367004395,0.46599072217941284,62.22563934326172,16.780912399291992,13.479851722717285,15.889848709106445,0.9469001889228821
38,Glenn Close,3,down_blocks.1.attentions.1.transformer_blocks.0.attn2.to_v.weight,-0.07054296135902405,94.04517364501953,28.256168365478516,22.791053771972656,37.53266143798828,1.3282997608184814,0.3902975022792816,67.02699279785156,15.357514381408691,14.828948020935059,16.672780990600586,1.0856431722640991
39,Gwyneth Paltrow,3,down_blocks.1.attentions.1.transformer_blocks.0.attn2.to_v.weight,0.032099537551403046,88.16051483154297,28.311695098876953,21.49635887145996,34.99391555786133,1.2360233068466187,0.4896782338619232,60.68056106567383,16.004413604736328,12.490333557128906,14.70971965789795,0.9191039204597473
40,Harrison Ford,3,down_blocks.1.attentions.1.transformer_blocks.0.attn2.to_v.weight,-0.08215945959091187,94.71270751953125,28.273059844970703,22.160755157470703,37.32853317260742,1.3202862739562988,0.47098779678344727,61.90156936645508,15.818488121032715,14.145503997802734,15.477174758911133,0.9784231185913086
41,Hillary Clinton,3,down_blocks.1.attentions.1.transformer_blocks.0.attn2.to_v.weight,0.045741237699985504,87.37830352783203,28.375699996948242,21.881364822387695,35.031028747558594,1.2345432043075562,0.4266579747200012,64.74434661865234,16.606182098388672,12.487913131713867,15.96106243133545,0.9611518383026123
42,Hugh Jackman,3,down_blocks.1.attentions.1.transformer_blocks.0.attn2.to_v.weight,-0.022440195083618164,91.28583526611328,28.79867935180664,23.777429580688477,37.75529861450195,1.3110079765319824,0.4913462996482849,60.57089614868164,15.883675575256348,13.837550163269043,15.09244155883789,0.9501857161521912
43,Idris Elba,3,down_blocks.1.attentions.1.transformer_blocks.0.attn2.to_v.weight,-0.09779903292655945,95.61244201660156,28.461647033691406,22.57266616821289,38.0164909362793,1.3357094526290894,0.4569942355155945,62.806678771972656,15.828666687011719,13.475756645202637,15.400843620300293,0.9729716181755066
44,Jake Gyllenhaal,3,down_blocks.1.attentions.1.transformer_blocks.0.attn2.to_v.weight,0.09747246652841568,84.40635681152344,27.98990821838379,24.1937313079834,35.167579650878906,1.2564377784729004,0.4841003119945526,61.04645538330078,15.623950004577637,11.3519926071167,14.18635368347168,0.907987654209137
45,James Franco,3,down_blocks.1.attentions.1.transformer_blocks.0.attn2.to_v.weight,0.016125056892633438,89.07606506347656,28.435392379760742,22.70845603942871,36.10292053222656,1.2696473598480225,0.42320090532302856,64.9631576538086,15.404644966125488,13.961478233337402,15.817360877990723,1.0267916917800903
46,Jared Leto,3,down_blocks.1.attentions.1.transformer_blocks.0.attn2.to_v.weight,-0.016146350651979446,90.92516326904297,28.47954559326172,22.53278923034668,36.599647521972656,1.2851204872131348,0.5710079073905945,55.17945861816406,15.427654266357422,14.26809024810791,13.791547775268555,0.8939497470855713
47,Jason Momoa,3,down_blocks.1.attentions.1.transformer_blocks.0.attn2.to_v.weight,0.060421571135520935,86.5359878540039,28.433530807495117,24.757246017456055,36.55572509765625,1.2856554985046387,0.5590686202049255,56.00859069824219,16.04306411743164,13.919740676879883,14.193026542663574,0.8846830129623413
48,Jennifer Aniston,3,down_blocks.1.attentions.1.transformer_blocks.0.attn2.to_v.weight,-0.03201936557888985,91.83488464355469,28.492599487304688,22.178468704223633,36.663063049316406,1.2867573499679565,0.48563939332962036,60.94562911987305,16.991348266601562,13.446788787841797,15.735474586486816,0.9260874390602112
49,Jennifer Lawrence,3,down_blocks.1.attentions.1.transformer_blocks.0.attn2.to_v.weight,0.0034928624518215656,89.79987335205078,29.097944259643555,23.82554817199707,37.54336166381836,1.290241003036499,0.4923872947692871,60.50239181518555,16.017948150634766,13.759017944335938,15.127771377563477,0.9444262981414795
0,Adam Driver,4,down_blocks.2.attentions.0.transformer_blocks.0.attn2.to_v.weight,0.005314919166266918,89.69548034667969,28.008241653442383,23.517545700073242,36.476497650146484,1.3023487329483032,-0.021126369014382362,91.2105484008789,26.141279220581055,23.08956527709961,35.24198913574219,1.3481355905532837
1,Adriana Lima,4,down_blocks.2.attentions.0.transformer_blocks.0.attn2.to_v.weight,-0.04475577175617218,92.56517791748047,27.914234161376953,23.334749221801758,37.17552947998047,1.3317768573760986,-0.08473876118659973,94.86100006103516,27.09110450744629,22.698850631713867,36.788368225097656,1.3579500913619995
2,Amber Heard,4,down_blocks.2.attentions.0.transformer_blocks.0.attn2.to_v.weight,0.034660592675209045,88.0136947631836,27.69015884399414,22.839452743530273,35.278106689453125,1.2740304470062256,-0.02986416220664978,91.71134948730469,26.588939666748047,22.998781204223633,35.67127990722656,1.3415833711624146
3,Amy Adams,4,down_blocks.2.attentions.0.transformer_blocks.0.attn2.to_v.weight,-0.015378149226307869,90.88114166259766,27.93412971496582,23.132652282714844,36.54188537597656,1.3081448078155518,-0.028950568288564682,91.65898132324219,26.835458755493164,22.673025131225586,35.62916564941406,1.3276898860931396
4,Andrew Garfield,4,down_blocks.2.attentions.0.transformer_blocks.0.attn2.to_v.weight,0.01132864598184824,89.35090637207031,27.900615692138672,24.250118255615234,36.7584342956543,1.3174775838851929,0.0024044138845056295,89.86223602294922,27.767501831054688,23.725339889526367,36.47955322265625,1.31374990940094
5,Angelina Jolie,4,down_blocks.2.attentions.0.transformer_blocks.0.attn2.to_v.weight,0.054802607744932175,86.85847473144531,28.37268829345703,23.560564041137695,35.8725700378418,1.2643345594406128,0.06337029486894608,86.3667221069336,28.125568389892578,23.211702346801758,35.314144134521484,1.2555886507034302
6,Anjelica Huston,4,down_blocks.2.attentions.0.transformer_blocks.0.attn2.to_v.weight,0.048859938979148865,87.19941711425781,27.875823974609375,23.413700103759766,35.51736831665039,1.2741279602050781,-0.0021591081749647856,90.12371063232422,26.143985748291016,22.21869659423828,34.34656524658203,1.3137463331222534
7,Anna Faris,4,down_blocks.2.attentions.0.transformer_blocks.0.attn2.to_v.weight,0.040542617440223694,87.67644500732422,27.668066024780273,23.263093948364258,35.418968200683594,1.2801389694213867,0.07723050564527512,85.57060241699219,27.181306838989258,21.856077194213867,33.537288665771484,1.2338365316390991
8,Anna Kendrick,4,down_blocks.2.attentions.0.transformer_blocks.0.attn2.to_v.weight,0.04333458095788956,87.5163345336914,28.461196899414062,24.364511489868164,36.654727935791016,1.28788423538208,0.048492301255464554,87.22050476074219,26.35428810119629,24.405380249023438,35.03985595703125,1.3295694589614868
9,Anne Hathaway,4,down_blocks.2.attentions.0.transformer_blocks.0.attn2.to_v.weight,0.02429751493036747,88.60771942138672,28.212099075317383,24.090578079223633,36.650390625,1.2991018295288086,0.0263957642018795,88.48745727539062,26.6401424407959,23.923816680908203,35.332706451416016,1.3262957334518433
10,Arnold Schwarzenegger,4,down_blocks.2.attentions.0.transformer_blocks.0.attn2.to_v.weight,0.08346748352050781,85.21209716796875,28.820634841918945,25.205060958862305,36.66958236694336,1.272337794303894,0.014413034543395042,89.17416381835938,27.951547622680664,25.394954681396484,37.493080139160156,1.3413597345352173
11,Barack Obama,4,down_blocks.2.attentions.0.transformer_blocks.0.attn2.to_v.weight,-0.0002225170173915103,90.01274871826172,28.38604164123535,23.672502517700195,36.965572357177734,1.3022446632385254,-0.025458354502916336,91.45881652832031,31.068405151367188,23.47464370727539,39.4136962890625,1.2686102390289307
12,Beth Behrs,4,down_blocks.2.attentions.0.transformer_blocks.0.attn2.to_v.weight,0.030796948820352554,88.23518371582031,27.48546600341797,24.830148696899414,36.46849822998047,1.3268284797668457,0.07301395386457443,85.8128890991211,27.043655395507812,24.04657554626465,34.851600646972656,1.2887163162231445
13,Bill Clinton,4,down_blocks.2.attentions.0.transformer_blocks.0.attn2.to_v.weight,0.08962774276733398,84.85780334472656,29.023052215576172,25.12827491760254,36.64746856689453,1.2627021074295044,0.03359673544764519,88.07469177246094,27.116003036499023,26.559446334838867,37.31340408325195,1.376065731048584
14,Bob Dylan,4,down_blocks.2.attentions.0.transformer_blocks.0.attn2.to_v.weight,0.01362526323646307,89.21930694580078,29.00482177734375,22.8367977142334,36.67081832885742,1.26430082321167,0.055479444563388824,86.81962585449219,27.303768157958984,23.546655654907227,35.05144500732422,1.283758521080017
15,Bob Marley,4,down_blocks.2.attentions.0.transformer_blocks.0.attn2.to_v.weight,0.006284983828663826,89.639892578125,29.121788024902344,23.684326171875,37.421329498291016,1.2849942445755005,-0.006600718945264816,90.3781967163086,29.73824691772461,22.995134353637695,37.711631774902344,1.2681188583374023
16,Bradley Cooper,4,down_blocks.2.attentions.0.transformer_blocks.0.attn2.to_v.weight,0.024942990392446518,88.57072448730469,28.211177825927734,22.07369041442871,35.38436508178711,1.2542675733566284,-0.022600514814257622,91.29502868652344,26.77737808227539,21.29047966003418,34.584415435791016,1.2915534973144531
17,Bruce Willis,4,down_blocks.2.attentions.0.transformer_blocks.0.attn2.to_v.weight,0.07240448892116547,85.847900390625,28.377559661865234,25.014074325561523,36.4444580078125,1.2842702865600586,0.025613199919462204,88.53231048583984,28.257518768310547,24.83246421813965,37.137481689453125,1.3142513036727905
18,Bryan Cranston,4,down_blocks.2.attentions.0.transformer_blocks.0.attn2.to_v.weight,0.007258323486894369,89.5841293334961,28.275938034057617,22.837833404541016,36.21768569946289,1.2808659076690674,-0.03824438154697418,92.19178009033203,27.645671844482422,23.200435638427734,36.7641487121582,1.329833745956421
19,Cameron Diaz,4,down_blocks.2.attentions.0.transformer_blocks.0.attn2.to_v.weight,0.08736877143383026,84.98775482177734,27.852161407470703,24.518964767456055,35.462562561035156,1.273242712020874,0.05935164541006088,86.59740447998047,27.0622615814209,23.727231979370117,34.91599655151367,1.2902098894119263
20,Channing Tatum,4,down_blocks.2.attentions.0.transformer_blocks.0.attn2.to_v.weight,-0.1313060224056244,97.5450668334961,28.636220932006836,21.567686080932617,38.04460525512695,1.3285484313964844,-0.18758487701416016,100.81187438964844,28.170278549194336,21.121686935424805,38.248104095458984,1.3577467203140259
21,Charlie Sheen,4,down_blocks.2.attentions.0.transformer_blocks.0.attn2.to_v.weight,-0.10003101825714111,95.74095153808594,27.521488189697266,22.10247039794922,36.98172378540039,1.3437399864196777,-0.12446484714746475,97.14984893798828,27.403854370117188,21.902971267700195,37.15004348754883,1.3556503057479858
22,Charlize Theron,4,down_blocks.2.attentions.0.transformer_blocks.0.attn2.to_v.weight,0.08085896819829941,85.362060546875,27.582630157470703,23.196714401245117,34.57481384277344,1.2534995079040527,0.1689356118440628,80.27406311035156,27.031803131103516,21.00489616394043,31.306241989135742,1.1581262350082397
23,Chris Evans,4,down_blocks.2.attentions.0.transformer_blocks.0.attn2.to_v.weight,-0.002215444343164563,90.12693786621094,28.30531120300293,25.0194091796875,37.81930160522461,1.336120367050171,0.02149738185107708,88.76819610595703,27.747339248657227,24.58272361755371,36.672855377197266,1.3216710090637207
24,Chris Hemsworth,4,down_blocks.2.attentions.0.transformer_blocks.0.attn2.to_v.weight,0.05884624272584915,86.62641143798828,28.357040405273438,26.01243019104004,37.335693359375,1.3166286945343018,0.09959821403026581,84.28396606445312,26.920284271240234,26.00849723815918,35.52006530761719,1.3194535970687866
25,Chris Pine,4,down_blocks.2.attentions.0.transformer_blocks.0.attn2.to_v.weight,0.07136806100606918,85.90743255615234,28.11031723022461,22.761837005615234,34.884986877441406,1.2410029172897339,0.019010884687304497,88.91069030761719,26.31379508972168,22.87959098815918,34.53984069824219,1.3126133680343628
26,Chuck Norris,4,down_blocks.2.attentions.0.transformer_blocks.0.attn2.to_v.weight,0.020945081487298012,88.79985046386719,28.702478408813477,25.176746368408203,37.781341552734375,1.3163093328475952,0.0074524106457829475,89.57300567626953,27.522159576416016,25.726993560791016,37.533905029296875,1.3637703657150269
27,Courteney Cox,4,down_blocks.2.attentions.0.transformer_blocks.0.attn2.to_v.weight,-0.01857098378241062,91.06410217285156,27.826133728027344,21.821285247802734,35.6793327331543,1.2822238206863403,-0.002814489882439375,90.1612548828125,27.292688369750977,21.26453971862793,34.645896911621094,1.2694205045700073
28,Demi Lovato,4,down_blocks.2.attentions.0.transformer_blocks.0.attn2.to_v.weight,0.10442433506250381,84.00599670410156,29.957365036010742,26.669212341308594,37.97147750854492,1.267517328262329,0.18171848356723785,79.5301284790039,27.11276626586914,24.312673568725586,32.964168548583984,1.2158172130584717
29,Drake,4,down_blocks.2.attentions.0.transformer_blocks.0.attn2.to_v.weight,-0.056602440774440765,93.24481201171875,28.78478240966797,21.782297134399414,37.06766128540039,1.2877520322799683,-0.06726749241352081,93.8570556640625,28.837007522583008,22.320037841796875,37.634422302246094,1.3050737380981445
30,Drew Barrymore,4,down_blocks.2.attentions.0.transformer_blocks.0.attn2.to_v.weight,0.04361112415790558,87.50047302246094,27.857925415039062,22.163766860961914,34.834503173828125,1.250434160232544,0.009139525704085827,89.4763412475586,27.66853904724121,21.277761459350586,34.74953079223633,1.2559221982955933
31,Dwayne Johnson,4,down_blocks.2.attentions.0.transformer_blocks.0.attn2.to_v.weight,0.005020421929657459,89.71234893798828,28.35898780822754,23.701393127441406,36.867862701416016,1.3000415563583374,0.015193041414022446,89.12947082519531,28.776138305664062,24.172630310058594,37.299407958984375,1.2961922883987427
32,Ed Sheeran,4,down_blocks.2.attentions.0.transformer_blocks.0.attn2.to_v.weight,-0.006464293226599693,90.37037658691406,28.863014221191406,23.25489044189453,37.18253707885742,1.2882416248321533,0.03165822476148605,88.1858139038086,26.01665496826172,22.634136199951172,33.9394416809082,1.3045275211334229
33,Elon Musk,4,down_blocks.2.attentions.0.transformer_blocks.0.attn2.to_v.weight,0.00024448681506328285,89.98599243164062,28.447412490844727,21.172237396240234,35.457359313964844,1.246417760848999,-0.10261958092451096,95.8900375366211,28.695886611938477,21.64968490600586,37.67849349975586,1.3130277395248413
34,Elvis Presley,4,down_blocks.2.attentions.0.transformer_blocks.0.attn2.to_v.weight,-0.004397465381771326,90.251953125,28.570804595947266,21.382352828979492,35.76127624511719,1.2516720294952393,0.01439354196190834,89.17528533935547,27.419658660888672,20.984609603881836,34.28742980957031,1.2504688501358032
35,Emma Stone,4,down_blocks.2.attentions.0.transformer_blocks.0.attn2.to_v.weight,0.006799794267863035,89.61039733886719,28.44441795349121,24.251026153564453,37.2534065246582,1.309691309928894,-0.04266725853085518,92.44539642333984,28.004796981811523,24.04952621459961,37.68449783325195,1.3456443548202515
36,Frida Kahlo,4,down_blocks.2.attentions.0.transformer_blocks.0.attn2.to_v.weight,-0.10295963287353516,95.90962982177734,28.232040405273438,20.88153648376465,36.803287506103516,1.3035999536514282,-0.11823388189077377,96.79019165039062,27.818546295166016,20.133495330810547,36.217002868652344,1.3019013404846191
37,George Clooney,4,down_blocks.2.attentions.0.transformer_blocks.0.attn2.to_v.weight,0.04322296753525734,87.52273559570312,28.430068969726562,23.77617645263672,36.2648811340332,1.2755818367004395,0.026605714112520218,88.47542572021484,27.566936492919922,23.458860397338867,35.71894454956055,1.2957168817520142
38,Glenn Close,4,down_blocks.2.attentions.0.transformer_blocks.0.attn2.to_v.weight,-0.07054296135902405,94.04517364501953,28.256168365478516,22.791053771972656,37.53266143798828,1.3282997608184814,-0.053324129432439804,93.05669403076172,28.842247009277344,22.38312530517578,37.43967819213867,1.2980846166610718
39,Gwyneth Paltrow,4,down_blocks.2.attentions.0.transformer_blocks.0.attn2.to_v.weight,0.032099537551403046,88.16051483154297,28.311695098876953,21.49635887145996,34.99391555786133,1.2360233068466187,0.011674839071929455,89.33106994628906,26.93949317932129,21.518447875976562,34.28183364868164,1.2725492715835571
40,Harrison Ford,4,down_blocks.2.attentions.0.transformer_blocks.0.attn2.to_v.weight,-0.08215945959091187,94.71270751953125,28.273059844970703,22.160755157470703,37.32853317260742,1.3202862739562988,-0.09972749650478363,95.72348022460938,28.146747589111328,22.4984188079834,37.74552536010742,1.3410261869430542
41,Hillary Clinton,4,down_blocks.2.attentions.0.transformer_blocks.0.attn2.to_v.weight,0.045741237699985504,87.37830352783203,28.375699996948242,21.881364822387695,35.031028747558594,1.2345432043075562,-0.0400804802775383,92.29705810546875,30.27556610107422,21.59825325012207,37.88814163208008,1.2514429092407227
42,Hugh Jackman,4,down_blocks.2.attentions.0.transformer_blocks.0.attn2.to_v.weight,-0.022440195083618164,91.28583526611328,28.79867935180664,23.777429580688477,37.75529861450195,1.3110079765319824,-0.019366975873708725,91.1097183227539,27.78742790222168,23.611064910888672,36.810821533203125,1.324729323387146
43,Idris Elba,4,down_blocks.2.attentions.0.transformer_blocks.0.attn2.to_v.weight,-0.09779903292655945,95.61244201660156,28.461647033691406,22.57266616821289,38.0164909362793,1.3357094526290894,-0.10062408447265625,95.77511596679688,28.35065269470215,21.66958236694336,37.37601089477539,1.318347454071045
44,Jake Gyllenhaal,4,down_blocks.2.attentions.0.transformer_blocks.0.attn2.to_v.weight,0.09747246652841568,84.40635681152344,27.98990821838379,24.1937313079834,35.167579650878906,1.2564377784729004,0.14165329933166504,81.8564682006836,25.48689842224121,21.14557456970215,30.72512435913086,1.2055262327194214
45,James Franco,4,down_blocks.2.attentions.0.transformer_blocks.0.attn2.to_v.weight,0.016125056892633438,89.07606506347656,28.435392379760742,22.70845603942871,36.10292053222656,1.2696473598480225,-0.00014646071940660477,90.00839233398438,26.892494201660156,22.130521774291992,34.830169677734375,1.2951632738113403
46,Jared Leto,4,down_blocks.2.attentions.0.transformer_blocks.0.attn2.to_v.weight,-0.016146350651979446,90.92516326904297,28.47954559326172,22.53278923034668,36.599647521972656,1.2851204872131348,0.013787899166345596,89.20999145507812,26.912311553955078,22.760644912719727,35.00611877441406,1.3007473945617676
47,Jason Momoa,4,down_blocks.2.attentions.0.transformer_blocks.0.attn2.to_v.weight,0.060421571135520935,86.5359878540039,28.433530807495117,24.757246017456055,36.55572509765625,1.2856554985046387,0.04443616047501564,87.45315551757812,27.274137496948242,24.513525009155273,35.85209655761719,1.3145089149475098
48,Jennifer Aniston,4,down_blocks.2.attentions.0.transformer_blocks.0.attn2.to_v.weight,-0.03201936557888985,91.83488464355469,28.492599487304688,22.178468704223633,36.663063049316406,1.2867573499679565,-0.0041312165558338165,90.23670196533203,27.68709945678711,21.93339729309082,35.393035888671875,1.2783222198486328
49,Jennifer Lawrence,4,down_blocks.2.attentions.0.transformer_blocks.0.attn2.to_v.weight,0.0034928624518215656,89.79987335205078,29.097944259643555,23.82554817199707,37.54336166381836,1.290241003036499,0.038074981421232224,87.81793212890625,27.95685386657715,22.46207046508789,35.189640045166016,1.2587124109268188
0,Adam Driver,5,down_blocks.2.attentions.1.transformer_blocks.0.attn2.to_v.weight,0.005314919166266918,89.69548034667969,28.008241653442383,23.517545700073242,36.476497650146484,1.3023487329483032,-0.06697481870651245,93.84024810791016,26.466611862182617,23.842910766601562,36.78985595703125,1.3900477886199951
1,Adriana Lima,5,down_blocks.2.attentions.1.transformer_blocks.0.attn2.to_v.weight,-0.04475577175617218,92.56517791748047,27.914234161376953,23.334749221801758,37.17552947998047,1.3317768573760986,-0.0561504028737545,93.2188720703125,27.449533462524414,23.93488883972168,37.41841125488281,1.363171100616455
2,Amber Heard,5,down_blocks.2.attentions.1.transformer_blocks.0.attn2.to_v.weight,0.034660592675209045,88.0136947631836,27.69015884399414,22.839452743530273,35.278106689453125,1.2740304470062256,-0.008194071240723133,90.46949005126953,27.999805450439453,22.949604034423828,36.34837341308594,1.298165202140808
3,Amy Adams,5,down_blocks.2.attentions.1.transformer_blocks.0.attn2.to_v.weight,-0.015378149226307869,90.88114166259766,27.93412971496582,23.132652282714844,36.54188537597656,1.3081448078155518,-0.08708834648132324,94.99612426757812,27.279132843017578,23.260278701782227,37.35920333862305,1.3695157766342163
4,Andrew Garfield,5,down_blocks.2.attentions.1.transformer_blocks.0.attn2.to_v.weight,0.01132864598184824,89.35090637207031,27.900615692138672,24.250118255615234,36.7584342956543,1.3174775838851929,-0.00801087450236082,90.45899200439453,29.25567626953125,24.667715072631836,38.41813278198242,1.3131855726242065
5,Angelina Jolie,5,down_blocks.2.attentions.1.transformer_blocks.0.attn2.to_v.weight,0.054802607744932175,86.85847473144531,28.37268829345703,23.560564041137695,35.8725700378418,1.2643345594406128,0.08867884427309036,84.91239166259766,27.58098602294922,23.347675323486328,34.519779205322266,1.2515788078308105
6,Anjelica Huston,5,down_blocks.2.attentions.1.transformer_blocks.0.attn2.to_v.weight,0.048859938979148865,87.19941711425781,27.875823974609375,23.413700103759766,35.51736831665039,1.2741279602050781,0.0066888476721942425,89.61675262451172,26.448734283447266,23.1384334564209,35.02478790283203,1.3242518901824951
7,Anna Faris,5,down_blocks.2.attentions.1.transformer_blocks.0.attn2.to_v.weight,0.040542617440223694,87.67644500732422,27.668066024780273,23.263093948364258,35.418968200683594,1.2801389694213867,0.033553313463926315,88.07717895507812,26.933034896850586,22.64643096923828,34.60228729248047,1.284752607345581
8,Anna Kendrick,5,down_blocks.2.attentions.1.transformer_blocks.0.attn2.to_v.weight,0.04333458095788956,87.5163345336914,28.461196899414062,24.364511489868164,36.654727935791016,1.28788423538208,0.029885660856962204,88.28742218017578,27.348159790039062,24.490129470825195,36.161521911621094,1.3222652673721313
9,Anne Hathaway,5,down_blocks.2.attentions.1.transformer_blocks.0.attn2.to_v.weight,0.02429751493036747,88.60771942138672,28.212099075317383,24.090578079223633,36.650390625,1.2991018295288086,0.02488444373011589,88.57408142089844,26.780920028686523,24.61098861694336,35.91817855834961,1.3411853313446045
10,Arnold Schwarzenegger,5,down_blocks.2.attentions.1.transformer_blocks.0.attn2.to_v.weight,0.08346748352050781,85.21209716796875,28.820634841918945,25.205060958862305,36.66958236694336,1.272337794303894,0.030225101858377457,88.26795959472656,29.27523422241211,25.621931076049805,38.31683349609375,1.3088480234146118
11,Barack Obama,5,down_blocks.2.attentions.1.transformer_blocks.0.attn2.to_v.weight,-0.0002225170173915103,90.01274871826172,28.38604164123535,23.672502517700195,36.965572357177734,1.3022446632385254,-0.0413111113011837,92.36763000488281,32.12845230102539,23.853487014770508,40.79884719848633,1.2698665857315063
12,Beth Behrs,5,down_blocks.2.attentions.1.transformer_blocks.0.attn2.to_v.weight,0.030796948820352554,88.23518371582031,27.48546600341797,24.830148696899414,36.46849822998047,1.3268284797668457,0.0033028596080839634,89.81076049804688,28.068784713745117,24.30931854248047,37.071449279785156,1.3207358121871948
13,Bill Clinton,5,down_blocks.2.attentions.1.transformer_blocks.0.attn2.to_v.weight,0.08962774276733398,84.85780334472656,29.023052215576172,25.12827491760254,36.64746856689453,1.2627021074295044,0.0293683223426342,88.31707763671875,28.830244064331055,26.717266082763672,38.72663879394531,1.3432643413543701
14,Bob Dylan,5,down_blocks.2.attentions.1.transformer_blocks.0.attn2.to_v.weight,0.01362526323646307,89.21930694580078,29.00482177734375,22.8367977142334,36.67081832885742,1.26430082321167,-0.011999906972050667,90.68756103515625,28.35129165649414,23.59698486328125,37.103492736816406,1.3087055683135986
15,Bob Marley,5,down_blocks.2.attentions.1.transformer_blocks.0.attn2.to_v.weight,0.006284983828663826,89.639892578125,29.121788024902344,23.684326171875,37.421329498291016,1.2849942445755005,-0.0041474876925349236,90.23763275146484,29.78396987915039,23.75136947631836,38.17171859741211,1.2816195487976074
16,Bradley Cooper,5,down_blocks.2.attentions.1.transformer_blocks.0.attn2.to_v.weight,0.024942990392446518,88.57072448730469,28.211177825927734,22.07369041442871,35.38436508178711,1.2542675733566284,-0.07830372452735901,94.49107360839844,28.15330696105957,22.2394962310791,37.219058990478516,1.3220137357711792
17,Bruce Willis,5,down_blocks.2.attentions.1.transformer_blocks.0.attn2.to_v.weight,0.07240448892116547,85.847900390625,28.377559661865234,25.014074325561523,36.4444580078125,1.2842702865600586,0.009444702416658401,89.45885467529297,27.895431518554688,26.41858673095703,38.2384147644043,1.3707770109176636
18,Bryan Cranston,5,down_blocks.2.attentions.1.transformer_blocks.0.attn2.to_v.weight,0.007258323486894369,89.5841293334961,28.275938034057617,22.837833404541016,36.21768569946289,1.2808659076690674,-0.059437647461891174,93.40753936767578,27.942626953125,23.23680305480957,37.38883590698242,1.338057279586792
19,Cameron Diaz,5,down_blocks.2.attentions.1.transformer_blocks.0.attn2.to_v.weight,0.08736877143383026,84.98775482177734,27.852161407470703,24.518964767456055,35.462562561035156,1.273242712020874,0.05792943388223648,86.67903137207031,27.173370361328125,24.185699462890625,35.315673828125,1.29964280128479
20,Channing Tatum,5,down_blocks.2.attentions.1.transformer_blocks.0.attn2.to_v.weight,-0.1313060224056244,97.5450668334961,28.636220932006836,21.567686080932617,38.04460525512695,1.3285484313964844,-0.19707441329956055,101.36592864990234,27.732051849365234,21.372844696044922,38.20316696166992,1.3775817155838013
21,Charlie Sheen,5,down_blocks.2.attentions.1.transformer_blocks.0.attn2.to_v.weight,-0.10003101825714111,95.74095153808594,27.521488189697266,22.10247039794922,36.98172378540039,1.3437399864196777,-0.13916920125484467,97.99977111816406,28.325532913208008,22.705415725708008,38.6895751953125,1.3658905029296875
22,Charlize Theron,5,down_blocks.2.attentions.1.transformer_blocks.0.attn2.to_v.weight,0.08085896819829941,85.362060546875,27.582630157470703,23.196714401245117,34.57481384277344,1.2534995079040527,0.16820189356803894,80.31671142578125,27.372915267944336,21.830575942993164,32.01292037963867,1.169510841369629
23,Chris Evans,5,down_blocks.2.attentions.1.transformer_blocks.0.attn2.to_v.weight,-0.002215444343164563,90.12693786621094,28.30531120300293,25.0194091796875,37.81930160522461,1.336120367050171,-0.07058945298194885,94.04784393310547,29.683870315551758,25.360750198364258,40.38043975830078,1.3603495359420776
24,Chris Hemsworth,5,down_blocks.2.attentions.1.transformer_blocks.0.attn2.to_v.weight,0.05884624272584915,86.62641143798828,28.357040405273438,26.01243019104004,37.335693359375,1.3166286945343018,-0.010504618287086487,90.60188293457031,27.83658790588379,26.61055564880371,38.71123504638672,1.3906601667404175
25,Chris Pine,5,down_blocks.2.attentions.1.transformer_blocks.0.attn2.to_v.weight,0.07136806100606918,85.90743255615234,28.11031723022461,22.761837005615234,34.884986877441406,1.2410029172897339,-0.00827424880117178,90.47409057617188,28.74885368347168,23.786563873291016,37.4648323059082,1.3031765222549438
26,Chuck Norris,5,down_blocks.2.attentions.1.transformer_blocks.0.attn2.to_v.weight,0.020945081487298012,88.79985046386719,28.702478408813477,25.176746368408203,37.781341552734375,1.3163093328475952,-0.014838102273643017,90.85018920898438,28.774457931518555,26.201549530029297,39.20286178588867,1.3624187707901
27,Courteney Cox,5,down_blocks.2.attentions.1.transformer_blocks.0.attn2.to_v.weight,-0.01857098378241062,91.06410217285156,27.826133728027344,21.821285247802734,35.6793327331543,1.2822238206863403,0.0300174281001091,88.27986907958984,27.332616806030273,22.2288818359375,34.709068298339844,1.2698771953582764
28,Demi Lovato,5,down_blocks.2.attentions.1.transformer_blocks.0.attn2.to_v.weight,0.10442433506250381,84.00599670410156,29.957365036010742,26.669212341308594,37.97147750854492,1.267517328262329,0.1924874633550644,78.90201568603516,27.841381072998047,25.10309410095215,33.7082633972168,1.2107253074645996
29,Drake,5,down_blocks.2.attentions.1.transformer_blocks.0.attn2.to_v.weight,-0.056602440774440765,93.24481201171875,28.78478240966797,21.782297134399414,37.06766128540039,1.2877520322799683,-0.07032650709152222,94.03274536132812,31.262060165405273,21.859159469604492,39.385986328125,1.259865403175354
30,Drew Barrymore,5,down_blocks.2.attentions.1.transformer_blocks.0.attn2.to_v.weight,0.04361112415790558,87.50047302246094,27.857925415039062,22.163766860961914,34.834503173828125,1.250434160232544,0.04196491464972496,87.59487915039062,27.881837844848633,21.552148818969727,34.51749801635742,1.2379921674728394
31,Dwayne Johnson,5,down_blocks.2.attentions.1.transformer_blocks.0.attn2.to_v.weight,0.005020421929657459,89.71234893798828,28.35898780822754,23.701393127441406,36.867862701416016,1.3000415563583374,0.017378736287355423,89.00422668457031,29.6583251953125,24.090063095092773,37.88290023803711,1.277310848236084
32,Ed Sheeran,5,down_blocks.2.attentions.1.transformer_blocks.0.attn2.to_v.weight,-0.006464293226599693,90.37037658691406,28.863014221191406,23.25489044189453,37.18253707885742,1.2882416248321533,0.0013320831349119544,89.92367553710938,27.071208953857422,22.87057113647461,35.415592193603516,1.3082382678985596
33,Elon Musk,5,down_blocks.2.attentions.1.transformer_blocks.0.attn2.to_v.weight,0.00024448681506328285,89.98599243164062,28.447412490844727,21.172237396240234,35.457359313964844,1.246417760848999,-0.11346102505922318,96.5148696899414,30.787338256835938,21.52427101135254,39.51620101928711,1.2835211753845215
34,Elvis Presley,5,down_blocks.2.attentions.1.transformer_blocks.0.attn2.to_v.weight,-0.004397465381771326,90.251953125,28.570804595947266,21.382352828979492,35.76127624511719,1.2516720294952393,-0.040284618735313416,92.30876159667969,28.995561599731445,21.865833282470703,37.01268768310547,1.2764949798583984
35,Emma Stone,5,down_blocks.2.attentions.1.transformer_blocks.0.attn2.to_v.weight,0.006799794267863035,89.61039733886719,28.44441795349121,24.251026153564453,37.2534065246582,1.309691309928894,-0.03014802187681198,91.72761535644531,29.55671501159668,24.984495162963867,39.27277374267578,1.3287259340286255
36,Frida Kahlo,5,down_blocks.2.attentions.1.transformer_blocks.0.attn2.to_v.weight,-0.10295963287353516,95.90962982177734,28.232040405273438,20.88153648376465,36.803287506103516,1.3035999536514282,-0.21860937774181366,102.62737274169922,29.035634994506836,21.40629768371582,39.66168212890625,1.365965723991394
37,George Clooney,5,down_blocks.2.attentions.1.transformer_blocks.0.attn2.to_v.weight,0.04322296753525734,87.52273559570312,28.430068969726562,23.77617645263672,36.2648811340332,1.2755818367004395,-0.03232216089963913,91.85224914550781,28.200164794921875,24.071760177612305,37.6640625,1.335597276687622
38,Glenn Close,5,down_blocks.2.attentions.1.transformer_blocks.0.attn2.to_v.weight,-0.07054296135902405,94.04517364501953,28.256168365478516,22.791053771972656,37.53266143798828,1.3282997608184814,-0.11293693631887436,96.48464965820312,28.279701232910156,23.041574478149414,38.44264602661133,1.3593723773956299
39,Gwyneth Paltrow,5,down_blocks.2.attentions.1.transformer_blocks.0.attn2.to_v.weight,0.032099537551403046,88.16051483154297,28.311695098876953,21.49635887145996,34.99391555786133,1.2360233068466187,-0.004988504108041525,90.28582000732422,28.35927963256836,22.138534545898438,36.064212799072266,1.271690011024475
40,Harrison Ford,5,down_blocks.2.attentions.1.transformer_blocks.0.attn2.to_v.weight,-0.08215945959091187,94.71270751953125,28.273059844970703,22.160755157470703,37.32853317260742,1.3202862739562988,-0.12399846315383911,97.1229248046875,29.08172607421875,23.0530948638916,39.28683090209961,1.350911259651184
41,Hillary Clinton,5,down_blocks.2.attentions.1.transformer_blocks.0.attn2.to_v.weight,0.045741237699985504,87.37830352783203,28.375699996948242,21.881364822387695,35.031028747558594,1.2345432043075562,-0.05012943595647812,92.8734130859375,31.359350204467773,22.9206600189209,39.759647369384766,1.2678722143173218
42,Hugh Jackman,5,down_blocks.2.attentions.1.transformer_blocks.0.attn2.to_v.weight,-0.022440195083618164,91.28583526611328,28.79867935180664,23.777429580688477,37.75529861450195,1.3110079765319824,0.025252720341086388,88.55297088623047,26.560558319091797,23.39651870727539,34.94960403442383,1.3158459663391113
43,Idris Elba,5,down_blocks.2.attentions.1.transformer_blocks.0.attn2.to_v.weight,-0.09779903292655945,95.61244201660156,28.461647033691406,22.57266616821289,38.0164909362793,1.3357094526290894,-0.09929566085338593,95.69861602783203,27.133525848388672,23.596651077270508,37.68528747558594,1.3888827562332153
44,Jake Gyllenhaal,5,down_blocks.2.attentions.1.transformer_blocks.0.attn2.to_v.weight,0.09747246652841568,84.40635681152344,27.98990821838379,24.1937313079834,35.167579650878906,1.2564377784729004,0.13211368024349213,82.40824890136719,25.024999618530273,21.860132217407227,30.9769344329834,1.2378395795822144
45,James Franco,5,down_blocks.2.attentions.1.transformer_blocks.0.attn2.to_v.weight,0.016125056892633438,89.07606506347656,28.435392379760742,22.70845603942871,36.10292053222656,1.2696473598480225,0.05246492102742195,86.99259948730469,27.05720329284668,23.261947631835938,34.74431228637695,1.2841057777404785
46,Jared Leto,5,down_blocks.2.attentions.1.transformer_blocks.0.attn2.to_v.weight,-0.016146350651979446,90.92516326904297,28.47954559326172,22.53278923034668,36.599647521972656,1.2851204872131348,-0.01854507438838482,91.06261444091797,28.34568977355957,22.58458709716797,36.56892395019531,1.2901052236557007
47,Jason Momoa,5,down_blocks.2.attentions.1.transformer_blocks.0.attn2.to_v.weight,0.060421571135520935,86.5359878540039,28.433530807495117,24.757246017456055,36.55572509765625,1.2856554985046387,0.07626959681510925,85.62582397460938,28.364219665527344,25.872900009155273,36.90518569946289,1.3011176586151123
48,Jennifer Aniston,5,down_blocks.2.attentions.1.transformer_blocks.0.attn2.to_v.weight,-0.03201936557888985,91.83488464355469,28.492599487304688,22.178468704223633,36.663063049316406,1.2867573499679565,0.025285201147198677,88.55110931396484,27.23155403137207,22.193695068359375,34.69227981567383,1.2739735841751099
49,Jennifer Lawrence,5,down_blocks.2.attentions.1.transformer_blocks.0.attn2.to_v.weight,0.0034928624518215656,89.79987335205078,29.097944259643555,23.82554817199707,37.54336166381836,1.290241003036499,0.029954956844449043,88.28345489501953,28.839370727539062,23.076248168945312,36.39165115356445,1.2618739604949951
0,Adam Driver,6,up_blocks.1.attentions.0.transformer_blocks.0.attn2.to_v.weight,0.005314919166266918,89.69548034667969,28.008241653442383,23.517545700073242,36.476497650146484,1.3023487329483032,-0.19449953734874725,101.21549224853516,32.308494567871094,30.404150009155273,48.480613708496094,1.5005531311035156
1,Adriana Lima,6,up_blocks.1.attentions.0.transformer_blocks.0.attn2.to_v.weight,-0.04475577175617218,92.56517791748047,27.914234161376953,23.334749221801758,37.17552947998047,1.3317768573760986,-0.19932988286018372,101.49777221679688,33.88747024536133,29.224197387695312,48.961421966552734,1.4448237419128418
2,Amber Heard,6,up_blocks.1.attentions.0.transformer_blocks.0.attn2.to_v.weight,0.034660592675209045,88.0136947631836,27.69015884399414,22.839452743530273,35.278106689453125,1.2740304470062256,-0.05138443410396576,92.94540405273438,34.47332763671875,27.53527069091797,45.21230697631836,1.3115155696868896
3,Amy Adams,6,up_blocks.1.attentions.0.transformer_blocks.0.attn2.to_v.weight,-0.015378149226307869,90.88114166259766,27.93412971496582,23.132652282714844,36.54188537597656,1.3081448078155518,-0.12536007165908813,97.20155334472656,33.937950134277344,27.26249122619629,46.11943817138672,1.3589341640472412
4,Andrew Garfield,6,up_blocks.1.attentions.0.transformer_blocks.0.attn2.to_v.weight,0.01132864598184824,89.35090637207031,27.900615692138672,24.250118255615234,36.7584342956543,1.3174775838851929,-0.07710587233304977,94.42223358154297,35.73455047607422,29.021648406982422,47.74037551879883,1.3359724283218384
5,Angelina Jolie,6,up_blocks.1.attentions.0.transformer_blocks.0.attn2.to_v.weight,0.054802607744932175,86.85847473144531,28.37268829345703,23.560564041137695,35.8725700378418,1.2643345594406128,-0.03964966908097267,92.27235412597656,35.52893829345703,29.218589782714844,46.886592864990234,1.3196732997894287
6,Anjelica Huston,6,up_blocks.1.attentions.0.transformer_blocks.0.attn2.to_v.weight,0.048859938979148865,87.19941711425781,27.875823974609375,23.413700103759766,35.51736831665039,1.2741279602050781,-0.05145232379436493,92.94931030273438,31.759550094604492,28.58898162841797,43.811344146728516,1.379469871520996
7,Anna Faris,6,up_blocks.1.attentions.0.transformer_blocks.0.attn2.to_v.weight,0.040542617440223694,87.67644500732422,27.668066024780273,23.263093948364258,35.418968200683594,1.2801389694213867,-0.07061246782541275,94.04916381835938,31.986644744873047,28.05205726623535,44.0088996887207,1.375852346420288
8,Anna Kendrick,6,up_blocks.1.attentions.0.transformer_blocks.0.attn2.to_v.weight,0.04333458095788956,87.5163345336914,28.461196899414062,24.364511489868164,36.654727935791016,1.28788423538208,1.4221792298485525e-05,89.99918365478516,32.444053649902344,29.872299194335938,44.10151290893555,1.3593095541000366
9,Anne Hathaway,6,up_blocks.1.attentions.0.transformer_blocks.0.attn2.to_v.weight,0.02429751493036747,88.60771942138672,28.212099075317383,24.090578079223633,36.650390625,1.2991018295288086,-0.04071635752916336,92.33352661132812,31.654102325439453,29.662986755371094,44.25309753417969,1.3980209827423096
10,Arnold Schwarzenegger,6,up_blocks.1.attentions.0.transformer_blocks.0.attn2.to_v.weight,0.08346748352050781,85.21209716796875,28.820634841918945,25.205060958862305,36.66958236694336,1.272337794303894,-0.061791155487298965,93.54263305664062,35.8049430847168,31.57103729248047,49.17745590209961,1.373482346534729
11,Barack Obama,6,up_blocks.1.attentions.0.transformer_blocks.0.attn2.to_v.weight,-0.0002225170173915103,90.01274871826172,28.38604164123535,23.672502517700195,36.965572357177734,1.3022446632385254,-0.1720338761806488,99.90608978271484,41.208805084228516,29.838884353637695,54.87803268432617,1.3317065238952637
12,Beth Behrs,6,up_blocks.1.attentions.0.transformer_blocks.0.attn2.to_v.weight,0.030796948820352554,88.23518371582031,27.48546600341797,24.830148696899414,36.46849822998047,1.3268284797668457,-0.0948069766163826,95.4402084350586,34.61225509643555,30.261716842651367,48.087276458740234,1.3893135786056519
13,Bill Clinton,6,up_blocks.1.attentions.0.transformer_blocks.0.attn2.to_v.weight,0.08962774276733398,84.85780334472656,29.023052215576172,25.12827491760254,36.64746856689453,1.2627021074295044,-0.05275428667664528,93.02400207519531,36.88311767578125,32.546478271484375,50.46078872680664,1.3681269884109497
14,Bob Dylan,6,up_blocks.1.attentions.0.transformer_blocks.0.attn2.to_v.weight,0.01362526323646307,89.21930694580078,29.00482177734375,22.8367977142334,36.67081832885742,1.26430082321167,-0.11492732167243958,96.59943389892578,36.108856201171875,27.919300079345703,48.11507797241211,1.332500696182251
15,Bob Marley,6,up_blocks.1.attentions.0.transformer_blocks.0.attn2.to_v.weight,0.006284983828663826,89.639892578125,29.121788024902344,23.684326171875,37.421329498291016,1.2849942445755005,-0.10282851755619049,95.90206909179688,37.72075653076172,28.929479598999023,49.84166717529297,1.3213326930999756
16,Bradley Cooper,6,up_blocks.1.attentions.0.transformer_blocks.0.attn2.to_v.weight,0.024942990392446518,88.57072448730469,28.211177825927734,22.07369041442871,35.38436508178711,1.2542675733566284,-0.15900376439094543,99.14907836914062,34.692039489746094,27.132614135742188,47.31862258911133,1.363961935043335
17,Bruce Willis,6,up_blocks.1.attentions.0.transformer_blocks.0.attn2.to_v.weight,0.07240448892116547,85.847900390625,28.377559661865234,25.014074325561523,36.4444580078125,1.2842702865600586,-0.09165693819522858,95.2589340209961,34.45645523071289,31.372018814086914,48.678611755371094,1.412757396697998
18,Bryan Cranston,6,up_blocks.1.attentions.0.transformer_blocks.0.attn2.to_v.weight,0.007258323486894369,89.5841293334961,28.275938034057617,22.837833404541016,36.21768569946289,1.2808659076690674,-0.1372150331735611,97.88672637939453,33.58369827270508,29.32303237915039,47.517967224121094,1.4149117469787598
19,Cameron Diaz,6,up_blocks.1.attentions.0.transformer_blocks.0.attn2.to_v.weight,0.08736877143383026,84.98775482177734,27.852161407470703,24.518964767456055,35.462562561035156,1.273242712020874,-0.08051092177629471,94.61793518066406,34.39488220214844,29.950626373291016,47.39118576049805,1.3778557777404785
20,Channing Tatum,6,up_blocks.1.attentions.0.transformer_blocks.0.attn2.to_v.weight,-0.1313060224056244,97.5450668334961,28.636220932006836,21.567686080932617,38.04460525512695,1.3285484313964844,-0.31200945377349854,108.18037414550781,34.46847152709961,26.3457088470459,49.48576736450195,1.4356820583343506
21,Charlie Sheen,6,up_blocks.1.attentions.0.transformer_blocks.0.attn2.to_v.weight,-0.10003101825714111,95.74095153808594,27.521488189697266,22.10247039794922,36.98172378540039,1.3437399864196777,-0.22185558080673218,102.81803894042969,35.280303955078125,27.693742752075195,49.44864273071289,1.4015934467315674
22,Charlize Theron,6,up_blocks.1.attentions.0.transformer_blocks.0.attn2.to_v.weight,0.08085896819829941,85.362060546875,27.582630157470703,23.196714401245117,34.57481384277344,1.2534995079040527,0.09760565310716629,84.39868927001953,32.775081634521484,25.84990692138672,39.711891174316406,1.211648941040039
23,Chris Evans,6,up_blocks.1.attentions.0.transformer_blocks.0.attn2.to_v.weight,-0.002215444343164563,90.12693786621094,28.30531120300293,25.0194091796875,37.81930160522461,1.336120367050171,-0.12137172371149063,96.97127532958984,37.02891159057617,30.533321380615234,50.772762298583984,1.37116539478302
24,Chris Hemsworth,6,up_blocks.1.attentions.0.transformer_blocks.0.attn2.to_v.weight,0.05884624272584915,86.62641143798828,28.357040405273438,26.01243019104004,37.335693359375,1.3166286945343018,-0.051668938249349594,92.96173095703125,33.59278106689453,32.342227935791016,47.820159912109375,1.4235248565673828
25,Chris Pine,6,up_blocks.1.attentions.0.transformer_blocks.0.attn2.to_v.weight,0.07136806100606918,85.90743255615234,28.11031723022461,22.761837005615234,34.884986877441406,1.2410029172897339,-0.07337021827697754,94.20758819580078,34.710723876953125,28.837604522705078,46.72605895996094,1.3461562395095825
26,Chuck Norris,6,up_blocks.1.attentions.0.transformer_blocks.0.attn2.to_v.weight,0.020945081487298012,88.79985046386719,28.702478408813477,25.176746368408203,37.781341552734375,1.3163093328475952,-0.10527301579713821,96.04290008544922,35.0723762512207,32.379730224609375,50.1759147644043,1.4306391477584839
27,Courteney Cox,6,up_blocks.1.attentions.0.transformer_blocks.0.attn2.to_v.weight,-0.01857098378241062,91.06410217285156,27.826133728027344,21.821285247802734,35.6793327331543,1.2822238206863403,-0.07105981558561325,94.07485961914062,33.495338439941406,26.38902473449707,44.090126037597656,1.3163063526153564
28,Demi Lovato,6,up_blocks.1.attentions.0.transformer_blocks.0.attn2.to_v.weight,0.10442433506250381,84.00599670410156,29.957365036010742,26.669212341308594,37.97147750854492,1.267517328262329,0.0825968012213707,85.26215362548828,35.413246154785156,30.620941162109375,44.86207962036133,1.2668163776397705
29,Drake,6,up_blocks.1.attentions.0.transformer_blocks.0.attn2.to_v.weight,-0.056602440774440765,93.24481201171875,28.78478240966797,21.782297134399414,37.06766128540039,1.2877520322799683,-0.15724730491638184,99.04715728759766,37.250022888183594,25.86604881286621,48.57608413696289,1.304055094718933
30,Drew Barrymore,6,up_blocks.1.attentions.0.transformer_blocks.0.attn2.to_v.weight,0.04361112415790558,87.50047302246094,27.857925415039062,22.163766860961914,34.834503173828125,1.250434160232544,-0.05676252394914627,93.25399780273438,34.69774627685547,26.182674407958984,44.6385612487793,1.2864974737167358
31,Dwayne Johnson,6,up_blocks.1.attentions.0.transformer_blocks.0.attn2.to_v.weight,0.005020421929657459,89.71234893798828,28.35898780822754,23.701393127441406,36.867862701416016,1.3000415563583374,-0.039881959557533264,92.28567504882812,35.983882904052734,30.45294952392578,48.058597564697266,1.3355590105056763
32,Ed Sheeran,6,up_blocks.1.attentions.0.transformer_blocks.0.attn2.to_v.weight,-0.006464293226599693,90.37037658691406,28.863014221191406,23.25489044189453,37.18253707885742,1.2882416248321533,-0.10342247039079666,95.93628692626953,33.97209930419922,28.234039306640625,46.364471435546875,1.3647809028625488
33,Elon Musk,6,up_blocks.1.attentions.0.transformer_blocks.0.attn2.to_v.weight,0.00024448681506328285,89.98599243164062,28.447412490844727,21.172237396240234,35.457359313964844,1.246417760848999,-0.24338366091251373,104.08633422851562,37.71834945678711,25.825788497924805,50.63405990600586,1.3424251079559326
34,Elvis Presley,6,up_blocks.1.attentions.0.transformer_blocks.0.attn2.to_v.weight,-0.004397465381771326,90.251953125,28.570804595947266,21.382352828979492,35.76127624511719,1.2516720294952393,-0.11125606298446655,96.38772583007812,35.00185775756836,25.867969512939453,45.77936935424805,1.3079125881195068
35,Emma Stone,6,up_blocks.1.attentions.0.transformer_blocks.0.attn2.to_v.weight,0.006799794267863035,89.61039733886719,28.44441795349121,24.251026153564453,37.2534065246582,1.309691309928894,-0.10822377353906631,96.21293640136719,35.233734130859375,30.640125274658203,49.13148498535156,1.394444465637207
36,Frida Kahlo,6,up_blocks.1.attentions.0.transformer_blocks.0.attn2.to_v.weight,-0.10295963287353516,95.90962982177734,28.232040405273438,20.88153648376465,36.803287506103516,1.3035999536514282,-0.28292936086654663,106.43511962890625,34.84524154663086,24.336286544799805,47.81522750854492,1.372216820716858
37,George Clooney,6,up_blocks.1.attentions.0.transformer_blocks.0.attn2.to_v.weight,0.04322296753525734,87.52273559570312,28.430068969726562,23.77617645263672,36.2648811340332,1.2755818367004395,-0.10427676886320114,95.98550415039062,32.25891876220703,29.149259567260742,45.67740249633789,1.4159619808197021
38,Glenn Close,6,up_blocks.1.attentions.0.transformer_blocks.0.attn2.to_v.weight,-0.07054296135902405,94.04517364501953,28.256168365478516,22.791053771972656,37.53266143798828,1.3282997608184814,-0.20336906611919403,101.73404693603516,36.896976470947266,26.8216609954834,49.83283996582031,1.350594162940979
39,Gwyneth Paltrow,6,up_blocks.1.attentions.0.transformer_blocks.0.attn2.to_v.weight,0.032099537551403046,88.16051483154297,28.311695098876953,21.49635887145996,34.99391555786133,1.2360233068466187,-0.05923842266201973,93.39610290527344,33.34367752075195,26.592132568359375,43.86334991455078,1.3154922723770142
40,Harrison Ford,6,up_blocks.1.attentions.0.transformer_blocks.0.attn2.to_v.weight,-0.08215945959091187,94.71270751953125,28.273059844970703,22.160755157470703,37.32853317260742,1.3202862739562988,-0.21625755727291107,102.48931884765625,35.335506439208984,28.338590621948242,49.847537994384766,1.410692572593689
41,Hillary Clinton,6,up_blocks.1.attentions.0.transformer_blocks.0.attn2.to_v.weight,0.045741237699985504,87.37830352783203,28.375699996948242,21.881364822387695,35.031028747558594,1.2345432043075562,-0.15835611522197723,99.11149597167969,40.24961471557617,28.405746459960938,52.811187744140625,1.3120917081832886
42,Hugh Jackman,6,up_blocks.1.attentions.0.transformer_blocks.0.attn2.to_v.weight,-0.022440195083618164,91.28583526611328,28.79867935180664,23.777429580688477,37.75529861450195,1.3110079765319824,-0.1455264687538147,98.36776733398438,33.324302673339844,29.362661361694336,47.51280975341797,1.4257705211639404
43,Idris Elba,6,up_blocks.1.attentions.0.transformer_blocks.0.attn2.to_v.weight,-0.09779903292655945,95.61244201660156,28.461647033691406,22.57266616821289,38.0164909362793,1.3357094526290894,-0.17235469818115234,99.92475128173828,33.98633575439453,27.453643798828125,47.22715377807617,1.3895924091339111
44,Jake Gyllenhaal,6,up_blocks.1.attentions.0.transformer_blocks.0.attn2.to_v.weight,0.09747246652841568,84.40635681152344,27.98990821838379,24.1937313079834,35.167579650878906,1.2564377784729004,0.04000961780548096,87.7070083618164,30.85000991821289,28.1949462890625,40.95212173461914,1.3274589776992798
45,James Franco,6,up_blocks.1.attentions.0.transformer_blocks.0.attn2.to_v.weight,0.016125056892633438,89.07606506347656,28.435392379760742,22.70845603942871,36.10292053222656,1.2696473598480225,-0.0591893345117569,93.39328002929688,32.85224914550781,27.408845901489258,44.012596130371094,1.3397133350372314
46,Jared Leto,6,up_blocks.1.attentions.0.transformer_blocks.0.attn2.to_v.weight,-0.016146350651979446,90.92516326904297,28.47954559326172,22.53278923034668,36.599647521972656,1.2851204872131348,-0.15456725656986237,98.8917007446289,34.31160354614258,27.041662216186523,46.85472869873047,1.3655650615692139
47,Jason Momoa,6,up_blocks.1.attentions.0.transformer_blocks.0.attn2.to_v.weight,0.060421571135520935,86.5359878540039,28.433530807495117,24.757246017456055,36.55572509765625,1.2856554985046387,0.003893220331519842,89.77693939208984,34.67367172241211,31.802486419677734,46.95823669433594,1.3542908430099487
48,Jennifer Aniston,6,up_blocks.1.attentions.0.transformer_blocks.0.attn2.to_v.weight,-0.03201936557888985,91.83488464355469,28.492599487304688,22.178468704223633,36.663063049316406,1.2867573499679565,-0.11331233382225037,96.50629425048828,32.8892936706543,27.40900993347168,45.13594055175781,1.3723596334457397
49,Jennifer Lawrence,6,up_blocks.1.attentions.0.transformer_blocks.0.attn2.to_v.weight,0.0034928624518215656,89.79987335205078,29.097944259643555,23.82554817199707,37.54336166381836,1.290241003036499,-0.031591642647981644,91.81037139892578,35.49018478393555,28.391069412231445,46.144012451171875,1.300190806388855
0,Adam Driver,7,up_blocks.1.attentions.1.transformer_blocks.0.attn2.to_v.weight,0.005314919166266918,89.69548034667969,28.008241653442383,23.517545700073242,36.476497650146484,1.3023487329483032,-0.2801624834537506,106.26990509033203,37.353965759277344,34.61864471435547,57.6051139831543,1.5421417951583862
1,Adriana Lima,7,up_blocks.1.attentions.1.transformer_blocks.0.attn2.to_v.weight,-0.04475577175617218,92.56517791748047,27.914234161376953,23.334749221801758,37.17552947998047,1.3317768573760986,-0.23075956106185913,103.341796875,38.59871292114258,33.162567138671875,56.39482116699219,1.4610544443130493
2,Amber Heard,7,up_blocks.1.attentions.1.transformer_blocks.0.attn2.to_v.weight,0.034660592675209045,88.0136947631836,27.69015884399414,22.839452743530273,35.278106689453125,1.2740304470062256,-0.162849560379982,99.3723373413086,41.8082275390625,32.29623794555664,56.839683532714844,1.359533429145813
3,Amy Adams,7,up_blocks.1.attentions.1.transformer_blocks.0.attn2.to_v.weight,-0.015378149226307869,90.88114166259766,27.93412971496582,23.132652282714844,36.54188537597656,1.3081448078155518,-0.21451710164546967,102.38719940185547,37.36396789550781,32.376487731933594,54.43630599975586,1.45691978931427
4,Andrew Garfield,7,up_blocks.1.attentions.1.transformer_blocks.0.attn2.to_v.weight,0.01132864598184824,89.35090637207031,27.900615692138672,24.250118255615234,36.7584342956543,1.3174775838851929,-0.12769290804862976,97.33629608154297,40.999752044677734,35.44609451293945,57.52001953125,1.4029357433319092
5,Angelina Jolie,7,up_blocks.1.attentions.1.transformer_blocks.0.attn2.to_v.weight,0.054802607744932175,86.85847473144531,28.37268829345703,23.560564041137695,35.8725700378418,1.2643345594406128,-0.1551065295934677,98.9229736328125,39.733428955078125,33.767635345458984,55.99297332763672,1.4092156887054443
6,Anjelica Huston,7,up_blocks.1.attentions.1.transformer_blocks.0.attn2.to_v.weight,0.048859938979148865,87.19941711425781,27.875823974609375,23.413700103759766,35.51736831665039,1.2741279602050781,-0.16088761389255524,99.2584228515625,37.8148307800293,33.13008499145508,54.13581848144531,1.4316028356552124
7,Anna Faris,7,up_blocks.1.attentions.1.transformer_blocks.0.attn2.to_v.weight,0.040542617440223694,87.67644500732422,27.668066024780273,23.263093948364258,35.418968200683594,1.2801389694213867,-0.10035716742277145,95.75973510742188,34.89894485473633,31.883014678955078,49.57615280151367,1.4205631017684937
8,Anna Kendrick,7,up_blocks.1.attentions.1.transformer_blocks.0.attn2.to_v.weight,0.04333458095788956,87.5163345336914,28.461196899414062,24.364511489868164,36.654727935791016,1.28788423538208,-0.11133110523223877,96.39205932617188,36.71131134033203,33.16036605834961,52.138187408447266,1.4202213287353516
9,Anne Hathaway,7,up_blocks.1.attentions.1.transformer_blocks.0.attn2.to_v.weight,0.02429751493036747,88.60771942138672,28.212099075317383,24.090578079223633,36.650390625,1.2991018295288086,-0.19693604111671448,101.35784149169922,37.653812408447266,34.232032775878906,55.653656005859375,1.4780350923538208
10,Arnold Schwarzenegger,7,up_blocks.1.attentions.1.transformer_blocks.0.attn2.to_v.weight,0.08346748352050781,85.21209716796875,28.820634841918945,25.205060958862305,36.66958236694336,1.272337794303894,-0.1489454209804535,98.5658187866211,40.154903411865234,35.88954544067383,57.70423126220703,1.4370406866073608
11,Barack Obama,7,up_blocks.1.attentions.1.transformer_blocks.0.attn2.to_v.weight,-0.0002225170173915103,90.01274871826172,28.38604164123535,23.672502517700195,36.965572357177734,1.3022446632385254,-0.22377106547355652,102.93062591552734,45.87611389160156,34.56490707397461,63.31682205200195,1.3801697492599487
12,Beth Behrs,7,up_blocks.1.attentions.1.transformer_blocks.0.attn2.to_v.weight,0.030796948820352554,88.23518371582031,27.48546600341797,24.830148696899414,36.46849822998047,1.3268284797668457,-0.15018445253372192,98.63761901855469,37.925270080566406,34.24062728881836,54.779571533203125,1.4444081783294678
13,Bill Clinton,7,up_blocks.1.attentions.1.transformer_blocks.0.attn2.to_v.weight,0.08962774276733398,84.85780334472656,29.023052215576172,25.12827491760254,36.64746856689453,1.2627021074295044,-0.04263271391391754,92.44341278076172,39.77325439453125,37.82853317260742,56.04637908935547,1.4091473817825317
14,Bob Dylan,7,up_blocks.1.attentions.1.transformer_blocks.0.attn2.to_v.weight,0.01362526323646307,89.21930694580078,29.00482177734375,22.8367977142334,36.67081832885742,1.26430082321167,-0.17524407804012299,100.09286499023438,40.80010223388672,32.12452697753906,56.178401947021484,1.3769181966781616
15,Bob Marley,7,up_blocks.1.attentions.1.transformer_blocks.0.attn2.to_v.weight,0.006284983828663826,89.639892578125,29.121788024902344,23.684326171875,37.421329498291016,1.2849942445755005,-0.13522841036319733,97.7718276977539,42.93536376953125,31.815746307373047,56.79029083251953,1.322692632675171
16,Bradley Cooper,7,up_blocks.1.attentions.1.transformer_blocks.0.attn2.to_v.weight,0.024942990392446518,88.57072448730469,28.211177825927734,22.07369041442871,35.38436508178711,1.2542675733566284,-0.25602585077285767,104.83438110351562,38.763710021972656,31.613367080688477,55.94216537475586,1.4431581497192383
17,Bruce Willis,7,up_blocks.1.attentions.1.transformer_blocks.0.attn2.to_v.weight,0.07240448892116547,85.847900390625,28.377559661865234,25.014074325561523,36.4444580078125,1.2842702865600586,-0.1954263597726822,101.2696304321289,39.08431625366211,36.91938018798828,58.77595520019531,1.5038245916366577
18,Bryan Cranston,7,up_blocks.1.attentions.1.transformer_blocks.0.attn2.to_v.weight,0.007258323486894369,89.5841293334961,28.275938034057617,22.837833404541016,36.21768569946289,1.2808659076690674,-0.20648229122161865,101.9162826538086,36.92100524902344,33.8167610168457,54.9758186340332,1.4890120029449463
19,Cameron Diaz,7,up_blocks.1.attentions.1.transformer_blocks.0.attn2.to_v.weight,0.08736877143383026,84.98775482177734,27.852161407470703,24.518964767456055,35.462562561035156,1.273242712020874,-0.17739243805408478,100.21791076660156,39.63029098510742,34.54301071166992,57.00405502319336,1.4383960962295532
20,Channing Tatum,7,up_blocks.1.attentions.1.transformer_blocks.0.attn2.to_v.weight,-0.1313060224056244,97.5450668334961,28.636220932006836,21.567686080932617,38.04460525512695,1.3285484313964844,-0.3712382912635803,111.79200744628906,38.77814865112305,30.131057739257812,57.26390075683594,1.4767054319381714
21,Charlie Sheen,7,up_blocks.1.attentions.1.transformer_blocks.0.attn2.to_v.weight,-0.10003101825714111,95.74095153808594,27.521488189697266,22.10247039794922,36.98172378540039,1.3437399864196777,-0.31428056955337524,108.31739044189453,40.882869720458984,30.342575073242188,58.06724548339844,1.4203319549560547
22,Charlize Theron,7,up_blocks.1.attentions.1.transformer_blocks.0.attn2.to_v.weight,0.08085896819829941,85.362060546875,27.582630157470703,23.196714401245117,34.57481384277344,1.2534995079040527,0.04948892071843147,87.16333770751953,37.66988754272461,29.73801040649414,46.82405471801758,1.24301016330719
23,Chris Evans,7,up_blocks.1.attentions.1.transformer_blocks.0.attn2.to_v.weight,-0.002215444343164563,90.12693786621094,28.30531120300293,25.0194091796875,37.81930160522461,1.336120367050171,-0.18579216301441193,100.70732116699219,42.96202087402344,35.7879753112793,60.80982208251953,1.415432095527649
24,Chris Hemsworth,7,up_blocks.1.attentions.1.transformer_blocks.0.attn2.to_v.weight,0.05884624272584915,86.62641143798828,28.357040405273438,26.01243019104004,37.335693359375,1.3166286945343018,-0.15333059430122375,98.81999206542969,38.616695404052734,37.441959381103516,57.762840270996094,1.4957996606826782
25,Chris Pine,7,up_blocks.1.attentions.1.transformer_blocks.0.attn2.to_v.weight,0.07136806100606918,85.90743255615234,28.11031723022461,22.761837005615234,34.884986877441406,1.2410029172897339,-0.14974723756313324,98.61227416992188,39.857967376708984,31.803529739379883,54.58725357055664,1.3695443868637085
26,Chuck Norris,7,up_blocks.1.attentions.1.transformer_blocks.0.attn2.to_v.weight,0.020945081487298012,88.79985046386719,28.702478408813477,25.176746368408203,37.781341552734375,1.3163093328475952,-0.17458271980285645,100.05437469482422,40.73576354980469,39.503807067871094,61.49663543701172,1.509647250175476
27,Courteney Cox,7,up_blocks.1.attentions.1.transformer_blocks.0.attn2.to_v.weight,-0.01857098378241062,91.06410217285156,27.826133728027344,21.821285247802734,35.6793327331543,1.2822238206863403,-0.18831895291805267,100.85469818115234,38.45419692993164,30.911731719970703,53.68393325805664,1.3960487842559814
28,Demi Lovato,7,up_blocks.1.attentions.1.transformer_blocks.0.attn2.to_v.weight,0.10442433506250381,84.00599670410156,29.957365036010742,26.669212341308594,37.97147750854492,1.267517328262329,0.06358086317777634,86.35462951660156,38.59504699707031,36.46589279174805,51.384544372558594,1.3313766717910767
29,Drake,7,up_blocks.1.attentions.1.transformer_blocks.0.attn2.to_v.weight,-0.056602440774440765,93.24481201171875,28.78478240966797,21.782297134399414,37.06766128540039,1.2877520322799683,-0.27124908566474915,105.73860931396484,45.002281188964844,30.58999252319336,60.89143371582031,1.3530744314193726
30,Drew Barrymore,7,up_blocks.1.attentions.1.transformer_blocks.0.attn2.to_v.weight,0.04361112415790558,87.50047302246094,27.857925415039062,22.163766860961914,34.834503173828125,1.250434160232544,-0.18926486372947693,100.90988159179688,40.44707489013672,30.001920700073242,54.73046112060547,1.353137731552124
31,Dwayne Johnson,7,up_blocks.1.attentions.1.transformer_blocks.0.attn2.to_v.weight,0.005020421929657459,89.71234893798828,28.35898780822754,23.701393127441406,36.867862701416016,1.3000415563583374,-0.1172708198428154,96.734619140625,43.30921936035156,36.16518783569336,59.59000015258789,1.3759194612503052
32,Ed Sheeran,7,up_blocks.1.attentions.1.transformer_blocks.0.attn2.to_v.weight,-0.006464293226599693,90.37037658691406,28.863014221191406,23.25489044189453,37.18253707885742,1.2882416248321533,-0.19009330868721008,100.9582290649414,38.7168083190918,31.962064743041992,54.69034957885742,1.4125738143920898
33,Elon Musk,7,up_blocks.1.attentions.1.transformer_blocks.0.attn2.to_v.weight,0.00024448681506328285,89.98599243164062,28.447412490844727,21.172237396240234,35.457359313964844,1.246417760848999,-0.34059566259384155,109.91316986083984,43.32720947265625,28.955976486206055,59.75204086303711,1.3790881633758545
34,Elvis Presley,7,up_blocks.1.attentions.1.transformer_blocks.0.attn2.to_v.weight,-0.004397465381771326,90.251953125,28.570804595947266,21.382352828979492,35.76127624511719,1.2516720294952393,-0.19569715857505798,101.28545379638672,39.587223052978516,28.965261459350586,53.43153381347656,1.3497166633605957
35,Emma Stone,7,up_blocks.1.attentions.1.transformer_blocks.0.attn2.to_v.weight,0.006799794267863035,89.61039733886719,28.44441795349121,24.251026153564453,37.2534065246582,1.309691309928894,-0.20807386934757233,102.00950622558594,40.827816009521484,35.687625885009766,59.55555725097656,1.4587005376815796
36,Frida Kahlo,7,up_blocks.1.attentions.1.transformer_blocks.0.attn2.to_v.weight,-0.10295963287353516,95.90962982177734,28.232040405273438,20.88153648376465,36.803287506103516,1.3035999536514282,-0.38150352239608765,112.42684936523438,40.617164611816406,27.234159469604492,56.8812141418457,1.4004230499267578
37,George Clooney,7,up_blocks.1.attentions.1.transformer_blocks.0.attn2.to_v.weight,0.04322296753525734,87.52273559570312,28.430068969726562,23.77617645263672,36.2648811340332,1.2755818367004395,-0.24397017061710358,104.12097930908203,38.767425537109375,34.421207427978516,57.78279495239258,1.490498661994934
38,Glenn Close,7,up_blocks.1.attentions.1.transformer_blocks.0.attn2.to_v.weight,-0.07054296135902405,94.04517364501953,28.256168365478516,22.791053771972656,37.53266143798828,1.3282997608184814,-0.29828816652297974,107.35482025146484,40.776004791259766,31.822969436645508,58.73252487182617,1.440369725227356
39,Gwyneth Paltrow,7,up_blocks.1.attentions.1.transformer_blocks.0.attn2.to_v.weight,0.032099537551403046,88.16051483154297,28.311695098876953,21.49635887145996,34.99391555786133,1.2360233068466187,-0.17007313668727875,99.79206848144531,37.35664367675781,32.025001525878906,53.17943572998047,1.423560380935669
40,Harrison Ford,7,up_blocks.1.attentions.1.transformer_blocks.0.attn2.to_v.weight,-0.08215945959091187,94.71270751953125,28.273059844970703,22.160755157470703,37.32853317260742,1.3202862739562988,-0.3459450900554657,110.239501953125,40.59971618652344,32.49332046508789,60.14073944091797,1.481309413909912
41,Hillary Clinton,7,up_blocks.1.attentions.1.transformer_blocks.0.attn2.to_v.weight,0.045741237699985504,87.37830352783203,28.375699996948242,21.881364822387695,35.031028747558594,1.2345432043075562,-0.19761669635772705,101.39762878417969,42.172340393066406,30.816511154174805,56.9369010925293,1.3501005172729492
42,Hugh Jackman,7,up_blocks.1.attentions.1.transformer_blocks.0.attn2.to_v.weight,-0.022440195083618164,91.28583526611328,28.79867935180664,23.777429580688477,37.75529861450195,1.3110079765319824,-0.20536795258522034,101.85104370117188,37.077232360839844,34.7088737487793,55.7495002746582,1.5036046504974365
43,Idris Elba,7,up_blocks.1.attentions.1.transformer_blocks.0.attn2.to_v.weight,-0.09779903292655945,95.61244201660156,28.461647033691406,22.57266616821289,38.0164909362793,1.3357094526290894,-0.30219894647598267,107.58972930908203,38.59503173828125,33.82040023803711,58.50056457519531,1.5157537460327148
44,Jake Gyllenhaal,7,up_blocks.1.attentions.1.transformer_blocks.0.attn2.to_v.weight,0.09747246652841568,84.40635681152344,27.98990821838379,24.1937313079834,35.167579650878906,1.2564377784729004,-0.024057593196630478,91.37853240966797,34.41397476196289,33.56521987915039,48.64693069458008,1.4135806560516357
45,James Franco,7,up_blocks.1.attentions.1.transformer_blocks.0.attn2.to_v.weight,0.016125056892633438,89.07606506347656,28.435392379760742,22.70845603942871,36.10292053222656,1.2696473598480225,-0.19449059665203094,101.2149658203125,37.903358459472656,32.87946319580078,54.79497146606445,1.44564950466156
46,Jared Leto,7,up_blocks.1.attentions.1.transformer_blocks.0.attn2.to_v.weight,-0.016146350651979446,90.92516326904297,28.47954559326172,22.53278923034668,36.599647521972656,1.2851204872131348,-0.24503962695598602,104.18417358398438,38.856624603271484,32.33803176879883,56.315120697021484,1.449305534362793
47,Jason Momoa,7,up_blocks.1.attentions.1.transformer_blocks.0.attn2.to_v.weight,0.060421571135520935,86.5359878540039,28.433530807495117,24.757246017456055,36.55572509765625,1.2856554985046387,-0.15652979910373688,99.00553131103516,40.41828155517578,37.23954772949219,59.0899772644043,1.4619616270065308
48,Jennifer Aniston,7,up_blocks.1.attentions.1.transformer_blocks.0.attn2.to_v.weight,-0.03201936557888985,91.83488464355469,28.492599487304688,22.178468704223633,36.663063049316406,1.2867573499679565,-0.23827092349529266,103.78451538085938,39.18220138549805,32.379825592041016,56.464969635009766,1.441087245941162
49,Jennifer Lawrence,7,up_blocks.1.attentions.1.transformer_blocks.0.attn2.to_v.weight,0.0034928624518215656,89.79987335205078,29.097944259643555,23.82554817199707,37.54336166381836,1.290241003036499,-0.11722178757190704,96.7317886352539,40.60839080810547,32.93545913696289,55.20275115966797,1.359392762184143
0,Adam Driver,8,up_blocks.1.attentions.2.transformer_blocks.0.attn2.to_v.weight,0.005314919166266918,89.69548034667969,28.008241653442383,23.517545700073242,36.476497650146484,1.3023487329483032,-0.1822330206632614,100.4998550415039,33.28363800048828,31.62613296508789,49.91654968261719,1.4997323751449585
1,Adriana Lima,8,up_blocks.1.attentions.2.transformer_blocks.0.attn2.to_v.weight,-0.04475577175617218,92.56517791748047,27.914234161376953,23.334749221801758,37.17552947998047,1.3317768573760986,-0.20078326761722565,101.58277130126953,34.75141143798828,30.428869247436523,50.57876968383789,1.4554450511932373
2,Amber Heard,8,up_blocks.1.attentions.2.transformer_blocks.0.attn2.to_v.weight,0.034660592675209045,88.0136947631836,27.69015884399414,22.839452743530273,35.278106689453125,1.2740304470062256,-0.10086237639188766,95.78883361816406,37.63753128051758,29.726903915405273,50.2590446472168,1.335343837738037
3,Amy Adams,8,up_blocks.1.attentions.2.transformer_blocks.0.attn2.to_v.weight,-0.015378149226307869,90.88114166259766,27.93412971496582,23.132652282714844,36.54188537597656,1.3081448078155518,-0.11961976438760757,96.87015533447266,34.44533157348633,30.32916831970215,48.54145431518555,1.4092317819595337
4,Andrew Garfield,8,up_blocks.1.attentions.2.transformer_blocks.0.attn2.to_v.weight,0.01132864598184824,89.35090637207031,27.900615692138672,24.250118255615234,36.7584342956543,1.3174775838851929,-0.083511121571064,94.79042053222656,36.948394775390625,32.283973693847656,51.0555534362793,1.3818070888519287
5,Angelina Jolie,8,up_blocks.1.attentions.2.transformer_blocks.0.attn2.to_v.weight,0.054802607744932175,86.85847473144531,28.37268829345703,23.560564041137695,35.8725700378418,1.2643345594406128,-0.04148656129837036,92.377685546875,37.281070709228516,30.604267120361328,49.20537185668945,1.319848656654358
6,Anjelica Huston,8,up_blocks.1.attentions.2.transformer_blocks.0.attn2.to_v.weight,0.048859938979148865,87.19941711425781,27.875823974609375,23.413700103759766,35.51736831665039,1.2741279602050781,-0.056041814386844635,93.212646484375,34.06129837036133,29.608745574951172,46.36687469482422,1.3612773418426514
7,Anna Faris,8,up_blocks.1.attentions.2.transformer_blocks.0.attn2.to_v.weight,0.040542617440223694,87.67644500732422,27.668066024780273,23.263093948364258,35.418968200683594,1.2801389694213867,-0.019632210955023766,91.12491607666016,32.80657196044922,29.660566329956055,44.65676498413086,1.3612140417099
8,Anna Kendrick,8,up_blocks.1.attentions.2.transformer_blocks.0.attn2.to_v.weight,0.04333458095788956,87.5163345336914,28.461196899414062,24.364511489868164,36.654727935791016,1.28788423538208,0.006726949941366911,89.61457061767578,34.27494430541992,30.78167724609375,45.91392517089844,1.3395769596099854
9,Anne Hathaway,8,up_blocks.1.attentions.2.transformer_blocks.0.attn2.to_v.weight,0.02429751493036747,88.60771942138672,28.212099075317383,24.090578079223633,36.650390625,1.2991018295288086,-0.05792315676808357,93.32061004638672,33.28998947143555,31.48297119140625,47.12553024291992,1.4156066179275513
10,Arnold Schwarzenegger,8,up_blocks.1.attentions.2.transformer_blocks.0.attn2.to_v.weight,0.08346748352050781,85.21209716796875,28.820634841918945,25.205060958862305,36.66958236694336,1.272337794303894,-0.06817265599966049,93.9090347290039,36.43703079223633,33.34193801879883,51.0390625,1.4007470607757568
11,Barack Obama,8,up_blocks.1.attentions.2.transformer_blocks.0.attn2.to_v.weight,-0.0002225170173915103,90.01274871826172,28.38604164123535,23.672502517700195,36.965572357177734,1.3022446632385254,-0.12976233661174774,97.45585632324219,43.41493606567383,31.687162399291992,56.973323822021484,1.3122978210449219
12,Beth Behrs,8,up_blocks.1.attentions.2.transformer_blocks.0.attn2.to_v.weight,0.030796948820352554,88.23518371582031,27.48546600341797,24.830148696899414,36.46849822998047,1.3268284797668457,-0.05023741349577904,92.87960815429688,35.91947555541992,31.386613845825195,48.87333297729492,1.3606359958648682
13,Bill Clinton,8,up_blocks.1.attentions.2.transformer_blocks.0.attn2.to_v.weight,0.08962774276733398,84.85780334472656,29.023052215576172,25.12827491760254,36.64746856689453,1.2627021074295044,-0.05510038509964943,93.15861511230469,37.65327453613281,33.84170913696289,51.994747161865234,1.3808825016021729
14,Bob Dylan,8,up_blocks.1.attentions.2.transformer_blocks.0.attn2.to_v.weight,0.01362526323646307,89.21930694580078,29.00482177734375,22.8367977142334,36.67081832885742,1.26430082321167,-0.0620441697537899,93.5571517944336,36.77401351928711,28.870555877685547,48.14125061035156,1.3091106414794922
15,Bob Marley,8,up_blocks.1.attentions.2.transformer_blocks.0.attn2.to_v.weight,0.006284983828663826,89.639892578125,29.121788024902344,23.684326171875,37.421329498291016,1.2849942445755005,-0.06768038868904114,93.88076782226562,38.07925033569336,30.32168197631836,50.256587982177734,1.3197892904281616
16,Bradley Cooper,8,up_blocks.1.attentions.2.transformer_blocks.0.attn2.to_v.weight,0.024942990392446518,88.57072448730469,28.211177825927734,22.07369041442871,35.38436508178711,1.2542675733566284,-0.19141456484794617,101.03534698486328,34.426998138427734,28.738525390625,48.886451721191406,1.4200032949447632
17,Bruce Willis,8,up_blocks.1.attentions.2.transformer_blocks.0.attn2.to_v.weight,0.07240448892116547,85.847900390625,28.377559661865234,25.014074325561523,36.4444580078125,1.2842702865600586,-0.08588710427284241,94.92704010009766,35.19154739379883,34.181922912597656,51.1221923828125,1.4526838064193726
18,Bryan Cranston,8,up_blocks.1.attentions.2.transformer_blocks.0.attn2.to_v.weight,0.007258323486894369,89.5841293334961,28.275938034057617,22.837833404541016,36.21768569946289,1.2808659076690674,-0.15321564674377441,98.81332397460938,33.679283142089844,30.16484832763672,48.533748626708984,1.441056489944458
19,Cameron Diaz,8,up_blocks.1.attentions.2.transformer_blocks.0.attn2.to_v.weight,0.08736877143383026,84.98775482177734,27.852161407470703,24.518964767456055,35.462562561035156,1.273242712020874,-0.03850558027625084,92.20675659179688,35.69453430175781,31.622417449951172,48.59015655517578,1.3612772226333618
20,Channing Tatum,8,up_blocks.1.attentions.2.transformer_blocks.0.attn2.to_v.weight,-0.1313060224056244,97.5450668334961,28.636220932006836,21.567686080932617,38.04460525512695,1.3285484313964844,-0.2765175700187683,106.05247497558594,35.55518341064453,27.676725387573242,50.73841857910156,1.4270329475402832
21,Charlie Sheen,8,up_blocks.1.attentions.2.transformer_blocks.0.attn2.to_v.weight,-0.10003101825714111,95.74095153808594,27.521488189697266,22.10247039794922,36.98172378540039,1.3437399864196777,-0.22239600121974945,102.84980010986328,36.3821907043457,28.86336326599121,51.223419189453125,1.4079256057739258
22,Charlize Theron,8,up_blocks.1.attentions.2.transformer_blocks.0.attn2.to_v.weight,0.08085896819829941,85.362060546875,27.582630157470703,23.196714401245117,34.57481384277344,1.2534995079040527,0.07808937132358551,85.52124786376953,35.100074768066406,27.672889709472656,42.9663200378418,1.2241090536117554
23,Chris Evans,8,up_blocks.1.attentions.2.transformer_blocks.0.attn2.to_v.weight,-0.002215444343164563,90.12693786621094,28.30531120300293,25.0194091796875,37.81930160522461,1.336120367050171,-0.15769556164741516,99.07316589355469,38.70237350463867,31.217653274536133,53.41788864135742,1.3802225589752197
24,Chris Hemsworth,8,up_blocks.1.attentions.2.transformer_blocks.0.attn2.to_v.weight,0.05884624272584915,86.62641143798828,28.357040405273438,26.01243019104004,37.335693359375,1.3166286945343018,-0.0021701070945709944,90.12434387207031,35.24690628051758,34.01528549194336,49.03659439086914,1.3912311792373657
25,Chris Pine,8,up_blocks.1.attentions.2.transformer_blocks.0.attn2.to_v.weight,0.07136806100606918,85.90743255615234,28.11031723022461,22.761837005615234,34.884986877441406,1.2410029172897339,-0.05069107934832573,92.90563201904297,36.27648162841797,31.079389572143555,48.951148986816406,1.3493907451629639
26,Chuck Norris,8,up_blocks.1.attentions.2.transformer_blocks.0.attn2.to_v.weight,0.020945081487298012,88.79985046386719,28.702478408813477,25.176746368408203,37.781341552734375,1.3163093328475952,-0.06496889144182205,93.72506713867188,35.53166580200195,34.384910583496094,51.02522277832031,1.436049222946167
27,Courteney Cox,8,up_blocks.1.attentions.2.transformer_blocks.0.attn2.to_v.weight,-0.01857098378241062,91.06410217285156,27.826133728027344,21.821285247802734,35.6793327331543,1.2822238206863403,-0.08501127362251282,94.87667846679688,35.37821960449219,28.01595687866211,46.95775604248047,1.3273069858551025
28,Demi Lovato,8,up_blocks.1.attentions.2.transformer_blocks.0.attn2.to_v.weight,0.10442433506250381,84.00599670410156,29.957365036010742,26.669212341308594,37.97147750854492,1.267517328262329,0.07219479233026505,85.85994720458984,36.21942138671875,32.533935546875,46.9058723449707,1.2950475215911865
29,Drake,8,up_blocks.1.attentions.2.transformer_blocks.0.attn2.to_v.weight,-0.056602440774440765,93.24481201171875,28.78478240966797,21.782297134399414,37.06766128540039,1.2877520322799683,-0.17441965639591217,100.04489135742188,40.632083892822266,28.51378059387207,53.5551872253418,1.3180516958236694
30,Drew Barrymore,8,up_blocks.1.attentions.2.transformer_blocks.0.attn2.to_v.weight,0.04361112415790558,87.50047302246094,27.857925415039062,22.163766860961914,34.834503173828125,1.250434160232544,-0.08991299569606781,95.15860748291016,35.91223907470703,27.451704025268555,47.12289047241211,1.312168002128601
31,Dwayne Johnson,8,up_blocks.1.attentions.2.transformer_blocks.0.attn2.to_v.weight,0.005020421929657459,89.71234893798828,28.35898780822754,23.701393127441406,36.867862701416016,1.3000415563583374,-0.07756173610687256,94.44843292236328,38.040443420410156,32.63676071166992,52.007904052734375,1.3671740293502808
32,Ed Sheeran,8,up_blocks.1.attentions.2.transformer_blocks.0.attn2.to_v.weight,-0.006464293226599693,90.37037658691406,28.863014221191406,23.25489044189453,37.18253707885742,1.2882416248321533,-0.025746218860149384,91.47531127929688,34.616119384765625,29.62700843811035,46.139404296875,1.332887887954712
33,Elon Musk,8,up_blocks.1.attentions.2.transformer_blocks.0.attn2.to_v.weight,0.00024448681506328285,89.98599243164062,28.447412490844727,21.172237396240234,35.457359313964844,1.246417760848999,-0.25264260172843933,104.63394165039062,39.48802947998047,27.574357986450195,53.57081604003906,1.3566343784332275
34,Elvis Presley,8,up_blocks.1.attentions.2.transformer_blocks.0.attn2.to_v.weight,-0.004397465381771326,90.251953125,28.570804595947266,21.382352828979492,35.76127624511719,1.2516720294952393,-0.1553928256034851,98.93958282470703,36.18462371826172,27.922672271728516,49.0205192565918,1.3547334671020508
35,Emma Stone,8,up_blocks.1.attentions.2.transformer_blocks.0.attn2.to_v.weight,0.006799794267863035,89.61039733886719,28.44441795349121,24.251026153564453,37.2534065246582,1.309691309928894,-0.12660713493824005,97.27357482910156,37.47409439086914,31.35552978515625,51.817073822021484,1.3827438354492188
36,Frida Kahlo,8,up_blocks.1.attentions.2.transformer_blocks.0.attn2.to_v.weight,-0.10295963287353516,95.90962982177734,28.232040405273438,20.88153648376465,36.803287506103516,1.3035999536514282,-0.28219324350357056,106.39115142822266,36.5948486328125,25.735414505004883,50.32916259765625,1.375307321548462
37,George Clooney,8,up_blocks.1.attentions.2.transformer_blocks.0.attn2.to_v.weight,0.04322296753525734,87.52273559570312,28.430068969726562,23.77617645263672,36.2648811340332,1.2755818367004395,-0.13388223946094513,97.6939926147461,35.1551399230957,30.375913619995117,49.44205856323242,1.4063962697982788
38,Glenn Close,8,up_blocks.1.attentions.2.transformer_blocks.0.attn2.to_v.weight,-0.07054296135902405,94.04517364501953,28.256168365478516,22.791053771972656,37.53266143798828,1.3282997608184814,-0.23263464868068695,103.45223236083984,37.44837188720703,28.92947769165039,52.37699890136719,1.3986455202102661
39,Gwyneth Paltrow,8,up_blocks.1.attentions.2.transformer_blocks.0.attn2.to_v.weight,0.032099537551403046,88.16051483154297,28.311695098876953,21.49635887145996,34.99391555786133,1.2360233068466187,-0.08771833777427673,95.03235626220703,34.96174240112305,27.72603988647461,46.48780822753906,1.3296765089035034
40,Harrison Ford,8,up_blocks.1.attentions.2.transformer_blocks.0.attn2.to_v.weight,-0.08215945959091187,94.71270751953125,28.273059844970703,22.160755157470703,37.32853317260742,1.3202862739562988,-0.2322215586900711,103.42790222167969,35.997920989990234,29.92804718017578,51.88357162475586,1.4412935972213745
41,Hillary Clinton,8,up_blocks.1.attentions.2.transformer_blocks.0.attn2.to_v.weight,0.045741237699985504,87.37830352783203,28.375699996948242,21.881364822387695,35.031028747558594,1.2345432043075562,-0.12023167312145233,96.90547180175781,41.56342697143555,29.48813247680664,53.77534103393555,1.293813943862915
42,Hugh Jackman,8,up_blocks.1.attentions.2.transformer_blocks.0.attn2.to_v.weight,-0.022440195083618164,91.28583526611328,28.79867935180664,23.777429580688477,37.75529861450195,1.3110079765319824,-0.09465552121400833,95.4314956665039,33.46847915649414,30.94495391845703,47.684326171875,1.4247533082962036
43,Idris Elba,8,up_blocks.1.attentions.2.transformer_blocks.0.attn2.to_v.weight,-0.09779903292655945,95.61244201660156,28.461647033691406,22.57266616821289,38.0164909362793,1.3357094526290894,-0.16018013656139374,99.21735382080078,34.053165435791016,29.729938507080078,48.660247802734375,1.4289493560791016
44,Jake Gyllenhaal,8,up_blocks.1.attentions.2.transformer_blocks.0.attn2.to_v.weight,0.09747246652841568,84.40635681152344,27.98990821838379,24.1937313079834,35.167579650878906,1.2564377784729004,0.07745517045259476,85.55769348144531,31.98941993713379,29.337326049804688,41.696773529052734,1.303455114364624
45,James Franco,8,up_blocks.1.attentions.2.transformer_blocks.0.attn2.to_v.weight,0.016125056892633438,89.07606506347656,28.435392379760742,22.70845603942871,36.10292053222656,1.2696473598480225,-0.09011371433734894,95.17015075683594,33.52250289916992,30.719844818115234,47.46647644042969,1.4159586429595947
46,Jared Leto,8,up_blocks.1.attentions.2.transformer_blocks.0.attn2.to_v.weight,-0.016146350651979446,90.92516326904297,28.47954559326172,22.53278923034668,36.599647521972656,1.2851204872131348,-0.1698937863111496,99.78164672851562,35.014102935791016,29.094478607177734,49.17950439453125,1.4045627117156982
47,Jason Momoa,8,up_blocks.1.attentions.2.transformer_blocks.0.attn2.to_v.weight,0.060421571135520935,86.5359878540039,28.433530807495117,24.757246017456055,36.55572509765625,1.2856554985046387,-0.040474627166986465,92.31965637207031,35.70109176635742,32.47723388671875,49.22597885131836,1.378836750984192
48,Jennifer Aniston,8,up_blocks.1.attentions.2.transformer_blocks.0.attn2.to_v.weight,-0.03201936557888985,91.83488464355469,28.492599487304688,22.178468704223633,36.663063049316406,1.2867573499679565,-0.10305210947990417,95.91495513916016,36.28917694091797,28.874393463134766,48.64767837524414,1.3405561447143555
49,Jennifer Lawrence,8,up_blocks.1.attentions.2.transformer_blocks.0.attn2.to_v.weight,0.0034928624518215656,89.79987335205078,29.097944259643555,23.82554817199707,37.54336166381836,1.290241003036499,-0.04907835274934769,92.8131103515625,36.96056365966797,30.83646011352539,49.283294677734375,1.333402156829834
0,Adam Driver,9,up_blocks.2.attentions.0.transformer_blocks.0.attn2.to_v.weight,0.005314919166266918,89.69548034667969,28.008241653442383,23.517545700073242,36.476497650146484,1.3023487329483032,-0.04210418090224266,92.4131088256836,35.68703842163086,31.462575912475586,48.559322357177734,1.36069917678833
1,Adriana Lima,9,up_blocks.2.attentions.0.transformer_blocks.0.attn2.to_v.weight,-0.04475577175617218,92.56517791748047,27.914234161376953,23.334749221801758,37.17552947998047,1.3317768573760986,-0.09382639825344086,95.38377380371094,35.12871170043945,31.43259048461914,49.28730010986328,1.4030488729476929
2,Amber Heard,9,up_blocks.2.attentions.0.transformer_blocks.0.attn2.to_v.weight,0.034660592675209045,88.0136947631836,27.69015884399414,22.839452743530273,35.278106689453125,1.2740304470062256,0.04474964365363121,87.4351806640625,39.2115478515625,29.16600799560547,47.81052017211914,1.219296932220459
3,Amy Adams,9,up_blocks.2.attentions.0.transformer_blocks.0.attn2.to_v.weight,-0.015378149226307869,90.88114166259766,27.93412971496582,23.132652282714844,36.54188537597656,1.3081448078155518,-0.02231624349951744,91.27873229980469,38.24402618408203,29.347373962402344,48.72338104248047,1.274012804031372
4,Andrew Garfield,9,up_blocks.2.attentions.0.transformer_blocks.0.attn2.to_v.weight,0.01132864598184824,89.35090637207031,27.900615692138672,24.250118255615234,36.7584342956543,1.3174775838851929,0.018174471333622932,88.95862579345703,36.69539260864258,32.62112808227539,48.65365982055664,1.3258792161941528
5,Angelina Jolie,9,up_blocks.2.attentions.0.transformer_blocks.0.attn2.to_v.weight,0.054802607744932175,86.85847473144531,28.37268829345703,23.560564041137695,35.8725700378418,1.2643345594406128,0.163010835647583,80.61830139160156,36.9068603515625,31.12556266784668,44.23121643066406,1.1984550952911377
6,Anjelica Huston,9,up_blocks.2.attentions.0.transformer_blocks.0.attn2.to_v.weight,0.048859938979148865,87.19941711425781,27.875823974609375,23.413700103759766,35.51736831665039,1.2741279602050781,0.004361391067504883,89.75011444091797,34.52476501464844,31.554624557495117,46.67066955566406,1.3518027067184448
7,Anna Faris,9,up_blocks.2.attentions.0.transformer_blocks.0.attn2.to_v.weight,0.040542617440223694,87.67644500732422,27.668066024780273,23.263093948364258,35.418968200683594,1.2801389694213867,0.05347547307610512,86.93462371826172,39.745697021484375,30.101469039916992,48.557823181152344,1.2217127084732056
8,Anna Kendrick,9,up_blocks.2.attentions.0.transformer_blocks.0.attn2.to_v.weight,0.04333458095788956,87.5163345336914,28.461196899414062,24.364511489868164,36.654727935791016,1.28788423538208,0.060208532959222794,86.5482177734375,36.30924987792969,31.851224899291992,46.83589172363281,1.2899162769317627
9,Anne Hathaway,9,up_blocks.2.attentions.0.transformer_blocks.0.attn2.to_v.weight,0.02429751493036747,88.60771942138672,28.212099075317383,24.090578079223633,36.650390625,1.2991018295288086,0.027627067640423775,88.41688537597656,34.91495895385742,31.603567123413086,46.44211959838867,1.3301496505737305
10,Arnold Schwarzenegger,9,up_blocks.2.attentions.0.transformer_blocks.0.attn2.to_v.weight,0.08346748352050781,85.21209716796875,28.820634841918945,25.205060958862305,36.66958236694336,1.272337794303894,0.02951131947338581,88.30888366699219,35.344818115234375,33.31859588623047,47.852664947509766,1.3538806438446045
11,Barack Obama,9,up_blocks.2.attentions.0.transformer_blocks.0.attn2.to_v.weight,-0.0002225170173915103,90.01274871826172,28.38604164123535,23.672502517700195,36.965572357177734,1.3022446632385254,0.048397742211818695,87.2259292602539,40.243717193603516,31.04940414428711,49.62531661987305,1.2331196069717407
12,Beth Behrs,9,up_blocks.2.attentions.0.transformer_blocks.0.attn2.to_v.weight,0.030796948820352554,88.23518371582031,27.48546600341797,24.830148696899414,36.46849822998047,1.3268284797668457,-0.06326936185359955,93.62748718261719,34.38420486450195,34.643211364746094,50.330467224121094,1.4637670516967773
13,Bill Clinton,9,up_blocks.2.attentions.0.transformer_blocks.0.attn2.to_v.weight,0.08962774276733398,84.85780334472656,29.023052215576172,25.12827491760254,36.64746856689453,1.2627021074295044,0.05360595881938934,86.92713928222656,36.79496765136719,32.862003326416016,48.00150680541992,1.3045672178268433
14,Bob Dylan,9,up_blocks.2.attentions.0.transformer_blocks.0.attn2.to_v.weight,0.01362526323646307,89.21930694580078,29.00482177734375,22.8367977142334,36.67081832885742,1.26430082321167,0.0625683143734932,86.41275024414062,37.144744873046875,30.755390167236328,46.719051361083984,1.2577567100524902
15,Bob Marley,9,up_blocks.2.attentions.0.transformer_blocks.0.attn2.to_v.weight,0.006284983828663826,89.639892578125,29.121788024902344,23.684326171875,37.421329498291016,1.2849942445755005,-0.06236955523490906,93.57583618164062,37.93628692626953,31.322216033935547,50.68001937866211,1.3359246253967285
16,Bradley Cooper,9,up_blocks.2.attentions.0.transformer_blocks.0.attn2.to_v.weight,0.024942990392446518,88.57072448730469,28.211177825927734,22.07369041442871,35.38436508178711,1.2542675733566284,-0.06967521458864212,93.9953384399414,36.665863037109375,29.723085403442383,48.782318115234375,1.330456018447876
17,Bruce Willis,9,up_blocks.2.attentions.0.transformer_blocks.0.attn2.to_v.weight,0.07240448892116547,85.847900390625,28.377559661865234,25.014074325561523,36.4444580078125,1.2842702865600586,0.02407708764076233,88.62035369873047,35.76313018798828,36.432220458984375,50.43378829956055,1.4102174043655396
18,Bryan Cranston,9,up_blocks.2.attentions.0.transformer_blocks.0.attn2.to_v.weight,0.007258323486894369,89.5841293334961,28.275938034057617,22.837833404541016,36.21768569946289,1.2808659076690674,-0.048593856394290924,92.78532409667969,34.28605270385742,30.04453468322754,46.672489166259766,1.3612674474716187
19,Cameron Diaz,9,up_blocks.2.attentions.0.transformer_blocks.0.attn2.to_v.weight,0.08736877143383026,84.98775482177734,27.852161407470703,24.518964767456055,35.462562561035156,1.273242712020874,0.04763809219002724,87.2695083618164,38.099117279052734,31.230100631713867,48.09884262084961,1.2624660730361938
20,Channing Tatum,9,up_blocks.2.attentions.0.transformer_blocks.0.attn2.to_v.weight,-0.1313060224056244,97.5450668334961,28.636220932006836,21.567686080932617,38.04460525512695,1.3285484313964844,-0.09817631542682648,95.63416290283203,36.041568756103516,28.931617736816406,48.38158416748047,1.3423829078674316
21,Charlie Sheen,9,up_blocks.2.attentions.0.transformer_blocks.0.attn2.to_v.weight,-0.10003101825714111,95.74095153808594,27.521488189697266,22.10247039794922,36.98172378540039,1.3437399864196777,-0.10403399914503098,95.97151184082031,36.00935745239258,29.942441940307617,49.16873550415039,1.3654433488845825
22,Charlize Theron,9,up_blocks.2.attentions.0.transformer_blocks.0.attn2.to_v.weight,0.08085896819829941,85.362060546875,27.582630157470703,23.196714401245117,34.57481384277344,1.2534995079040527,0.1828591674566269,79.46366119384766,39.121559143066406,27.42597198486328,43.477394104003906,1.1113409996032715
23,Chris Evans,9,up_blocks.2.attentions.0.transformer_blocks.0.attn2.to_v.weight,-0.002215444343164563,90.12693786621094,28.30531120300293,25.0194091796875,37.81930160522461,1.336120367050171,-0.05827804654836655,93.34098052978516,40.121307373046875,32.013370513916016,52.766292572021484,1.315168857574463
24,Chris Hemsworth,9,up_blocks.2.attentions.0.transformer_blocks.0.attn2.to_v.weight,0.05884624272584915,86.62641143798828,28.357040405273438,26.01243019104004,37.335693359375,1.3166286945343018,0.14357446134090424,81.7452621459961,37.40999984741211,34.64270782470703,47.19623947143555,1.2615941762924194
25,Chris Pine,9,up_blocks.2.attentions.0.transformer_blocks.0.attn2.to_v.weight,0.07136806100606918,85.90743255615234,28.11031723022461,22.761837005615234,34.884986877441406,1.2410029172897339,0.13338270783424377,82.33489227294922,36.341705322265625,31.04155731201172,44.534915924072266,1.2254492044448853
26,Chuck Norris,9,up_blocks.2.attentions.0.transformer_blocks.0.attn2.to_v.weight,0.020945081487298012,88.79985046386719,28.702478408813477,25.176746368408203,37.781341552734375,1.3163093328475952,0.04226863011717796,87.57746887207031,36.907718658447266,36.027095794677734,50.474979400634766,1.367599606513977
27,Courteney Cox,9,up_blocks.2.attentions.0.transformer_blocks.0.attn2.to_v.weight,-0.01857098378241062,91.06410217285156,27.826133728027344,21.821285247802734,35.6793327331543,1.2822238206863403,-0.08721503615379333,95.00341033935547,39.441680908203125,29.263385772705078,51.12062454223633,1.2961066961288452
28,Demi Lovato,9,up_blocks.2.attentions.0.transformer_blocks.0.attn2.to_v.weight,0.10442433506250381,84.00599670410156,29.957365036010742,26.669212341308594,37.97147750854492,1.267517328262329,0.16083182394504547,80.74481964111328,36.265411376953125,35.61421203613281,46.562896728515625,1.2839478254318237
29,Drake,9,up_blocks.2.attentions.0.transformer_blocks.0.attn2.to_v.weight,-0.056602440774440765,93.24481201171875,28.78478240966797,21.782297134399414,37.06766128540039,1.2877520322799683,-0.12340985983610153,97.08894348144531,40.698707580566406,29.733949661254883,53.2839241027832,1.3092288970947266
30,Drew Barrymore,9,up_blocks.2.attentions.0.transformer_blocks.0.attn2.to_v.weight,0.04361112415790558,87.50047302246094,27.857925415039062,22.163766860961914,34.834503173828125,1.250434160232544,0.057171229273080826,86.72254180908203,40.530242919921875,28.29936408996582,48.08748245239258,1.1864593029022217
31,Dwayne Johnson,9,up_blocks.2.attentions.0.transformer_blocks.0.attn2.to_v.weight,0.005020421929657459,89.71234893798828,28.35898780822754,23.701393127441406,36.867862701416016,1.3000415563583374,-0.03014509566128254,91.72744750976562,36.16826248168945,33.6656494140625,50.149078369140625,1.3865492343902588
32,Ed Sheeran,9,up_blocks.2.attentions.0.transformer_blocks.0.attn2.to_v.weight,-0.006464293226599693,90.37037658691406,28.863014221191406,23.25489044189453,37.18253707885742,1.2882416248321533,0.10682367533445358,83.86775970458984,34.37028884887695,30.8332462310791,43.653106689453125,1.2700825929641724
33,Elon Musk,9,up_blocks.2.attentions.0.transformer_blocks.0.attn2.to_v.weight,0.00024448681506328285,89.98599243164062,28.447412490844727,21.172237396240234,35.457359313964844,1.246417760848999,-0.09629277139902115,95.52572631835938,40.40659713745117,28.65237045288086,51.73602294921875,1.2803854942321777
34,Elvis Presley,9,up_blocks.2.attentions.0.transformer_blocks.0.attn2.to_v.weight,-0.004397465381771326,90.251953125,28.570804595947266,21.382352828979492,35.76127624511719,1.2516720294952393,-0.14090117812156677,98.0999984741211,38.756263732910156,30.6041316986084,52.65839767456055,1.3587067127227783
35,Emma Stone,9,up_blocks.2.attentions.0.transformer_blocks.0.attn2.to_v.weight,0.006799794267863035,89.61039733886719,28.44441795349121,24.251026153564453,37.2534065246582,1.309691309928894,-0.028995787724852562,91.66156768798828,38.99888229370117,31.049562454223633,50.5490837097168,1.2961674928665161
36,Frida Kahlo,9,up_blocks.2.attentions.0.transformer_blocks.0.attn2.to_v.weight,-0.10295963287353516,95.90962982177734,28.232040405273438,20.88153648376465,36.803287506103516,1.3035999536514282,-0.111847884953022,96.4218521118164,34.213218688964844,28.62311553955078,46.99882507324219,1.3737037181854248
37,George Clooney,9,up_blocks.2.attentions.0.transformer_blocks.0.attn2.to_v.weight,0.04322296753525734,87.52273559570312,28.430068969726562,23.77617645263672,36.2648811340332,1.2755818367004395,0.05854375660419464,86.64376831054688,36.38841247558594,30.2718505859375,45.951324462890625,1.2628010511398315
38,Glenn Close,9,up_blocks.2.attentions.0.transformer_blocks.0.attn2.to_v.weight,-0.07054296135902405,94.04517364501953,28.256168365478516,22.791053771972656,37.53266143798828,1.3282997608184814,-0.08969661593437195,95.14615631103516,37.15628433227539,30.765941619873047,50.32102584838867,1.3543072938919067
39,Gwyneth Paltrow,9,up_blocks.2.attentions.0.transformer_blocks.0.attn2.to_v.weight,0.032099537551403046,88.16051483154297,28.311695098876953,21.49635887145996,34.99391555786133,1.2360233068466187,0.016333255916833878,89.06413269042969,36.891510009765625,28.03888702392578,45.97142791748047,1.2461248636245728
40,Harrison Ford,9,up_blocks.2.attentions.0.transformer_blocks.0.attn2.to_v.weight,-0.08215945959091187,94.71270751953125,28.273059844970703,22.160755157470703,37.32853317260742,1.3202862739562988,-0.16204583644866943,99.3256607055664,39.33692932128906,30.737398147583008,53.703311920166016,1.3652136325836182
41,Hillary Clinton,9,up_blocks.2.attentions.0.transformer_blocks.0.attn2.to_v.weight,0.045741237699985504,87.37830352783203,28.375699996948242,21.881364822387695,35.031028747558594,1.2345432043075562,-0.017892466858029366,91.02522277832031,39.741424560546875,29.416807174682617,49.86546325683594,1.254747748374939
42,Hugh Jackman,9,up_blocks.2.attentions.0.transformer_blocks.0.attn2.to_v.weight,-0.022440195083618164,91.28583526611328,28.79867935180664,23.777429580688477,37.75529861450195,1.3110079765319824,-0.018352733924984932,91.05158996582031,35.842044830322266,32.67001724243164,48.93836212158203,1.3653898239135742
43,Idris Elba,9,up_blocks.2.attentions.0.transformer_blocks.0.attn2.to_v.weight,-0.09779903292655945,95.61244201660156,28.461647033691406,22.57266616821289,38.0164909362793,1.3357094526290894,-0.0459776297211647,92.63525390625,34.89555740356445,28.953224182128906,46.35617446899414,1.3284262418746948
44,Jake Gyllenhaal,9,up_blocks.2.attentions.0.transformer_blocks.0.attn2.to_v.weight,0.09747246652841568,84.40635681152344,27.98990821838379,24.1937313079834,35.167579650878906,1.2564377784729004,0.21897348761558533,77.35124969482422,33.968345642089844,28.374711990356445,39.20281982421875,1.154098629951477
45,James Franco,9,up_blocks.2.attentions.0.transformer_blocks.0.attn2.to_v.weight,0.016125056892633438,89.07606506347656,28.435392379760742,22.70845603942871,36.10292053222656,1.2696473598480225,0.046415697783231735,87.3396224975586,34.01249313354492,32.39236068725586,45.86761474609375,1.3485519886016846
46,Jared Leto,9,up_blocks.2.attentions.0.transformer_blocks.0.attn2.to_v.weight,-0.016146350651979446,90.92516326904297,28.47954559326172,22.53278923034668,36.599647521972656,1.2851204872131348,0.05417586490511894,86.8944320678711,33.85695266723633,29.01535987854004,43.379058837890625,1.281245231628418
47,Jason Momoa,9,up_blocks.2.attentions.0.transformer_blocks.0.attn2.to_v.weight,0.060421571135520935,86.5359878540039,28.433530807495117,24.757246017456055,36.55572509765625,1.2856554985046387,0.08474278450012207,85.13876342773438,36.032039642333984,32.28759765625,46.29923629760742,1.284946322441101
48,Jennifer Aniston,9,up_blocks.2.attentions.0.transformer_blocks.0.attn2.to_v.weight,-0.03201936557888985,91.83488464355469,28.492599487304688,22.178468704223633,36.663063049316406,1.2867573499679565,0.055344995111227036,86.82734680175781,35.66578674316406,29.622774124145508,45.08448791503906,1.2640821933746338
49,Jennifer Lawrence,9,up_blocks.2.attentions.0.transformer_blocks.0.attn2.to_v.weight,0.0034928624518215656,89.79987335205078,29.097944259643555,23.82554817199707,37.54336166381836,1.290241003036499,0.09730716794729233,84.4158706665039,36.30741882324219,31.88466453552246,45.93000411987305,1.265030860900879
0,Adam Driver,10,up_blocks.2.attentions.1.transformer_blocks.0.attn2.to_v.weight,0.005314919166266918,89.69548034667969,28.008241653442383,23.517545700073242,36.476497650146484,1.3023487329483032,0.2470620572566986,75.69627380371094,30.942480087280273,25.36200714111328,34.826683044433594,1.1255297660827637
1,Adriana Lima,10,up_blocks.2.attentions.1.transformer_blocks.0.attn2.to_v.weight,-0.04475577175617218,92.56517791748047,27.914234161376953,23.334749221801758,37.17552947998047,1.3317768573760986,0.21023507416248322,77.8638687133789,29.819210052490234,27.823486328125,36.2557373046875,1.2158516645431519
2,Amber Heard,10,up_blocks.2.attentions.1.transformer_blocks.0.attn2.to_v.weight,0.034660592675209045,88.0136947631836,27.69015884399414,22.839452743530273,35.278106689453125,1.2740304470062256,0.34479695558547974,69.83059692382812,29.5528507232666,25.221078872680664,31.551258087158203,1.0676214694976807
3,Amy Adams,10,up_blocks.2.attentions.1.transformer_blocks.0.attn2.to_v.weight,-0.015378149226307869,90.88114166259766,27.93412971496582,23.132652282714844,36.54188537597656,1.3081448078155518,0.29949697852134705,72.57260131835938,30.98171615600586,28.061622619628906,35.02225112915039,1.130416750907898
4,Andrew Garfield,10,up_blocks.2.attentions.1.transformer_blocks.0.attn2.to_v.weight,0.01132864598184824,89.35090637207031,27.900615692138672,24.250118255615234,36.7584342956543,1.3174775838851929,0.2628459930419922,74.76099395751953,30.9318904876709,26.34981918334961,34.96612548828125,1.1304231882095337
5,Angelina Jolie,10,up_blocks.2.attentions.1.transformer_blocks.0.attn2.to_v.weight,0.054802607744932175,86.85847473144531,28.37268829345703,23.560564041137695,35.8725700378418,1.2643345594406128,0.3460334539413452,69.7551040649414,32.72080612182617,26.32316780090332,34.168296813964844,1.0442376136779785
6,Anjelica Huston,10,up_blocks.2.attentions.1.transformer_blocks.0.attn2.to_v.weight,0.048859938979148865,87.19941711425781,27.875823974609375,23.413700103759766,35.51736831665039,1.2741279602050781,0.33466827869415283,70.44763946533203,27.29673957824707,26.03731346130371,30.778785705566406,1.1275627613067627
7,Anna Faris,10,up_blocks.2.attentions.1.transformer_blocks.0.attn2.to_v.weight,0.040542617440223694,87.67644500732422,27.668066024780273,23.263093948364258,35.418968200683594,1.2801389694213867,0.3454301357269287,69.79194641113281,29.574691772460938,27.21148681640625,32.54447555541992,1.1004164218902588
8,Anna Kendrick,10,up_blocks.2.attentions.1.transformer_blocks.0.attn2.to_v.weight,0.04333458095788956,87.5163345336914,28.461196899414062,24.364511489868164,36.654727935791016,1.28788423538208,0.3808927536010742,67.61100769042969,29.509689331054688,27.374149322509766,31.69847869873047,1.0741719007492065
9,Anne Hathaway,10,up_blocks.2.attentions.1.transformer_blocks.0.attn2.to_v.weight,0.02429751493036747,88.60771942138672,28.212099075317383,24.090578079223633,36.650390625,1.2991018295288086,0.3120673596858978,71.81613159179688,33.18408966064453,29.977632522583008,37.134422302246094,1.119042992591858
10,Arnold Schwarzenegger,10,up_blocks.2.attentions.1.transformer_blocks.0.attn2.to_v.weight,0.08346748352050781,85.21209716796875,28.820634841918945,25.205060958862305,36.66958236694336,1.272337794303894,0.3452408015727997,69.80350494384766,32.09670639038086,28.267568588256836,34.68115997314453,1.0805208683013916
11,Barack Obama,10,up_blocks.2.attentions.1.transformer_blocks.0.attn2.to_v.weight,-0.0002225170173915103,90.01274871826172,28.38604164123535,23.672502517700195,36.965572357177734,1.3022446632385254,0.04883616790175438,87.2007827758789,40.66893768310547,26.889873504638672,47.64677047729492,1.1715764999389648
12,Beth Behrs,10,up_blocks.2.attentions.1.transformer_blocks.0.attn2.to_v.weight,0.030796948820352554,88.23518371582031,27.48546600341797,24.830148696899414,36.46849822998047,1.3268284797668457,0.2686862349510193,74.41389465332031,31.978649139404297,27.4591121673584,36.12156677246094,1.1295526027679443
13,Bill Clinton,10,up_blocks.2.attentions.1.transformer_blocks.0.attn2.to_v.weight,0.08962774276733398,84.85780334472656,29.023052215576172,25.12827491760254,36.64746856689453,1.2627021074295044,0.28176361322402954,73.63450622558594,32.95063400268555,30.18594741821289,37.90020751953125,1.1502118110656738
14,Bob Dylan,10,up_blocks.2.attentions.1.transformer_blocks.0.attn2.to_v.weight,0.01362526323646307,89.21930694580078,29.00482177734375,22.8367977142334,36.67081832885742,1.26430082321167,0.4560253620147705,62.86907196044922,32.175994873046875,27.496402740478516,31.375680923461914,0.9751269817352295
15,Bob Marley,10,up_blocks.2.attentions.1.transformer_blocks.0.attn2.to_v.weight,0.006284983828663826,89.639892578125,29.121788024902344,23.684326171875,37.421329498291016,1.2849942445755005,0.26579105854034424,74.5860366821289,31.966299057006836,27.639019012451172,36.27805709838867,1.1348844766616821
16,Bradley Cooper,10,up_blocks.2.attentions.1.transformer_blocks.0.attn2.to_v.weight,0.024942990392446518,88.57072448730469,28.211177825927734,22.07369041442871,35.38436508178711,1.2542675733566284,0.33947843313217163,70.15489959716797,31.807661056518555,23.52147102355957,32.51179122924805,1.02213716506958
17,Bruce Willis,10,up_blocks.2.attentions.1.transformer_blocks.0.attn2.to_v.weight,0.07240448892116547,85.847900390625,28.377559661865234,25.014074325561523,36.4444580078125,1.2842702865600586,0.31275027990341187,71.77494812011719,31.67131996154785,28.99068832397461,35.62603759765625,1.1248674392700195
18,Bryan Cranston,10,up_blocks.2.attentions.1.transformer_blocks.0.attn2.to_v.weight,0.007258323486894369,89.5841293334961,28.275938034057617,22.837833404541016,36.21768569946289,1.2808659076690674,0.2874632477760315,73.29386138916016,31.85765838623047,25.521289825439453,34.62374496459961,1.0868264436721802
19,Cameron Diaz,10,up_blocks.2.attentions.1.transformer_blocks.0.attn2.to_v.weight,0.08736877143383026,84.98775482177734,27.852161407470703,24.518964767456055,35.462562561035156,1.273242712020874,0.3054966628551483,72.21195983886719,31.062244415283203,28.30225372314453,35.053348541259766,1.1284873485565186
20,Channing Tatum,10,up_blocks.2.attentions.1.transformer_blocks.0.attn2.to_v.weight,-0.1313060224056244,97.5450668334961,28.636220932006836,21.567686080932617,38.04460525512695,1.3285484313964844,0.2978379726409912,72.67221069335938,29.58824348449707,24.54826545715332,32.33292770385742,1.0927627086639404
21,Charlie Sheen,10,up_blocks.2.attentions.1.transformer_blocks.0.attn2.to_v.weight,-0.10003101825714111,95.74095153808594,27.521488189697266,22.10247039794922,36.98172378540039,1.3437399864196777,0.310491681098938,71.9111328125,27.721817016601562,26.339027404785156,31.76197052001953,1.1457390785217285
22,Charlize Theron,10,up_blocks.2.attentions.1.transformer_blocks.0.attn2.to_v.weight,0.08085896819829941,85.362060546875,27.582630157470703,23.196714401245117,34.57481384277344,1.2534995079040527,0.23675677180290222,76.30479431152344,30.04790496826172,24.96076202392578,34.21654510498047,1.138733148574829
23,Chris Evans,10,up_blocks.2.attentions.1.transformer_blocks.0.attn2.to_v.weight,-0.002215444343164563,90.12693786621094,28.30531120300293,25.0194091796875,37.81930160522461,1.336120367050171,0.23440130054950714,76.44367218017578,32.957183837890625,27.896440505981445,37.859947204589844,1.1487616300582886
24,Chris Hemsworth,10,up_blocks.2.attentions.1.transformer_blocks.0.attn2.to_v.weight,0.05884624272584915,86.62641143798828,28.357040405273438,26.01243019104004,37.335693359375,1.3166286945343018,0.3165614604949951,71.54489135742188,32.29854202270508,28.82175064086914,35.840126037597656,1.1096515655517578
25,Chris Pine,10,up_blocks.2.attentions.1.transformer_blocks.0.attn2.to_v.weight,0.07136806100606918,85.90743255615234,28.11031723022461,22.761837005615234,34.884986877441406,1.2410029172897339,0.32496562600135803,71.03650665283203,30.701723098754883,25.544309616088867,32.945350646972656,1.0730782747268677
26,Chuck Norris,10,up_blocks.2.attentions.1.transformer_blocks.0.attn2.to_v.weight,0.020945081487298012,88.79985046386719,28.702478408813477,25.176746368408203,37.781341552734375,1.3163093328475952,0.2923728823661804,72.99993133544922,32.2254638671875,28.956266403198242,36.487022399902344,1.13224196434021
27,Courteney Cox,10,up_blocks.2.attentions.1.transformer_blocks.0.attn2.to_v.weight,-0.01857098378241062,91.06410217285156,27.826133728027344,21.821285247802734,35.6793327331543,1.2822238206863403,0.2591068148612976,74.9829330444336,31.136842727661133,27.009685516357422,35.54166793823242,1.1414666175842285
28,Demi Lovato,10,up_blocks.2.attentions.1.transformer_blocks.0.attn2.to_v.weight,0.10442433506250381,84.00599670410156,29.957365036010742,26.669212341308594,37.97147750854492,1.267517328262329,0.39138728380203247,66.95915222167969,32.002315521240234,28.18254852294922,33.352874755859375,1.0422018766403198
29,Drake,10,up_blocks.2.attentions.1.transformer_blocks.0.attn2.to_v.weight,-0.056602440774440765,93.24481201171875,28.78478240966797,21.782297134399414,37.06766128540039,1.2877520322799683,0.32492125034332275,71.03919982910156,31.85012435913086,25.987764358520508,33.93981170654297,1.0656100511550903
30,Drew Barrymore,10,up_blocks.2.attentions.1.transformer_blocks.0.attn2.to_v.weight,0.04361112415790558,87.50047302246094,27.857925415039062,22.163766860961914,34.834503173828125,1.250434160232544,0.3643151819705963,68.63455963134766,31.129093170166016,26.08563232421875,32.52409362792969,1.0448133945465088
31,Dwayne Johnson,10,up_blocks.2.attentions.1.transformer_blocks.0.attn2.to_v.weight,0.005020421929657459,89.71234893798828,28.35898780822754,23.701393127441406,36.867862701416016,1.3000415563583374,0.3273621201515198,70.8912582397461,31.553808212280273,26.10567855834961,33.731746673583984,1.0690230131149292
32,Ed Sheeran,10,up_blocks.2.attentions.1.transformer_blocks.0.attn2.to_v.weight,-0.006464293226599693,90.37037658691406,28.863014221191406,23.25489044189453,37.18253707885742,1.2882416248321533,0.2536212205886841,75.30809783935547,30.982919692993164,26.876787185668945,35.495235443115234,1.1456388235092163
33,Elon Musk,10,up_blocks.2.attentions.1.transformer_blocks.0.attn2.to_v.weight,0.00024448681506328285,89.98599243164062,28.447412490844727,21.172237396240234,35.457359313964844,1.246417760848999,0.3290497362613678,70.78889465332031,34.26449966430664,25.186853408813477,35.22050094604492,1.0279005765914917
34,Elvis Presley,10,up_blocks.2.attentions.1.transformer_blocks.0.attn2.to_v.weight,-0.004397465381771326,90.251953125,28.570804595947266,21.382352828979492,35.76127624511719,1.2516720294952393,0.2599634826183319,74.9321060180664,32.63423538208008,22.879480361938477,34.64474105834961,1.0616072416305542
35,Emma Stone,10,up_blocks.2.attentions.1.transformer_blocks.0.attn2.to_v.weight,0.006799794267863035,89.61039733886719,28.44441795349121,24.251026153564453,37.2534065246582,1.309691309928894,0.31818056106567383,71.44707489013672,30.539775848388672,27.689762115478516,34.077396392822266,1.115836501121521
36,Frida Kahlo,10,up_blocks.2.attentions.1.transformer_blocks.0.attn2.to_v.weight,-0.10295963287353516,95.90962982177734,28.232040405273438,20.88153648376465,36.803287506103516,1.3035999536514282,0.22705018520355225,76.87653350830078,29.493186950683594,27.124910354614258,35.246681213378906,1.195078730583191
37,George Clooney,10,up_blocks.2.attentions.1.transformer_blocks.0.attn2.to_v.weight,0.04322296753525734,87.52273559570312,28.430068969726562,23.77617645263672,36.2648811340332,1.2755818367004395,0.3235454559326172,71.12252807617188,31.5811824798584,27.66951560974121,34.605228424072266,1.095754623413086
38,Glenn Close,10,up_blocks.2.attentions.1.transformer_blocks.0.attn2.to_v.weight,-0.07054296135902405,94.04517364501953,28.256168365478516,22.791053771972656,37.53266143798828,1.3282997608184814,0.20661085844039917,78.07618713378906,30.584396362304688,26.99376106262207,36.3719367980957,1.1892317533493042
39,Gwyneth Paltrow,10,up_blocks.2.attentions.1.transformer_blocks.0.attn2.to_v.weight,0.032099537551403046,88.16051483154297,28.311695098876953,21.49635887145996,34.99391555786133,1.2360233068466187,0.338727742433548,70.20061492919922,30.093141555786133,24.45734977722168,31.704147338867188,1.0535340309143066
40,Harrison Ford,10,up_blocks.2.attentions.1.transformer_blocks.0.attn2.to_v.weight,-0.08215945959091187,94.71270751953125,28.273059844970703,22.160755157470703,37.32853317260742,1.3202862739562988,0.2559085190296173,75.17256927490234,31.446077346801758,27.207618713378906,35.9334602355957,1.1427009105682373
41,Hillary Clinton,10,up_blocks.2.attentions.1.transformer_blocks.0.attn2.to_v.weight,0.045741237699985504,87.37830352783203,28.375699996948242,21.881364822387695,35.031028747558594,1.2345432043075562,0.2170766294002533,77.46260833740234,34.8011474609375,24.17108917236328,37.81745529174805,1.0866726636886597
42,Hugh Jackman,10,up_blocks.2.attentions.1.transformer_blocks.0.attn2.to_v.weight,-0.022440195083618164,91.28583526611328,28.79867935180664,23.777429580688477,37.75529861450195,1.3110079765319824,0.3190511465072632,71.39445495605469,30.314863204956055,26.748748779296875,33.42243576049805,1.10250985622406
43,Idris Elba,10,up_blocks.2.attentions.1.transformer_blocks.0.attn2.to_v.weight,-0.09779903292655945,95.61244201660156,28.461647033691406,22.57266616821289,38.0164909362793,1.3357094526290894,0.2867776155471802,73.33486938476562,31.906112670898438,26.330358505249023,35.06343460083008,1.0989567041397095
44,Jake Gyllenhaal,10,up_blocks.2.attentions.1.transformer_blocks.0.attn2.to_v.weight,0.09747246652841568,84.40635681152344,27.98990821838379,24.1937313079834,35.167579650878906,1.2564377784729004,0.32322898507118225,71.14168548583984,29.872760772705078,22.998750686645508,31.25994873046875,1.0464365482330322
45,James Franco,10,up_blocks.2.attentions.1.transformer_blocks.0.attn2.to_v.weight,0.016125056892633438,89.07606506347656,28.435392379760742,22.70845603942871,36.10292053222656,1.2696473598480225,0.38387200236320496,67.42626953125,30.76683807373047,26.29265594482422,31.887958526611328,1.036439299583435
46,Jared Leto,10,up_blocks.2.attentions.1.transformer_blocks.0.attn2.to_v.weight,-0.016146350651979446,90.92516326904297,28.47954559326172,22.53278923034668,36.599647521972656,1.2851204872131348,0.46704667806625366,62.15724182128906,30.868715286254883,28.12737464904785,30.54496192932129,0.9895119071006775
47,Jason Momoa,10,up_blocks.2.attentions.1.transformer_blocks.0.attn2.to_v.weight,0.060421571135520935,86.5359878540039,28.433530807495117,24.757246017456055,36.55572509765625,1.2856554985046387,0.3337661027908325,70.50247955322266,31.49276351928711,27.27444839477539,34.09272766113281,1.0825575590133667
48,Jennifer Aniston,10,up_blocks.2.attentions.1.transformer_blocks.0.attn2.to_v.weight,-0.03201936557888985,91.83488464355469,28.492599487304688,22.178468704223633,36.663063049316406,1.2867573499679565,0.2859688103199005,73.38323211669922,31.4257869720459,25.796993255615234,34.48768997192383,1.0974328517913818
49,Jennifer Lawrence,10,up_blocks.2.attentions.1.transformer_blocks.0.attn2.to_v.weight,0.0034928624518215656,89.79987335205078,29.097944259643555,23.82554817199707,37.54336166381836,1.290241003036499,0.38984858989715576,67.05491638183594,33.58705139160156,27.77912712097168,34.238834381103516,1.019405722618103
0,Adam Driver,11,up_blocks.2.attentions.2.transformer_blocks.0.attn2.to_v.weight,0.005314919166266918,89.69548034667969,28.008241653442383,23.517545700073242,36.476497650146484,1.3023487329483032,0.22477082908153534,77.0105972290039,22.081314086914062,20.19829559326172,26.36394691467285,1.1939482688903809
1,Adriana Lima,11,up_blocks.2.attentions.2.transformer_blocks.0.attn2.to_v.weight,-0.04475577175617218,92.56517791748047,27.914234161376953,23.334749221801758,37.17552947998047,1.3317768573760986,0.07223956286907196,85.85736846923828,22.80605125427246,20.15336036682129,29.323516845703125,1.2857779264450073
2,Amber Heard,11,up_blocks.2.attentions.2.transformer_blocks.0.attn2.to_v.weight,0.034660592675209045,88.0136947631836,27.69015884399414,22.839452743530273,35.278106689453125,1.2740304470062256,0.21469968557357788,77.60208892822266,23.1839542388916,17.913747787475586,26.07802963256836,1.124830961227417
3,Amy Adams,11,up_blocks.2.attentions.2.transformer_blocks.0.attn2.to_v.weight,-0.015378149226307869,90.88114166259766,27.93412971496582,23.132652282714844,36.54188537597656,1.3081448078155518,0.19027924537658691,79.03091430664062,24.315515518188477,19.774038314819336,28.271509170532227,1.1626942157745361
4,Andrew Garfield,11,up_blocks.2.attentions.2.transformer_blocks.0.attn2.to_v.weight,0.01132864598184824,89.35090637207031,27.900615692138672,24.250118255615234,36.7584342956543,1.3174775838851929,0.2229464054107666,77.11785125732422,23.99270248413086,20.501577377319336,27.86817169189453,1.1615270376205444
5,Angelina Jolie,11,up_blocks.2.attentions.2.transformer_blocks.0.attn2.to_v.weight,0.054802607744932175,86.85847473144531,28.37268829345703,23.560564041137695,35.8725700378418,1.2643345594406128,0.3161051273345947,71.57246398925781,24.933156967163086,19.95734214782715,26.558809280395508,1.0652004480361938
6,Anjelica Huston,11,up_blocks.2.attentions.2.transformer_blocks.0.attn2.to_v.weight,0.048859938979148865,87.19941711425781,27.875823974609375,23.413700103759766,35.51736831665039,1.2741279602050781,0.30298012495040894,72.36331176757812,20.49977684020996,18.919010162353516,23.30572509765625,1.1368770599365234
7,Anna Faris,11,up_blocks.2.attentions.2.transformer_blocks.0.attn2.to_v.weight,0.040542617440223694,87.67644500732422,27.668066024780273,23.263093948364258,35.418968200683594,1.2801389694213867,0.19801948964595795,78.5788345336914,23.62926483154297,20.547222137451172,28.075742721557617,1.1881767511367798
8,Anna Kendrick,11,up_blocks.2.attentions.2.transformer_blocks.0.attn2.to_v.weight,0.04333458095788956,87.5163345336914,28.461196899414062,24.364511489868164,36.654727935791016,1.28788423538208,0.3254696726799011,71.00596618652344,23.47307014465332,19.47846794128418,25.15498924255371,1.071653127670288
9,Anne Hathaway,11,up_blocks.2.attentions.2.transformer_blocks.0.attn2.to_v.weight,0.02429751493036747,88.60771942138672,28.212099075317383,24.090578079223633,36.650390625,1.2991018295288086,0.30784496665000916,72.07059478759766,23.04703712463379,20.27586555480957,25.5844783782959,1.1100983619689941
10,Arnold Schwarzenegger,11,up_blocks.2.attentions.2.transformer_blocks.0.attn2.to_v.weight,0.08346748352050781,85.21209716796875,28.820634841918945,25.205060958862305,36.66958236694336,1.272337794303894,0.2005424201488495,78.43132019042969,23.210830688476562,21.504135131835938,28.301546096801758,1.2193249464035034
11,Barack Obama,11,up_blocks.2.attentions.2.transformer_blocks.0.attn2.to_v.weight,-0.0002225170173915103,90.01274871826172,28.38604164123535,23.672502517700195,36.965572357177734,1.3022446632385254,0.09876199066638947,84.33211517333984,30.563961029052734,20.23916244506836,34.951297760009766,1.1435461044311523
12,Beth Behrs,11,up_blocks.2.attentions.2.transformer_blocks.0.attn2.to_v.weight,0.030796948820352554,88.23518371582031,27.48546600341797,24.830148696899414,36.46849822998047,1.3268284797668457,0.22414670884609222,77.04729461669922,23.273527145385742,20.4346981048584,27.313573837280273,1.173589825630188
13,Bill Clinton,11,up_blocks.2.attentions.2.transformer_blocks.0.attn2.to_v.weight,0.08962774276733398,84.85780334472656,29.023052215576172,25.12827491760254,36.64746856689453,1.2627021074295044,0.14166419208049774,81.85584259033203,24.469083786010742,22.093629837036133,30.556411743164062,1.2487763166427612
14,Bob Dylan,11,up_blocks.2.attentions.2.transformer_blocks.0.attn2.to_v.weight,0.01362526323646307,89.21930694580078,29.00482177734375,22.8367977142334,36.67081832885742,1.26430082321167,0.27434784173965454,74.07684326171875,22.5915470123291,20.535554885864258,26.0294189453125,1.1521751880645752
15,Bob Marley,11,up_blocks.2.attentions.2.transformer_blocks.0.attn2.to_v.weight,0.006284983828663826,89.639892578125,29.121788024902344,23.684326171875,37.421329498291016,1.2849942445755005,0.20138593018054962,78.3819808959961,24.365358352661133,20.97358512878418,28.770362854003906,1.180789589881897
16,Bradley Cooper,11,up_blocks.2.attentions.2.transformer_blocks.0.attn2.to_v.weight,0.024942990392446518,88.57072448730469,28.211177825927734,22.07369041442871,35.38436508178711,1.2542675733566284,0.1855330914258957,79.30778503417969,23.40523338317871,17.543319702148438,26.518129348754883,1.1330000162124634
17,Bruce Willis,11,up_blocks.2.attentions.2.transformer_blocks.0.attn2.to_v.weight,0.07240448892116547,85.847900390625,28.377559661865234,25.014074325561523,36.4444580078125,1.2842702865600586,0.2018386721611023,78.35549926757812,22.57411003112793,22.54046630859375,28.500167846679688,1.262515664100647
18,Bryan Cranston,11,up_blocks.2.attentions.2.transformer_blocks.0.attn2.to_v.weight,0.007258323486894369,89.5841293334961,28.275938034057617,22.837833404541016,36.21768569946289,1.2808659076690674,0.1768256276845932,79.8150863647461,24.14432144165039,18.538482666015625,27.718761444091797,1.1480447053909302
19,Cameron Diaz,11,up_blocks.2.attentions.2.transformer_blocks.0.attn2.to_v.weight,0.08736877143383026,84.98775482177734,27.852161407470703,24.518964767456055,35.462562561035156,1.273242712020874,0.2620770037174225,74.8066635131836,23.830270767211914,20.025737762451172,26.809995651245117,1.1250394582748413
20,Channing Tatum,11,up_blocks.2.attentions.2.transformer_blocks.0.attn2.to_v.weight,-0.1313060224056244,97.5450668334961,28.636220932006836,21.567686080932617,38.04460525512695,1.3285484313964844,0.16276410222053528,80.63262939453125,23.063140869140625,17.85401153564453,26.769977569580078,1.1607255935668945
21,Charlie Sheen,11,up_blocks.2.attentions.2.transformer_blocks.0.attn2.to_v.weight,-0.10003101825714111,95.74095153808594,27.521488189697266,22.10247039794922,36.98172378540039,1.3437399864196777,0.13779059052467346,82.0799789428711,21.245363235473633,20.829545974731445,27.627561569213867,1.3004043102264404
22,Charlize Theron,11,up_blocks.2.attentions.2.transformer_blocks.0.attn2.to_v.weight,0.08085896819829941,85.362060546875,27.582630157470703,23.196714401245117,34.57481384277344,1.2534995079040527,0.2586621940135956,75.0093002319336,23.88585662841797,18.326114654541016,26.075464248657227,1.0916696786880493
23,Chris Evans,11,up_blocks.2.attentions.2.transformer_blocks.0.attn2.to_v.weight,-0.002215444343164563,90.12693786621094,28.30531120300293,25.0194091796875,37.81930160522461,1.336120367050171,0.1888752430677414,79.11285400390625,23.008947372436523,19.823049545288086,27.387407302856445,1.190293788909912
24,Chris Hemsworth,11,up_blocks.2.attentions.2.transformer_blocks.0.attn2.to_v.weight,0.05884624272584915,86.62641143798828,28.357040405273438,26.01243019104004,37.335693359375,1.3166286945343018,0.27751779556274414,73.88788604736328,24.20284080505371,21.423555374145508,27.512798309326172,1.1367590427398682
25,Chris Pine,11,up_blocks.2.attentions.2.transformer_blocks.0.attn2.to_v.weight,0.07136806100606918,85.90743255615234,28.11031723022461,22.761837005615234,34.884986877441406,1.2410029172897339,0.28167009353637695,73.64009857177734,23.289857864379883,20.745744705200195,26.46916961669922,1.1365106105804443
26,Chuck Norris,11,up_blocks.2.attentions.2.transformer_blocks.0.attn2.to_v.weight,0.020945081487298012,88.79985046386719,28.702478408813477,25.176746368408203,37.781341552734375,1.3163093328475952,0.21110683679580688,77.81278228759766,23.366567611694336,21.97393798828125,28.49671173095703,1.219550609588623
27,Courteney Cox,11,up_blocks.2.attentions.2.transformer_blocks.0.attn2.to_v.weight,-0.01857098378241062,91.06410217285156,27.826133728027344,21.821285247802734,35.6793327331543,1.2822238206863403,0.18231698870658875,79.49525451660156,24.567886352539062,17.978240966796875,27.672075271606445,1.1263514757156372
28,Demi Lovato,11,up_blocks.2.attentions.2.transformer_blocks.0.attn2.to_v.weight,0.10442433506250381,84.00599670410156,29.957365036010742,26.669212341308594,37.97147750854492,1.267517328262329,0.3581264019012451,69.01482391357422,24.78430938720703,21.12383460998535,26.18189811706543,1.0563900470733643
29,Drake,11,up_blocks.2.attentions.2.transformer_blocks.0.attn2.to_v.weight,-0.056602440774440765,93.24481201171875,28.78478240966797,21.782297134399414,37.06766128540039,1.2877520322799683,0.13827045261859894,82.0522232055664,23.952144622802734,18.986961364746094,28.43316650390625,1.187082290649414
30,Drew Barrymore,11,up_blocks.2.attentions.2.transformer_blocks.0.attn2.to_v.weight,0.04361112415790558,87.50047302246094,27.857925415039062,22.163766860961914,34.834503173828125,1.250434160232544,0.30447110533714294,72.27365112304688,24.027135848999023,18.85529327392578,25.631052017211914,1.0667543411254883
31,Dwayne Johnson,11,up_blocks.2.attentions.2.transformer_blocks.0.attn2.to_v.weight,0.005020421929657459,89.71234893798828,28.35898780822754,23.701393127441406,36.867862701416016,1.3000415563583374,0.19940544664859772,78.49781036376953,22.573959350585938,20.872081756591797,27.519474029541016,1.2190805673599243
32,Ed Sheeran,11,up_blocks.2.attentions.2.transformer_blocks.0.attn2.to_v.weight,-0.006464293226599693,90.37037658691406,28.863014221191406,23.25489044189453,37.18253707885742,1.2882416248321533,0.2081284373998642,77.9873046875,23.303747177124023,20.8547420501709,27.851152420043945,1.1951361894607544
33,Elon Musk,11,up_blocks.2.attentions.2.transformer_blocks.0.attn2.to_v.weight,0.00024448681506328285,89.98599243164062,28.447412490844727,21.172237396240234,35.457359313964844,1.246417760848999,0.1485474854707718,81.45723724365234,25.06847381591797,19.169179916381836,29.20820426940918,1.1651369333267212
34,Elvis Presley,11,up_blocks.2.attentions.2.transformer_blocks.0.attn2.to_v.weight,-0.004397465381771326,90.251953125,28.570804595947266,21.382352828979492,35.76127624511719,1.2516720294952393,0.19729751348495483,78.62103271484375,23.566608428955078,18.590713500976562,26.983692169189453,1.1449968814849854
35,Emma Stone,11,up_blocks.2.attentions.2.transformer_blocks.0.attn2.to_v.weight,0.006799794267863035,89.61039733886719,28.44441795349121,24.251026153564453,37.2534065246582,1.309691309928894,0.1442340761423111,81.70707702636719,23.464529037475586,20.744422912597656,28.99139404296875,1.2355412244796753
36,Frida Kahlo,11,up_blocks.2.attentions.2.transformer_blocks.0.attn2.to_v.weight,-0.10295963287353516,95.90962982177734,28.232040405273438,20.88153648376465,36.803287506103516,1.3035999536514282,0.1253250539302826,82.80046844482422,22.707286834716797,18.518924713134766,27.443933486938477,1.208595871925354
37,George Clooney,11,up_blocks.2.attentions.2.transformer_blocks.0.attn2.to_v.weight,0.04322296753525734,87.52273559570312,28.430068969726562,23.77617645263672,36.2648811340332,1.2755818367004395,0.22314335405826569,77.10627746582031,23.200965881347656,20.02303695678711,27.053333282470703,1.1660434007644653
38,Glenn Close,11,up_blocks.2.attentions.2.transformer_blocks.0.attn2.to_v.weight,-0.07054296135902405,94.04517364501953,28.256168365478516,22.791053771972656,37.53266143798828,1.3282997608184814,0.22543317079544067,76.97164916992188,23.517324447631836,19.6624755859375,27.040578842163086,1.149815320968628
39,Gwyneth Paltrow,11,up_blocks.2.attentions.2.transformer_blocks.0.attn2.to_v.weight,0.032099537551403046,88.16051483154297,28.311695098876953,21.49635887145996,34.99391555786133,1.2360233068466187,0.2067953199148178,78.06539154052734,24.298545837402344,17.78066062927246,26.979286193847656,1.1103250980377197
40,Harrison Ford,11,up_blocks.2.attentions.2.transformer_blocks.0.attn2.to_v.weight,-0.08215945959091187,94.71270751953125,28.273059844970703,22.160755157470703,37.32853317260742,1.3202862739562988,0.15622171759605408,81.01234436035156,23.69386863708496,20.069673538208008,28.558984756469727,1.2053322792053223
41,Hillary Clinton,11,up_blocks.2.attentions.2.transformer_blocks.0.attn2.to_v.weight,0.045741237699985504,87.37830352783203,28.375699996948242,21.881364822387695,35.031028747558594,1.2345432043075562,0.09979255497455597,84.27277374267578,28.95233154296875,18.25022315979004,32.64735794067383,1.12762451171875
42,Hugh Jackman,11,up_blocks.2.attentions.2.transformer_blocks.0.attn2.to_v.weight,-0.022440195083618164,91.28583526611328,28.79867935180664,23.777429580688477,37.75529861450195,1.3110079765319824,0.2739749550819397,74.09906005859375,23.32015609741211,19.5167293548584,25.987346649169922,1.114372730255127
43,Idris Elba,11,up_blocks.2.attentions.2.transformer_blocks.0.attn2.to_v.weight,-0.09779903292655945,95.61244201660156,28.461647033691406,22.57266616821289,38.0164909362793,1.3357094526290894,0.2338843196630478,76.47412872314453,23.72416877746582,18.01766014099121,26.220651626586914,1.1052294969558716
44,Jake Gyllenhaal,11,up_blocks.2.attentions.2.transformer_blocks.0.attn2.to_v.weight,0.09747246652841568,84.40635681152344,27.98990821838379,24.1937313079834,35.167579650878906,1.2564377784729004,0.30867698788642883,72.02047729492188,22.5598087310791,16.973302841186523,23.677928924560547,1.0495624542236328
45,James Franco,11,up_blocks.2.attentions.2.transformer_blocks.0.attn2.to_v.weight,0.016125056892633438,89.07606506347656,28.435392379760742,22.70845603942871,36.10292053222656,1.2696473598480225,0.31112140417099,71.87317657470703,21.637611389160156,19.250810623168945,24.07467269897461,1.112630844116211
46,Jared Leto,11,up_blocks.2.attentions.2.transformer_blocks.0.attn2.to_v.weight,-0.016146350651979446,90.92516326904297,28.47954559326172,22.53278923034668,36.599647521972656,1.2851204872131348,0.330622136592865,70.6934585571289,22.965662002563477,18.511085510253906,24.26879119873047,1.056742548942566
47,Jason Momoa,11,up_blocks.2.attentions.2.transformer_blocks.0.attn2.to_v.weight,0.060421571135520935,86.5359878540039,28.433530807495117,24.757246017456055,36.55572509765625,1.2856554985046387,0.24441580474376678,75.8526840209961,22.7385311126709,20.725452423095703,26.762195587158203,1.1769535541534424
48,Jennifer Aniston,11,up_blocks.2.attentions.2.transformer_blocks.0.attn2.to_v.weight,-0.03201936557888985,91.83488464355469,28.492599487304688,22.178468704223633,36.663063049316406,1.2867573499679565,0.2373432219028473,76.27021026611328,25.129175186157227,18.43373680114746,27.411521911621094,1.0908246040344238
49,Jennifer Lawrence,11,up_blocks.2.attentions.2.transformer_blocks.0.attn2.to_v.weight,0.0034928624518215656,89.79987335205078,29.097944259643555,23.82554817199707,37.54336166381836,1.290241003036499,0.28531572222709656,73.42227935791016,25.459482192993164,19.380502700805664,27.2438907623291,1.0700881481170654
0,Adam Driver,12,up_blocks.3.attentions.0.transformer_blocks.0.attn2.to_v.weight,0.005314919166266918,89.69548034667969,28.008241653442383,23.517545700073242,36.476497650146484,1.3023487329483032,0.810018002986908,35.90230941772461,9.996282577514648,8.582318305969238,5.881913185119629,0.5884100794792175
1,Adriana Lima,12,up_blocks.3.attentions.0.transformer_blocks.0.attn2.to_v.weight,-0.04475577175617218,92.56517791748047,27.914234161376953,23.334749221801758,37.17552947998047,1.3317768573760986,0.6800766587257385,47.150367736816406,9.087681770324707,9.191356658935547,7.311358451843262,0.8045350313186646
2,Amber Heard,12,up_blocks.3.attentions.0.transformer_blocks.0.attn2.to_v.weight,0.034660592675209045,88.0136947631836,27.69015884399414,22.839452743530273,35.278106689453125,1.2740304470062256,0.6930259466171265,46.1298828125,9.565768241882324,8.12983226776123,7.057440757751465,0.7377808690071106
3,Amy Adams,12,up_blocks.3.attentions.0.transformer_blocks.0.attn2.to_v.weight,-0.015378149226307869,90.88114166259766,27.93412971496582,23.132652282714844,36.54188537597656,1.3081448078155518,0.6790412664413452,47.231231689453125,9.43601131439209,9.76567268371582,7.698099613189697,0.8158213496208191
4,Andrew Garfield,12,up_blocks.3.attentions.0.transformer_blocks.0.attn2.to_v.weight,0.01132864598184824,89.35090637207031,27.900615692138672,24.250118255615234,36.7584342956543,1.3174775838851929,0.6691042184829712,48.00203323364258,10.771587371826172,8.953721046447754,8.193390846252441,0.7606484293937683
5,Angelina Jolie,12,up_blocks.3.attentions.0.transformer_blocks.0.attn2.to_v.weight,0.054802607744932175,86.85847473144531,28.37268829345703,23.560564041137695,35.8725700378418,1.2643345594406128,0.72430020570755,43.58933639526367,10.929218292236328,9.891895294189453,7.790266036987305,0.7127926349639893
6,Anjelica Huston,12,up_blocks.3.attentions.0.transformer_blocks.0.attn2.to_v.weight,0.048859938979148865,87.19941711425781,27.875823974609375,23.413700103759766,35.51736831665039,1.2741279602050781,0.6391869187355042,50.26878356933594,9.79815673828125,9.84229850769043,8.342239379882812,0.8514090776443481
7,Anna Faris,12,up_blocks.3.attentions.0.transformer_blocks.0.attn2.to_v.weight,0.040542617440223694,87.67644500732422,27.668066024780273,23.263093948364258,35.418968200683594,1.2801389694213867,0.7422987818717957,42.07239532470703,8.613962173461914,10.163212776184082,6.893573760986328,0.8002790808677673
8,Anna Kendrick,12,up_blocks.3.attentions.0.transformer_blocks.0.attn2.to_v.weight,0.04333458095788956,87.5163345336914,28.461196899414062,24.364511489868164,36.654727935791016,1.28788423538208,0.7573158740997314,40.7718620300293,9.559256553649902,10.24892807006836,6.930240631103516,0.7249769568443298
9,Anne Hathaway,12,up_blocks.3.attentions.0.transformer_blocks.0.attn2.to_v.weight,0.02429751493036747,88.60771942138672,28.212099075317383,24.090578079223633,36.650390625,1.2991018295288086,0.7328566908836365,42.87358474731445,9.420472145080566,10.261815071105957,7.23588228225708,0.7681018710136414
10,Arnold Schwarzenegger,12,up_blocks.3.attentions.0.transformer_blocks.0.attn2.to_v.weight,0.08346748352050781,85.21209716796875,28.820634841918945,25.205060958862305,36.66958236694336,1.272337794303894,0.6753972768783569,47.514991760253906,10.743977546691895,9.601503372192383,8.262941360473633,0.7690765857696533
11,Barack Obama,12,up_blocks.3.attentions.0.transformer_blocks.0.attn2.to_v.weight,-0.0002225170173915103,90.01274871826172,28.38604164123535,23.672502517700195,36.965572357177734,1.3022446632385254,0.6386314630508423,50.31015396118164,11.514455795288086,8.545161247253418,8.940296173095703,0.7764410376548767
12,Beth Behrs,12,up_blocks.3.attentions.0.transformer_blocks.0.attn2.to_v.weight,0.030796948820352554,88.23518371582031,27.48546600341797,24.830148696899414,36.46849822998047,1.3268284797668457,0.5736510157585144,54.99478530883789,10.518942832946777,9.271907806396484,9.20430850982666,0.8750221729278564
13,Bill Clinton,12,up_blocks.3.attentions.0.transformer_blocks.0.attn2.to_v.weight,0.08962774276733398,84.85780334472656,29.023052215576172,25.12827491760254,36.64746856689453,1.2627021074295044,0.7731104493141174,39.365970611572266,10.405257225036621,9.943487167358398,6.8675537109375,0.6600080728530884
14,Bob Dylan,12,up_blocks.3.attentions.0.transformer_blocks.0.attn2.to_v.weight,0.01362526323646307,89.21930694580078,29.00482177734375,22.8367977142334,36.67081832885742,1.26430082321167,0.7786397337913513,38.863800048828125,10.295884132385254,9.756563186645508,6.690532207489014,0.649825930595398
15,Bob Marley,12,up_blocks.3.attentions.0.transformer_blocks.0.attn2.to_v.weight,0.006284983828663826,89.639892578125,29.121788024902344,23.684326171875,37.421329498291016,1.2849942445755005,0.625025749206543,51.315921783447266,10.404022216796875,9.953937530517578,8.824283599853516,0.8481608033180237
16,Bradley Cooper,12,up_blocks.3.attentions.0.transformer_blocks.0.attn2.to_v.weight,0.024942990392446518,88.57072448730469,28.211177825927734,22.07369041442871,35.38436508178711,1.2542675733566284,0.6436226963996887,49.9375114440918,10.734956741333008,8.104982376098633,8.302477836608887,0.7734057903289795
17,Bruce Willis,12,up_blocks.3.attentions.0.transformer_blocks.0.attn2.to_v.weight,0.07240448892116547,85.847900390625,28.377559661865234,25.014074325561523,36.4444580078125,1.2842702865600586,0.6073312163352966,52.60321807861328,10.897799491882324,9.915316581726074,9.264180183410645,0.8500964045524597
18,Bryan Cranston,12,up_blocks.3.attentions.0.transformer_blocks.0.attn2.to_v.weight,0.007258323486894369,89.5841293334961,28.275938034057617,22.837833404541016,36.21768569946289,1.2808659076690674,0.6514207124710083,49.3511962890625,10.475054740905762,8.721895217895508,8.171143531799316,0.7800573706626892
19,Cameron Diaz,12,up_blocks.3.attentions.0.transformer_blocks.0.attn2.to_v.weight,0.08736877143383026,84.98775482177734,27.852161407470703,24.518964767456055,35.462562561035156,1.273242712020874,0.7667682766914368,39.9354362487793,10.397346496582031,9.258267402648926,6.797053813934326,0.6537296772003174
20,Channing Tatum,12,up_blocks.3.attentions.0.transformer_blocks.0.attn2.to_v.weight,-0.1313060224056244,97.5450668334961,28.636220932006836,21.567686080932617,38.04460525512695,1.3285484313964844,0.6746222972869873,47.57517623901367,9.927336692810059,8.901863098144531,7.652451515197754,0.7708463668823242
21,Charlie Sheen,12,up_blocks.3.attentions.0.transformer_blocks.0.attn2.to_v.weight,-0.10003101825714111,95.74095153808594,27.521488189697266,22.10247039794922,36.98172378540039,1.3437399864196777,0.6993659734725952,45.623844146728516,9.790448188781738,8.725443840026855,7.245563507080078,0.7400645613670349
22,Charlize Theron,12,up_blocks.3.attentions.0.transformer_blocks.0.attn2.to_v.weight,0.08085896819829941,85.362060546875,27.582630157470703,23.196714401245117,34.57481384277344,1.2534995079040527,0.585345447063446,54.17259979248047,9.215950012207031,8.748287200927734,8.190282821655273,0.8887073993682861
23,Chris Evans,12,up_blocks.3.attentions.0.transformer_blocks.0.attn2.to_v.weight,-0.002215444343164563,90.12693786621094,28.30531120300293,25.0194091796875,37.81930160522461,1.336120367050171,0.6114288568496704,52.30710983276367,10.158344268798828,10.067090034484863,8.91530990600586,0.8776341676712036
24,Chris Hemsworth,12,up_blocks.3.attentions.0.transformer_blocks.0.attn2.to_v.weight,0.05884624272584915,86.62641143798828,28.357040405273438,26.01243019104004,37.335693359375,1.3166286945343018,0.6496129035949707,49.48757553100586,11.065835952758789,9.744175910949707,8.792581558227539,0.7945700287818909
25,Chris Pine,12,up_blocks.3.attentions.0.transformer_blocks.0.attn2.to_v.weight,0.07136806100606918,85.90743255615234,28.11031723022461,22.761837005615234,34.884986877441406,1.2410029172897339,0.7188532948493958,44.04011535644531,10.189360618591309,9.711355209350586,7.474547386169434,0.7335638999938965
26,Chuck Norris,12,up_blocks.3.attentions.0.transformer_blocks.0.attn2.to_v.weight,0.020945081487298012,88.79985046386719,28.702478408813477,25.176746368408203,37.781341552734375,1.3163093328475952,0.5912219285964966,53.75623321533203,10.718149185180664,9.736873626708984,9.288923263549805,0.8666536808013916
27,Courteney Cox,12,up_blocks.3.attentions.0.transformer_blocks.0.attn2.to_v.weight,-0.01857098378241062,91.06410217285156,27.826133728027344,21.821285247802734,35.6793327331543,1.2822238206863403,0.7377398014068604,42.46076583862305,9.469637870788574,9.57541275024414,6.897277355194092,0.7283570170402527
28,Demi Lovato,12,up_blocks.3.attentions.0.transformer_blocks.0.attn2.to_v.weight,0.10442433506250381,84.00599670410156,29.957365036010742,26.669212341308594,37.97147750854492,1.267517328262329,0.7231554985046387,43.68437576293945,10.50949764251709,9.8932523727417,7.612393856048584,0.724334716796875
29,Drake,12,up_blocks.3.attentions.0.transformer_blocks.0.attn2.to_v.weight,-0.056602440774440765,93.24481201171875,28.78478240966797,21.782297134399414,37.06766128540039,1.2877520322799683,0.6201111078262329,51.675750732421875,11.69955825805664,8.702473640441895,9.291899681091309,0.7942094206809998
30,Drew Barrymore,12,up_blocks.3.attentions.0.transformer_blocks.0.attn2.to_v.weight,0.04361112415790558,87.50047302246094,27.857925415039062,22.163766860961914,34.834503173828125,1.250434160232544,0.7872212529182434,38.07341384887695,10.058960914611816,9.43651294708252,6.386078357696533,0.6348646283149719
31,Dwayne Johnson,12,up_blocks.3.attentions.0.transformer_blocks.0.attn2.to_v.weight,0.005020421929657459,89.71234893798828,28.35898780822754,23.701393127441406,36.867862701416016,1.3000415563583374,0.6770926117897034,47.38313674926758,10.56007194519043,8.962925910949707,7.979767799377441,0.7556546926498413
32,Ed Sheeran,12,up_blocks.3.attentions.0.transformer_blocks.0.attn2.to_v.weight,-0.006464293226599693,90.37037658691406,28.863014221191406,23.25489044189453,37.18253707885742,1.2882416248321533,0.7548351287841797,40.98903274536133,9.366345405578613,9.529443740844727,6.617515563964844,0.7065205574035645
33,Elon Musk,12,up_blocks.3.attentions.0.transformer_blocks.0.attn2.to_v.weight,0.00024448681506328285,89.98599243164062,28.447412490844727,21.172237396240234,35.457359313964844,1.246417760848999,0.695643424987793,45.92148971557617,10.388901710510254,9.703828811645508,7.863521099090576,0.7569155097007751
34,Elvis Presley,12,up_blocks.3.attentions.0.transformer_blocks.0.attn2.to_v.weight,-0.004397465381771326,90.251953125,28.570804595947266,21.382352828979492,35.76127624511719,1.2516720294952393,0.738429605960846,42.40218734741211,9.337197303771973,8.073490142822266,6.405720233917236,0.6860431432723999
35,Emma Stone,12,up_blocks.3.attentions.0.transformer_blocks.0.attn2.to_v.weight,0.006799794267863035,89.61039733886719,28.44441795349121,24.251026153564453,37.2534065246582,1.309691309928894,0.7404149174690247,42.23323059082031,10.074512481689453,9.731731414794922,7.142702102661133,0.7089873552322388
36,Frida Kahlo,12,up_blocks.3.attentions.0.transformer_blocks.0.attn2.to_v.weight,-0.10295963287353516,95.90962982177734,28.232040405273438,20.88153648376465,36.803287506103516,1.3035999536514282,0.6906735897064209,46.31654739379883,9.959476470947266,9.539929389953613,7.678272724151611,0.7709514498710632
37,George Clooney,12,up_blocks.3.attentions.0.transformer_blocks.0.attn2.to_v.weight,0.04322296753525734,87.52273559570312,28.430068969726562,23.77617645263672,36.2648811340332,1.2755818367004395,0.7570815086364746,40.79241943359375,10.491397857666016,9.126707077026367,6.955730438232422,0.6629936695098877
38,Glenn Close,12,up_blocks.3.attentions.0.transformer_blocks.0.attn2.to_v.weight,-0.07054296135902405,94.04517364501953,28.256168365478516,22.791053771972656,37.53266143798828,1.3282997608184814,0.660498857498169,48.662071228027344,10.516138076782227,9.492552757263184,8.296331405639648,0.7889142632484436
39,Gwyneth Paltrow,12,up_blocks.3.attentions.0.transformer_blocks.0.attn2.to_v.weight,0.032099537551403046,88.16051483154297,28.311695098876953,21.49635887145996,34.99391555786133,1.2360233068466187,0.5892198085784912,53.898338317871094,9.49356746673584,9.001928329467773,8.39360523223877,0.8841360211372375
40,Harrison Ford,12,up_blocks.3.attentions.0.transformer_blocks.0.attn2.to_v.weight,-0.08215945959091187,94.71270751953125,28.273059844970703,22.160755157470703,37.32853317260742,1.3202862739562988,0.6472450494766235,49.66579055786133,9.755579948425293,9.571112632751465,8.118417739868164,0.832181990146637
41,Hillary Clinton,12,up_blocks.3.attentions.0.transformer_blocks.0.attn2.to_v.weight,0.045741237699985504,87.37830352783203,28.375699996948242,21.881364822387695,35.031028747558594,1.2345432043075562,0.6911776065826416,46.2765998840332,9.641572952270508,8.38776969909668,7.177865505218506,0.7444703578948975
42,Hugh Jackman,12,up_blocks.3.attentions.0.transformer_blocks.0.attn2.to_v.weight,-0.022440195083618164,91.28583526611328,28.79867935180664,23.777429580688477,37.75529861450195,1.3110079765319824,0.6917939782142639,46.22771453857422,10.142637252807617,9.413398742675781,7.706150531768799,0.7597777843475342
43,Idris Elba,12,up_blocks.3.attentions.0.transformer_blocks.0.attn2.to_v.weight,-0.09779903292655945,95.61244201660156,28.461647033691406,22.57266616821289,38.0164909362793,1.3357094526290894,0.697988748550415,45.73413848876953,10.02739429473877,9.51091194152832,7.6073760986328125,0.758659303188324
44,Jake Gyllenhaal,12,up_blocks.3.attentions.0.transformer_blocks.0.attn2.to_v.weight,0.09747246652841568,84.40635681152344,27.98990821838379,24.1937313079834,35.167579650878906,1.2564377784729004,0.726279616355896,43.424598693847656,9.629351615905762,7.5574564933776855,6.643181800842285,0.6898887753486633
45,James Franco,12,up_blocks.3.attentions.0.transformer_blocks.0.attn2.to_v.weight,0.016125056892633438,89.07606506347656,28.435392379760742,22.70845603942871,36.10292053222656,1.2696473598480225,0.6796125769615173,47.18662643432617,10.728095054626465,8.652922630310059,7.986806869506836,0.744475781917572
46,Jared Leto,12,up_blocks.3.attentions.0.transformer_blocks.0.attn2.to_v.weight,-0.016146350651979446,90.92516326904297,28.47954559326172,22.53278923034668,36.599647521972656,1.2851204872131348,0.7998344898223877,36.88570022583008,10.711872100830078,10.140989303588867,6.619173049926758,0.617928683757782
47,Jason Momoa,12,up_blocks.3.attentions.0.transformer_blocks.0.attn2.to_v.weight,0.060421571135520935,86.5359878540039,28.433530807495117,24.757246017456055,36.55572509765625,1.2856554985046387,0.7734847664833069,39.3321418762207,10.030263900756836,8.717551231384277,6.429299354553223,0.6409900784492493
48,Jennifer Aniston,12,up_blocks.3.attentions.0.transformer_blocks.0.attn2.to_v.weight,-0.03201936557888985,91.83488464355469,28.492599487304688,22.178468704223633,36.663063049316406,1.2867573499679565,0.7251814603805542,43.516056060791016,10.49413013458252,9.610784530639648,7.4976606369018555,0.7144623398780823
49,Jennifer Lawrence,12,up_blocks.3.attentions.0.transformer_blocks.0.attn2.to_v.weight,0.0034928624518215656,89.79987335205078,29.097944259643555,23.82554817199707,37.54336166381836,1.290241003036499,0.7126528024673462,44.548831939697266,10.386911392211914,9.298848152160645,7.529375076293945,0.7248906493186951
0,Adam Driver,13,up_blocks.3.attentions.1.transformer_blocks.0.attn2.to_v.weight,0.005314919166266918,89.69548034667969,28.008241653442383,23.517545700073242,36.476497650146484,1.3023487329483032,0.7436283826828003,41.958580017089844,12.870885848999023,10.835891723632812,8.69782829284668,0.675775408744812
1,Adriana Lima,13,up_blocks.3.attentions.1.transformer_blocks.0.attn2.to_v.weight,-0.04475577175617218,92.56517791748047,27.914234161376953,23.334749221801758,37.17552947998047,1.3317768573760986,0.5476232171058655,56.79589080810547,11.797122955322266,12.191765785217285,11.414219856262207,0.9675426483154297
2,Amber Heard,13,up_blocks.3.attentions.1.transformer_blocks.0.attn2.to_v.weight,0.034660592675209045,88.0136947631836,27.69015884399414,22.839452743530273,35.278106689453125,1.2740304470062256,0.6087491512298584,52.50088882446289,12.497650146484375,10.388775825500488,10.297750473022461,0.8239749073982239
3,Amy Adams,13,up_blocks.3.attentions.1.transformer_blocks.0.attn2.to_v.weight,-0.015378149226307869,90.88114166259766,27.93412971496582,23.132652282714844,36.54188537597656,1.3081448078155518,0.668379545211792,48.05788040161133,11.504823684692383,12.594807624816895,9.863687515258789,0.8573523163795471
4,Andrew Garfield,13,up_blocks.3.attentions.1.transformer_blocks.0.attn2.to_v.weight,0.01132864598184824,89.35090637207031,27.900615692138672,24.250118255615234,36.7584342956543,1.3174775838851929,0.616590142250061,51.93244552612305,14.009444236755371,11.324299812316895,11.351816177368164,0.8102973699569702
5,Angelina Jolie,13,up_blocks.3.attentions.1.transformer_blocks.0.attn2.to_v.weight,0.054802607744932175,86.85847473144531,28.37268829345703,23.560564041137695,35.8725700378418,1.2643345594406128,0.7121902704238892,44.58659744262695,13.379889488220215,12.681028366088867,9.907280921936035,0.7404605746269226
6,Anjelica Huston,13,up_blocks.3.attentions.1.transformer_blocks.0.attn2.to_v.weight,0.048859938979148865,87.19941711425781,27.875823974609375,23.413700103759766,35.51736831665039,1.2741279602050781,0.6416811943054199,50.08270263671875,12.34876823425293,12.141295433044434,10.367667198181152,0.839570939540863
7,Anna Faris,13,up_blocks.3.attentions.1.transformer_blocks.0.attn2.to_v.weight,0.040542617440223694,87.67644500732422,27.668066024780273,23.263093948364258,35.418968200683594,1.2801389694213867,0.7095920443534851,44.79826736450195,10.71129322052002,13.181356430053711,9.386490821838379,0.8763172030448914
8,Anna Kendrick,13,up_blocks.3.attentions.1.transformer_blocks.0.attn2.to_v.weight,0.04333458095788956,87.5163345336914,28.461196899414062,24.364511489868164,36.654727935791016,1.28788423538208,0.7180196046829224,44.10878372192383,12.868103981018066,13.371105194091797,9.863494873046875,0.7665072679519653
9,Anne Hathaway,13,up_blocks.3.attentions.1.transformer_blocks.0.attn2.to_v.weight,0.02429751493036747,88.60771942138672,28.212099075317383,24.090578079223633,36.650390625,1.2991018295288086,0.7031974792480469,45.315895080566406,13.020650863647461,12.815132141113281,9.954496383666992,0.7645160555839539
10,Arnold Schwarzenegger,13,up_blocks.3.attentions.1.transformer_blocks.0.attn2.to_v.weight,0.08346748352050781,85.21209716796875,28.820634841918945,25.205060958862305,36.66958236694336,1.272337794303894,0.6908964514732361,46.29888916015625,13.688300132751465,12.048819541931152,10.229734420776367,0.7473341822624207
11,Barack Obama,13,up_blocks.3.attentions.1.transformer_blocks.0.attn2.to_v.weight,-0.0002225170173915103,90.01274871826172,28.38604164123535,23.672502517700195,36.965572357177734,1.3022446632385254,0.6847317814826965,46.785484313964844,15.633071899414062,10.383089065551758,11.397834777832031,0.7290847897529602
12,Beth Behrs,13,up_blocks.3.attentions.1.transformer_blocks.0.attn2.to_v.weight,0.030796948820352554,88.23518371582031,27.48546600341797,24.830148696899414,36.46849822998047,1.3268284797668457,0.5827684998512268,54.35449981689453,13.24199104309082,11.34499740600586,11.356066703796387,0.8575800061225891
13,Bill Clinton,13,up_blocks.3.attentions.1.transformer_blocks.0.attn2.to_v.weight,0.08962774276733398,84.85780334472656,29.023052215576172,25.12827491760254,36.64746856689453,1.2627021074295044,0.7224059700965881,43.746517181396484,13.569366455078125,12.121976852416992,9.665218353271484,0.7122822403907776
14,Bob Dylan,13,up_blocks.3.attentions.1.transformer_blocks.0.attn2.to_v.weight,0.01362526323646307,89.21930694580078,29.00482177734375,22.8367977142334,36.67081832885742,1.26430082321167,0.7363083958625793,42.58211135864258,13.61075496673584,12.15647029876709,9.453839302062988,0.6945859789848328
15,Bob Marley,13,up_blocks.3.attentions.1.transformer_blocks.0.attn2.to_v.weight,0.006284983828663826,89.639892578125,29.121788024902344,23.684326171875,37.421329498291016,1.2849942445755005,0.6598285436630249,48.71320343017578,13.26843547821045,12.59644889831543,10.68460464477539,0.8052648305892944
16,Bradley Cooper,13,up_blocks.3.attentions.1.transformer_blocks.0.attn2.to_v.weight,0.024942990392446518,88.57072448730469,28.211177825927734,22.07369041442871,35.38436508178711,1.2542675733566284,0.6250839233398438,51.31165313720703,14.509037017822266,9.771735191345215,11.346898078918457,0.7820572853088379
17,Bruce Willis,13,up_blocks.3.attentions.1.transformer_blocks.0.attn2.to_v.weight,0.07240448892116547,85.847900390625,28.377559661865234,25.014074325561523,36.4444580078125,1.2842702865600586,0.6642342805862427,48.37639236450195,13.642425537109375,12.485754013061523,10.757501602172852,0.7885329127311707
18,Bryan Cranston,13,up_blocks.3.attentions.1.transformer_blocks.0.attn2.to_v.weight,0.007258323486894369,89.5841293334961,28.275938034057617,22.837833404541016,36.21768569946289,1.2808659076690674,0.6799335479736328,47.16155242919922,14.21844482421875,10.554049491882324,10.463631629943848,0.7359195351600647
19,Cameron Diaz,13,up_blocks.3.attentions.1.transformer_blocks.0.attn2.to_v.weight,0.08736877143383026,84.98775482177734,27.852161407470703,24.518964767456055,35.462562561035156,1.273242712020874,0.7476691603660583,41.61112594604492,12.97095012664795,11.853593826293945,8.87926959991455,0.6845504641532898
20,Channing Tatum,13,up_blocks.3.attentions.1.transformer_blocks.0.attn2.to_v.weight,-0.1313060224056244,97.5450668334961,28.636220932006836,21.567686080932617,38.04460525512695,1.3285484313964844,0.6336740851402283,50.678287506103516,12.861289024353027,11.336810111999512,10.447443008422852,0.8123169541358948
21,Charlie Sheen,13,up_blocks.3.attentions.1.transformer_blocks.0.attn2.to_v.weight,-0.10003101825714111,95.74095153808594,27.521488189697266,22.10247039794922,36.98172378540039,1.3437399864196777,0.6220282912254333,51.53559875488281,12.117531776428223,12.067493438720703,10.513932228088379,0.8676628470420837
22,Charlize Theron,13,up_blocks.3.attentions.1.transformer_blocks.0.attn2.to_v.weight,0.08085896819829941,85.362060546875,27.582630157470703,23.196714401245117,34.57481384277344,1.2534995079040527,0.587601363658905,54.013023376464844,11.691987037658691,11.040563583374023,10.338966369628906,0.8842779397964478
23,Chris Evans,13,up_blocks.3.attentions.1.transformer_blocks.0.attn2.to_v.weight,-0.002215444343164563,90.12693786621094,28.30531120300293,25.0194091796875,37.81930160522461,1.336120367050171,0.5599047541618347,55.95079040527344,13.228204727172852,12.669254302978516,12.158324241638184,0.919121265411377
24,Chris Hemsworth,13,up_blocks.3.attentions.1.transformer_blocks.0.attn2.to_v.weight,0.05884624272584915,86.62641143798828,28.357040405273438,26.01243019104004,37.335693359375,1.3166286945343018,0.6456685066223145,49.784183502197266,15.058222770690918,12.613280296325684,11.856502532958984,0.7873772978782654
25,Chris Pine,13,up_blocks.3.attentions.1.transformer_blocks.0.attn2.to_v.weight,0.07136806100606918,85.90743255615234,28.11031723022461,22.761837005615234,34.884986877441406,1.2410029172897339,0.7274354696273804,43.32817459106445,13.095189094543457,11.748645782470703,9.256441116333008,0.7068581581115723
26,Chuck Norris,13,up_blocks.3.attentions.1.transformer_blocks.0.attn2.to_v.weight,0.020945081487298012,88.79985046386719,28.702478408813477,25.176746368408203,37.781341552734375,1.3163093328475952,0.6540096998214722,49.1553955078125,13.289562225341797,12.235553741455078,10.659760475158691,0.802115261554718
27,Courteney Cox,13,up_blocks.3.attentions.1.transformer_blocks.0.attn2.to_v.weight,-0.01857098378241062,91.06410217285156,27.826133728027344,21.821285247802734,35.6793327331543,1.2822238206863403,0.6859404444694519,46.69038772583008,11.631529808044434,12.40069580078125,9.549395561218262,0.8209922313690186
28,Demi Lovato,13,up_blocks.3.attentions.1.transformer_blocks.0.attn2.to_v.weight,0.10442433506250381,84.00599670410156,29.957365036010742,26.669212341308594,37.97147750854492,1.267517328262329,0.7674404382705688,39.87540817260742,13.600406646728516,12.450608253479004,8.948866844177246,0.657985270023346
29,Drake,13,up_blocks.3.attentions.1.transformer_blocks.0.attn2.to_v.weight,-0.056602440774440765,93.24481201171875,28.78478240966797,21.782297134399414,37.06766128540039,1.2877520322799683,0.6527689099311829,49.24930953979492,15.0133056640625,10.327022552490234,11.385632514953613,0.7583694458007812
30,Drew Barrymore,13,up_blocks.3.attentions.1.transformer_blocks.0.attn2.to_v.weight,0.04361112415790558,87.50047302246094,27.857925415039062,22.163766860961914,34.834503173828125,1.250434160232544,0.7500993013381958,41.40102005004883,12.627147674560547,11.736973762512207,8.652467727661133,0.6852273941040039
31,Dwayne Johnson,13,up_blocks.3.attentions.1.transformer_blocks.0.attn2.to_v.weight,0.005020421929657459,89.71234893798828,28.35898780822754,23.701393127441406,36.867862701416016,1.3000415563583374,0.7229969501495361,43.69752883911133,13.499261856079102,10.988913536071777,9.406610488891602,0.6968240737915039
32,Ed Sheeran,13,up_blocks.3.attentions.1.transformer_blocks.0.attn2.to_v.weight,-0.006464293226599693,90.37037658691406,28.863014221191406,23.25489044189453,37.18253707885742,1.2882416248321533,0.7517904043197632,41.254295349121094,12.804707527160645,11.899052619934082,8.743945121765137,0.682869553565979
33,Elon Musk,13,up_blocks.3.attentions.1.transformer_blocks.0.attn2.to_v.weight,0.00024448681506328285,89.98599243164062,28.447412490844727,21.172237396240234,35.457359313964844,1.246417760848999,0.669821560382843,47.94670486450195,13.882193565368652,11.875933647155762,10.625164031982422,0.7653807997703552
34,Elvis Presley,13,up_blocks.3.attentions.1.transformer_blocks.0.attn2.to_v.weight,-0.004397465381771326,90.251953125,28.570804595947266,21.382352828979492,35.76127624511719,1.2516720294952393,0.685854434967041,46.69715881347656,12.314050674438477,10.649127006530762,9.228338241577148,0.7494153380393982
35,Emma Stone,13,up_blocks.3.attentions.1.transformer_blocks.0.attn2.to_v.weight,0.006799794267863035,89.61039733886719,28.44441795349121,24.251026153564453,37.2534065246582,1.309691309928894,0.6520265936851501,49.30542755126953,13.686897277832031,12.147944450378418,10.866546630859375,0.7939379215240479
36,Frida Kahlo,13,up_blocks.3.attentions.1.transformer_blocks.0.attn2.to_v.weight,-0.10295963287353516,95.90962982177734,28.232040405273438,20.88153648376465,36.803287506103516,1.3035999536514282,0.6307446360588074,50.894920349121094,12.606742858886719,12.309683799743652,10.709528923034668,0.8495079874992371
37,George Clooney,13,up_blocks.3.attentions.1.transformer_blocks.0.attn2.to_v.weight,0.04322296753525734,87.52273559570312,28.430068969726562,23.77617645263672,36.2648811340332,1.2755818367004395,0.7475634217262268,41.6202507019043,13.314445495605469,11.471851348876953,8.972744941711426,0.6739104986190796
38,Glenn Close,13,up_blocks.3.attentions.1.transformer_blocks.0.attn2.to_v.weight,-0.07054296135902405,94.04517364501953,28.256168365478516,22.791053771972656,37.53266143798828,1.3282997608184814,0.6548858284950256,49.08900833129883,13.283796310424805,12.436470985412598,10.71196174621582,0.8063930869102478
39,Gwyneth Paltrow,13,up_blocks.3.attentions.1.transformer_blocks.0.attn2.to_v.weight,0.032099537551403046,88.16051483154297,28.311695098876953,21.49635887145996,34.99391555786133,1.2360233068466187,0.5731419324874878,55.03038787841797,13.07137393951416,11.087782859802246,11.298933029174805,0.8644028902053833
40,Harrison Ford,13,up_blocks.3.attentions.1.transformer_blocks.0.attn2.to_v.weight,-0.08215945959091187,94.71270751953125,28.273059844970703,22.160755157470703,37.32853317260742,1.3202862739562988,0.6669899225234985,48.164833068847656,12.073070526123047,12.01536750793457,9.82943344116211,0.8141618371009827
41,Hillary Clinton,13,up_blocks.3.attentions.1.transformer_blocks.0.attn2.to_v.weight,0.045741237699985504,87.37830352783203,28.375699996948242,21.881364822387695,35.031028747558594,1.2345432043075562,0.6554181575775146,49.04863739013672,13.49599838256836,10.301650047302246,10.296553611755371,0.7629338502883911
42,Hugh Jackman,13,up_blocks.3.attentions.1.transformer_blocks.0.attn2.to_v.weight,-0.022440195083618164,91.28583526611328,28.79867935180664,23.777429580688477,37.75529861450195,1.3110079765319824,0.6437550783157349,49.9276008605957,13.273292541503906,11.470907211303711,10.570239067077637,0.7963539361953735
43,Idris Elba,13,up_blocks.3.attentions.1.transformer_blocks.0.attn2.to_v.weight,-0.09779903292655945,95.61244201660156,28.461647033691406,22.57266616821289,38.0164909362793,1.3357094526290894,0.6669968962669373,48.1642951965332,13.157832145690918,11.992074012756348,10.317359924316406,0.7841230630874634
44,Jake Gyllenhaal,13,up_blocks.3.attentions.1.transformer_blocks.0.attn2.to_v.weight,0.09747246652841568,84.40635681152344,27.98990821838379,24.1937313079834,35.167579650878906,1.2564377784729004,0.6997281908988953,45.59479904174805,12.680481910705566,9.328930854797363,9.070526123046875,0.7153139710426331
45,James Franco,13,up_blocks.3.attentions.1.transformer_blocks.0.attn2.to_v.weight,0.016125056892633438,89.07606506347656,28.435392379760742,22.70845603942871,36.10292053222656,1.2696473598480225,0.7167276740074158,44.215030670166016,13.479793548583984,11.094499588012695,9.50879955291748,0.7054113745689392
46,Jared Leto,13,up_blocks.3.attentions.1.transformer_blocks.0.attn2.to_v.weight,-0.016146350651979446,90.92516326904297,28.47954559326172,22.53278923034668,36.599647521972656,1.2851204872131348,0.7942174673080444,37.41859436035156,13.250574111938477,12.788300514221191,8.363870620727539,0.6312081813812256
47,Jason Momoa,13,up_blocks.3.attentions.1.transformer_blocks.0.attn2.to_v.weight,0.060421571135520935,86.5359878540039,28.433530807495117,24.757246017456055,36.55572509765625,1.2856554985046387,0.7520243525505066,41.23396301269531,13.311047554016113,10.828398704528809,8.811845779418945,0.6619949340820312
48,Jennifer Aniston,13,up_blocks.3.attentions.1.transformer_blocks.0.attn2.to_v.weight,-0.03201936557888985,91.83488464355469,28.492599487304688,22.178468704223633,36.663063049316406,1.2867573499679565,0.7261068224906921,43.43899917602539,13.061765670776367,12.407759666442871,9.444890022277832,0.7230944037437439
49,Jennifer Lawrence,13,up_blocks.3.attentions.1.transformer_blocks.0.attn2.to_v.weight,0.0034928624518215656,89.79987335205078,29.097944259643555,23.82554817199707,37.54336166381836,1.290241003036499,0.7041239142417908,45.241188049316406,13.622182846069336,11.484769821166992,9.856306076049805,0.7235482335090637
0,Adam Driver,14,up_blocks.3.attentions.2.transformer_blocks.0.attn2.to_v.weight,0.005314919166266918,89.69548034667969,28.008241653442383,23.517545700073242,36.476497650146484,1.3023487329483032,0.7856945395469666,38.21503829956055,13.396920204162598,11.653727531433105,8.363921165466309,0.6243166923522949
1,Adriana Lima,14,up_blocks.3.attentions.2.transformer_blocks.0.attn2.to_v.weight,-0.04475577175617218,92.56517791748047,27.914234161376953,23.334749221801758,37.17552947998047,1.3317768573760986,0.7210416793823242,43.85944747924805,12.060049057006836,12.495094299316406,9.179464340209961,0.7611465454101562
2,Amber Heard,14,up_blocks.3.attentions.2.transformer_blocks.0.attn2.to_v.weight,0.034660592675209045,88.0136947631836,27.69015884399414,22.839452743530273,35.278106689453125,1.2740304470062256,0.7138912081718445,44.44759750366211,12.22244930267334,10.903153419494629,8.831539154052734,0.7225670218467712
3,Amy Adams,14,up_blocks.3.attentions.2.transformer_blocks.0.attn2.to_v.weight,-0.015378149226307869,90.88114166259766,27.93412971496582,23.132652282714844,36.54188537597656,1.3081448078155518,0.7298616766929626,43.12519836425781,12.250679969787598,12.502938270568848,9.100412368774414,0.742849588394165
4,Andrew Garfield,14,up_blocks.3.attentions.2.transformer_blocks.0.attn2.to_v.weight,0.01132864598184824,89.35090637207031,27.900615692138672,24.250118255615234,36.7584342956543,1.3174775838851929,0.7158111929893494,44.290283203125,14.410798072814941,11.19353199005127,10.101215362548828,0.700947642326355
5,Angelina Jolie,14,up_blocks.3.attentions.2.transformer_blocks.0.attn2.to_v.weight,0.054802607744932175,86.85847473144531,28.37268829345703,23.560564041137695,35.8725700378418,1.2643345594406128,0.7686774730682373,39.76472473144531,13.990779876708984,13.035966873168945,9.235281944274902,0.6600977182388306
6,Anjelica Huston,14,up_blocks.3.attentions.2.transformer_blocks.0.attn2.to_v.weight,0.048859938979148865,87.19941711425781,27.875823974609375,23.413700103759766,35.51736831665039,1.2741279602050781,0.7485997676849365,41.53076934814453,13.119686126708984,12.31052303314209,9.047770500183105,0.6896331310272217
7,Anna Faris,14,up_blocks.3.attentions.2.transformer_blocks.0.attn2.to_v.weight,0.040542617440223694,87.67644500732422,27.668066024780273,23.263093948364258,35.418968200683594,1.2801389694213867,0.7561496496200562,40.87407684326172,11.978446006774902,13.194201469421387,8.863250732421875,0.7399332523345947
8,Anna Kendrick,14,up_blocks.3.attentions.2.transformer_blocks.0.attn2.to_v.weight,0.04333458095788956,87.5163345336914,28.461196899414062,24.364511489868164,36.654727935791016,1.28788423538208,0.7819861173629761,38.55721664428711,13.171785354614258,14.007262229919434,9.008075714111328,0.683891773223877
9,Anne Hathaway,14,up_blocks.3.attentions.2.transformer_blocks.0.attn2.to_v.weight,0.02429751493036747,88.60771942138672,28.212099075317383,24.090578079223633,36.650390625,1.2991018295288086,0.7905606031417847,37.76206588745117,13.262797355651855,12.408872604370117,8.346659660339355,0.629328727722168
10,Arnold Schwarzenegger,14,up_blocks.3.attentions.2.transformer_blocks.0.attn2.to_v.weight,0.08346748352050781,85.21209716796875,28.820634841918945,25.205060958862305,36.66958236694336,1.272337794303894,0.760948896408081,40.45207977294922,14.123706817626953,12.59331226348877,9.347694396972656,0.6618442535400391
11,Barack Obama,14,up_blocks.3.attentions.2.transformer_blocks.0.attn2.to_v.weight,-0.0002225170173915103,90.01274871826172,28.38604164123535,23.672502517700195,36.965572357177734,1.3022446632385254,0.7412965893745422,42.158016204833984,16.216806411743164,10.653608322143555,10.969969749450684,0.676456868648529
12,Beth Behrs,14,up_blocks.3.attentions.2.transformer_blocks.0.attn2.to_v.weight,0.030796948820352554,88.23518371582031,27.48546600341797,24.830148696899414,36.46849822998047,1.3268284797668457,0.5942686796188354,53.53948211669922,14.165792465209961,12.141824722290039,11.98611068725586,0.8461306095123291
13,Bill Clinton,14,up_blocks.3.attentions.2.transformer_blocks.0.attn2.to_v.weight,0.08962774276733398,84.85780334472656,29.023052215576172,25.12827491760254,36.64746856689453,1.2627021074295044,0.7806195020675659,38.68267059326172,13.702768325805664,12.337972640991211,8.720179557800293,0.6363808512687683
14,Bob Dylan,14,up_blocks.3.attentions.2.transformer_blocks.0.attn2.to_v.weight,0.01362526323646307,89.21930694580078,29.00482177734375,22.8367977142334,36.67081832885742,1.26430082321167,0.7739459872245789,39.29043197631836,13.362500190734863,12.967576026916504,8.85984992980957,0.6630383133888245
15,Bob Marley,14,up_blocks.3.attentions.2.transformer_blocks.0.attn2.to_v.weight,0.006284983828663826,89.639892578125,29.121788024902344,23.684326171875,37.421329498291016,1.2849942445755005,0.7088018655776978,44.86248779296875,12.672700881958008,13.866122245788574,10.186442375183105,0.8038098812103271
16,Bradley Cooper,14,up_blocks.3.attentions.2.transformer_blocks.0.attn2.to_v.weight,0.024942990392446518,88.57072448730469,28.211177825927734,22.07369041442871,35.38436508178711,1.2542675733566284,0.7277671694755554,43.30046463012695,14.450304985046387,10.836308479309082,9.91553020477295,0.686181366443634
17,Bruce Willis,14,up_blocks.3.attentions.2.transformer_blocks.0.attn2.to_v.weight,0.07240448892116547,85.847900390625,28.377559661865234,25.014074325561523,36.4444580078125,1.2842702865600586,0.7001461386680603,45.56127166748047,14.251270294189453,13.242321968078613,10.686192512512207,0.7498413920402527
18,Bryan Cranston,14,up_blocks.3.attentions.2.transformer_blocks.0.attn2.to_v.weight,0.007258323486894369,89.5841293334961,28.275938034057617,22.837833404541016,36.21768569946289,1.2808659076690674,0.7138221859931946,44.453243255615234,14.984416007995605,10.515859603881836,10.495538711547852,0.7004302740097046
19,Cameron Diaz,14,up_blocks.3.attentions.2.transformer_blocks.0.attn2.to_v.weight,0.08736877143383026,84.98775482177734,27.852161407470703,24.518964767456055,35.462562561035156,1.273242712020874,0.7364767789840698,42.567848205566406,13.841641426086426,12.575495719909668,9.661455154418945,0.6979992389678955
20,Channing Tatum,14,up_blocks.3.attentions.2.transformer_blocks.0.attn2.to_v.weight,-0.1313060224056244,97.5450668334961,28.636220932006836,21.567686080932617,38.04460525512695,1.3285484313964844,0.6938889622688293,46.06125259399414,12.42042064666748,12.26318359375,9.657880783081055,0.7775807976722717
21,Charlie Sheen,14,up_blocks.3.attentions.2.transformer_blocks.0.attn2.to_v.weight,-0.10003101825714111,95.74095153808594,27.521488189697266,22.10247039794922,36.98172378540039,1.3437399864196777,0.7230172753334045,43.69584274291992,11.623689651489258,12.752503395080566,9.13176441192627,0.7856166958808899
22,Charlize Theron,14,up_blocks.3.attentions.2.transformer_blocks.0.attn2.to_v.weight,0.08085896819829941,85.362060546875,27.582630157470703,23.196714401245117,34.57481384277344,1.2534995079040527,0.6563012003898621,48.98161315917969,12.227463722229004,11.543180465698242,9.873712539672852,0.8075029253959656
23,Chris Evans,14,up_blocks.3.attentions.2.transformer_blocks.0.attn2.to_v.weight,-0.002215444343164563,90.12693786621094,28.30531120300293,25.0194091796875,37.81930160522461,1.336120367050171,0.6680422425270081,48.08385467529297,12.714980125427246,13.770119667053223,10.833106994628906,0.851995587348938
24,Chris Hemsworth,14,up_blocks.3.attentions.2.transformer_blocks.0.attn2.to_v.weight,0.05884624272584915,86.62641143798828,28.357040405273438,26.01243019104004,37.335693359375,1.3166286945343018,0.6868345141410828,46.61994934082031,14.25806999206543,13.387883186340332,10.968804359436035,0.7693049907684326
25,Chris Pine,14,up_blocks.3.attentions.2.transformer_blocks.0.attn2.to_v.weight,0.07136806100606918,85.90743255615234,28.11031723022461,22.761837005615234,34.884986877441406,1.2410029172897339,0.7584128379821777,40.6755256652832,13.488035202026367,13.01583480834961,9.222153663635254,0.6837284564971924
26,Chuck Norris,14,up_blocks.3.attentions.2.transformer_blocks.0.attn2.to_v.weight,0.020945081487298012,88.79985046386719,28.702478408813477,25.176746368408203,37.781341552734375,1.3163093328475952,0.6179512143135071,51.83332443237305,13.968947410583496,12.9342679977417,11.79517936706543,0.8443856835365295
27,Courteney Cox,14,up_blocks.3.attentions.2.transformer_blocks.0.attn2.to_v.weight,-0.01857098378241062,91.06410217285156,27.826133728027344,21.821285247802734,35.6793327331543,1.2822238206863403,0.7569130063056946,40.807193756103516,12.755329132080078,12.588724136352539,8.837100982666016,0.6928163766860962
28,Demi Lovato,14,up_blocks.3.attentions.2.transformer_blocks.0.attn2.to_v.weight,0.10442433506250381,84.00599670410156,29.957365036010742,26.669212341308594,37.97147750854492,1.267517328262329,0.7988001108169556,36.98432540893555,13.556958198547363,13.645401954650879,8.628314018249512,0.6364490985870361
29,Drake,14,up_blocks.3.attentions.2.transformer_blocks.0.attn2.to_v.weight,-0.056602440774440765,93.24481201171875,28.78478240966797,21.782297134399414,37.06766128540039,1.2877520322799683,0.708916962146759,44.85313415527344,14.92758560180664,11.240560531616211,10.548857688903809,0.7066687345504761
30,Drew Barrymore,14,up_blocks.3.attentions.2.transformer_blocks.0.attn2.to_v.weight,0.04361112415790558,87.50047302246094,27.857925415039062,22.163766860961914,34.834503173828125,1.250434160232544,0.7610315680503845,40.44477844238281,13.652371406555176,12.428959846496582,9.088197708129883,0.6656863689422607
31,Dwayne Johnson,14,up_blocks.3.attentions.2.transformer_blocks.0.attn2.to_v.weight,0.005020421929657459,89.71234893798828,28.35898780822754,23.701393127441406,36.867862701416016,1.3000415563583374,0.7335217595100403,42.81754684448242,13.497231483459473,11.470547676086426,9.30699348449707,0.6895483136177063
32,Ed Sheeran,14,up_blocks.3.attentions.2.transformer_blocks.0.attn2.to_v.weight,-0.006464293226599693,90.37037658691406,28.863014221191406,23.25489044189453,37.18253707885742,1.2882416248321533,0.7750781774520874,39.1878776550293,13.685314178466797,12.614983558654785,8.87730884552002,0.6486740708351135
33,Elon Musk,14,up_blocks.3.attentions.2.transformer_blocks.0.attn2.to_v.weight,0.00024448681506328285,89.98599243164062,28.447412490844727,21.172237396240234,35.457359313964844,1.246417760848999,0.7418078184127808,42.11436080932617,14.142914772033691,12.707965850830078,9.740001678466797,0.6886841654777527
34,Elvis Presley,14,up_blocks.3.attentions.2.transformer_blocks.0.attn2.to_v.weight,-0.004397465381771326,90.251953125,28.570804595947266,21.382352828979492,35.76127624511719,1.2516720294952393,0.75304114818573,41.1454963684082,12.453018188476562,11.096617698669434,8.3721284866333,0.6722971200942993
35,Emma Stone,14,up_blocks.3.attentions.2.transformer_blocks.0.attn2.to_v.weight,0.006799794267863035,89.61039733886719,28.44441795349121,24.251026153564453,37.2534065246582,1.309691309928894,0.8041980862617493,36.46711730957031,13.846222877502441,12.525762557983398,8.346332550048828,0.6027876734733582
36,Frida Kahlo,14,up_blocks.3.attentions.2.transformer_blocks.0.attn2.to_v.weight,-0.10295963287353516,95.90962982177734,28.232040405273438,20.88153648376465,36.803287506103516,1.3035999536514282,0.761019229888916,40.445865631103516,12.78287124633789,12.731833457946777,8.81989574432373,0.6899776458740234
37,George Clooney,14,up_blocks.3.attentions.2.transformer_blocks.0.attn2.to_v.weight,0.04322296753525734,87.52273559570312,28.430068969726562,23.77617645263672,36.2648811340332,1.2755818367004395,0.7907912731170654,37.740482330322266,14.412598609924316,12.022568702697754,8.843873977661133,0.6136210560798645
38,Glenn Close,14,up_blocks.3.attentions.2.transformer_blocks.0.attn2.to_v.weight,-0.07054296135902405,94.04517364501953,28.256168365478516,22.791053771972656,37.53266143798828,1.3282997608184814,0.7024866938591003,45.373146057128906,13.72472858428955,12.839066505432129,10.277917861938477,0.7488613128662109
39,Gwyneth Paltrow,14,up_blocks.3.attentions.2.transformer_blocks.0.attn2.to_v.weight,0.032099537551403046,88.16051483154297,28.311695098876953,21.49635887145996,34.99391555786133,1.2360233068466187,0.6556302309036255,49.03254699707031,13.081828117370605,11.43693733215332,10.283585548400879,0.78609699010849
40,Harrison Ford,14,up_blocks.3.attentions.2.transformer_blocks.0.attn2.to_v.weight,-0.08215945959091187,94.71270751953125,28.273059844970703,22.160755157470703,37.32853317260742,1.3202862739562988,0.7305841445922852,43.064613342285156,12.613458633422852,12.42454719543457,9.191274642944336,0.7286878824234009
41,Hillary Clinton,14,up_blocks.3.attentions.2.transformer_blocks.0.attn2.to_v.weight,0.045741237699985504,87.37830352783203,28.375699996948242,21.881364822387695,35.031028747558594,1.2345432043075562,0.7283851504325867,43.248817443847656,14.577851295471191,10.836124420166016,9.990650177001953,0.6853308081626892
42,Hugh Jackman,14,up_blocks.3.attentions.2.transformer_blocks.0.attn2.to_v.weight,-0.022440195083618164,91.28583526611328,28.79867935180664,23.777429580688477,37.75529861450195,1.3110079765319824,0.7158775329589844,44.28483963012695,13.58224868774414,12.563678741455078,9.899724960327148,0.7288722991943359
43,Idris Elba,14,up_blocks.3.attentions.2.transformer_blocks.0.attn2.to_v.weight,-0.09779903292655945,95.61244201660156,28.461647033691406,22.57266616821289,38.0164909362793,1.3357094526290894,0.7433214783668518,41.98487091064453,13.568660736083984,11.98855972290039,9.273825645446777,0.6834738850593567
44,Jake Gyllenhaal,14,up_blocks.3.attentions.2.transformer_blocks.0.attn2.to_v.weight,0.09747246652841568,84.40635681152344,27.98990821838379,24.1937313079834,35.167579650878906,1.2564377784729004,0.7391185164451599,42.34362030029297,13.822699546813965,9.532512664794922,9.33572769165039,0.6753910779953003
45,James Franco,14,up_blocks.3.attentions.2.transformer_blocks.0.attn2.to_v.weight,0.016125056892633438,89.07606506347656,28.435392379760742,22.70845603942871,36.10292053222656,1.2696473598480225,0.7549629211425781,40.97787094116211,13.825590133666992,12.077716827392578,9.213489532470703,0.6664084196090698
46,Jared Leto,14,up_blocks.3.attentions.2.transformer_blocks.0.attn2.to_v.weight,-0.016146350651979446,90.92516326904297,28.47954559326172,22.53278923034668,36.599647521972656,1.2851204872131348,0.824493944644928,34.46278381347656,13.757637977600098,13.268014907836914,8.01949405670166,0.5829121470451355
47,Jason Momoa,14,up_blocks.3.attentions.2.transformer_blocks.0.attn2.to_v.weight,0.060421571135520935,86.5359878540039,28.433530807495117,24.757246017456055,36.55572509765625,1.2856554985046387,0.7691655158996582,39.72098922729492,12.997151374816895,11.896621704101562,8.520294189453125,0.6555508971214294
48,Jennifer Aniston,14,up_blocks.3.attentions.2.transformer_blocks.0.attn2.to_v.weight,-0.03201936557888985,91.83488464355469,28.492599487304688,22.178468704223633,36.663063049316406,1.2867573499679565,0.7517412900924683,41.25856018066406,13.549760818481445,13.40556526184082,9.497858047485352,0.7009612917900085
49,Jennifer Lawrence,14,up_blocks.3.attentions.2.transformer_blocks.0.attn2.to_v.weight,0.0034928624518215656,89.79987335205078,29.097944259643555,23.82554817199707,37.54336166381836,1.290241003036499,0.7042558193206787,45.23054885864258,12.741804122924805,12.17726993560791,9.596574783325195,0.7531566619873047
0,Adam Driver,15,mid_block.attentions.0.transformer_blocks.0.attn2.to_v.weight,0.005314919166266918,89.69548034667969,28.008241653442383,23.517545700073242,36.476497650146484,1.3023487329483032,-0.1426713913679123,98.20246124267578,31.945960998535156,28.78620719909668,45.952056884765625,1.438430905342102
1,Adriana Lima,15,mid_block.attentions.0.transformer_blocks.0.attn2.to_v.weight,-0.04475577175617218,92.56517791748047,27.914234161376953,23.334749221801758,37.17552947998047,1.3317768573760986,-0.18750351667404175,100.80712890625,33.05768966674805,27.043556213378906,46.46956253051758,1.4057111740112305
2,Amber Heard,15,mid_block.attentions.0.transformer_blocks.0.attn2.to_v.weight,0.034660592675209045,88.0136947631836,27.69015884399414,22.839452743530273,35.278106689453125,1.2740304470062256,-0.10558873414993286,96.06108856201172,34.28131103515625,27.7532958984375,46.32895278930664,1.3514347076416016
3,Amy Adams,15,mid_block.attentions.0.transformer_blocks.0.attn2.to_v.weight,-0.015378149226307869,90.88114166259766,27.93412971496582,23.132652282714844,36.54188537597656,1.3081448078155518,-0.2000507414340973,101.53993225097656,33.97593688964844,28.201704025268555,48.30186080932617,1.4216490983963013
4,Andrew Garfield,15,mid_block.attentions.0.transformer_blocks.0.attn2.to_v.weight,0.01132864598184824,89.35090637207031,27.900615692138672,24.250118255615234,36.7584342956543,1.3174775838851929,-0.11721738427877426,96.73153686523438,34.43014144897461,29.274581909179688,47.73603820800781,1.3864606618881226
5,Angelina Jolie,15,mid_block.attentions.0.transformer_blocks.0.attn2.to_v.weight,0.054802607744932175,86.85847473144531,28.37268829345703,23.560564041137695,35.8725700378418,1.2643345594406128,-0.07810299843549728,94.47953796386719,33.74436569213867,28.850013732910156,46.07685470581055,1.365468144416809
6,Anjelica Huston,15,mid_block.attentions.0.transformer_blocks.0.attn2.to_v.weight,0.048859938979148865,87.19941711425781,27.875823974609375,23.413700103759766,35.51736831665039,1.2741279602050781,-0.12981213629245758,97.458740234375,31.817216873168945,28.580842971801758,45.445491790771484,1.4283301830291748
7,Anna Faris,15,mid_block.attentions.0.transformer_blocks.0.attn2.to_v.weight,0.040542617440223694,87.67644500732422,27.668066024780273,23.263093948364258,35.418968200683594,1.2801389694213867,-0.105570487678051,96.0600357055664,33.7231559753418,27.17230796813965,45.486942291259766,1.3488340377807617
8,Anna Kendrick,15,mid_block.attentions.0.transformer_blocks.0.attn2.to_v.weight,0.04333458095788956,87.5163345336914,28.461196899414062,24.364511489868164,36.654727935791016,1.28788423538208,-0.07710199058055878,94.42201232910156,33.14337921142578,29.186687469482422,45.820465087890625,1.3824923038482666
9,Anne Hathaway,15,mid_block.attentions.0.transformer_blocks.0.attn2.to_v.weight,0.02429751493036747,88.60771942138672,28.212099075317383,24.090578079223633,36.650390625,1.2991018295288086,-0.06229722499847412,93.5716781616211,32.198368072509766,28.98198127746582,44.64256286621094,1.38648521900177
10,Arnold Schwarzenegger,15,mid_block.attentions.0.transformer_blocks.0.attn2.to_v.weight,0.08346748352050781,85.21209716796875,28.820634841918945,25.205060958862305,36.66958236694336,1.272337794303894,-0.04476222023367882,92.56554412841797,34.58115768432617,31.18168830871582,47.588741302490234,1.3761465549468994
11,Barack Obama,15,mid_block.attentions.0.transformer_blocks.0.attn2.to_v.weight,-0.0002225170173915103,90.01274871826172,28.38604164123535,23.672502517700195,36.965572357177734,1.3022446632385254,-0.156550794839859,99.00675201416016,37.67609405517578,29.361759185791016,51.26368713378906,1.3606423139572144
12,Beth Behrs,15,mid_block.attentions.0.transformer_blocks.0.attn2.to_v.weight,0.030796948820352554,88.23518371582031,27.48546600341797,24.830148696899414,36.46849822998047,1.3268284797668457,-0.10615164786577225,96.09352111816406,32.33629608154297,30.964271545410156,47.08497619628906,1.456102967262268
13,Bill Clinton,15,mid_block.attentions.0.transformer_blocks.0.attn2.to_v.weight,0.08962774276733398,84.85780334472656,29.023052215576172,25.12827491760254,36.64746856689453,1.2627021074295044,0.021015550941228867,88.79580688476562,34.281497955322266,31.776844024658203,46.25151062011719,1.349168300628662
14,Bob Dylan,15,mid_block.attentions.0.transformer_blocks.0.attn2.to_v.weight,0.01362526323646307,89.21930694580078,29.00482177734375,22.8367977142334,36.67081832885742,1.26430082321167,-0.13034148514270782,97.48932647705078,34.07750701904297,27.54656219482422,46.52738952636719,1.365340232849121
15,Bob Marley,15,mid_block.attentions.0.transformer_blocks.0.attn2.to_v.weight,0.006284983828663826,89.639892578125,29.121788024902344,23.684326171875,37.421329498291016,1.2849942445755005,-0.1110682412981987,96.37689971923828,34.317138671875,28.121097564697266,46.72078323364258,1.361441731452942
16,Bradley Cooper,15,mid_block.attentions.0.transformer_blocks.0.attn2.to_v.weight,0.024942990392446518,88.57072448730469,28.211177825927734,22.07369041442871,35.38436508178711,1.2542675733566284,-0.16265608370304108,99.36109924316406,33.226078033447266,26.59738540649414,45.813533782958984,1.3788427114486694
17,Bruce Willis,15,mid_block.attentions.0.transformer_blocks.0.attn2.to_v.weight,0.07240448892116547,85.847900390625,28.377559661865234,25.014074325561523,36.4444580078125,1.2842702865600586,-0.11715161800384521,96.72774505615234,33.315616607666016,31.654767990112305,48.57006072998047,1.4578766822814941
18,Bryan Cranston,15,mid_block.attentions.0.transformer_blocks.0.attn2.to_v.weight,0.007258323486894369,89.5841293334961,28.275938034057617,22.837833404541016,36.21768569946289,1.2808659076690674,-0.15000157058238983,98.62701416015625,32.65389633178711,28.257709503173828,46.277374267578125,1.4172083139419556
19,Cameron Diaz,15,mid_block.attentions.0.transformer_blocks.0.attn2.to_v.weight,0.08736877143383026,84.98775482177734,27.852161407470703,24.518964767456055,35.462562561035156,1.273242712020874,-0.05248044431209564,93.00829315185547,33.43614959716797,29.08881378173828,45.455711364746094,1.3594779968261719
20,Channing Tatum,15,mid_block.attentions.0.transformer_blocks.0.attn2.to_v.weight,-0.1313060224056244,97.5450668334961,28.636220932006836,21.567686080932617,38.04460525512695,1.3285484313964844,-0.3630339801311493,111.2866439819336,34.30373001098633,26.571029663085938,50.443687438964844,1.4705015420913696
21,Charlie Sheen,15,mid_block.attentions.0.transformer_blocks.0.attn2.to_v.weight,-0.10003101825714111,95.74095153808594,27.521488189697266,22.10247039794922,36.98172378540039,1.3437399864196777,-0.2739510238170624,105.8995132446289,35.37295150756836,26.7220516204834,49.83183288574219,1.4087553024291992
22,Charlize Theron,15,mid_block.attentions.0.transformer_blocks.0.attn2.to_v.weight,0.08085896819829941,85.362060546875,27.582630157470703,23.196714401245117,34.57481384277344,1.2534995079040527,0.03911103680729866,87.75853729248047,34.495601654052734,26.110553741455078,42.4411735534668,1.2303358316421509
23,Chris Evans,15,mid_block.attentions.0.transformer_blocks.0.attn2.to_v.weight,-0.002215444343164563,90.12693786621094,28.30531120300293,25.0194091796875,37.81930160522461,1.336120367050171,-0.14935579895973206,98.58959197998047,34.105224609375,30.663118362426758,49.15055465698242,1.4411444664001465
24,Chris Hemsworth,15,mid_block.attentions.0.transformer_blocks.0.attn2.to_v.weight,0.05884624272584915,86.62641143798828,28.357040405273438,26.01243019104004,37.335693359375,1.3166286945343018,-0.046129778027534485,92.64398193359375,32.95343780517578,30.82677459716797,46.15127944946289,1.400499701499939
25,Chris Pine,15,mid_block.attentions.0.transformer_blocks.0.attn2.to_v.weight,0.07136806100606918,85.90743255615234,28.11031723022461,22.761837005615234,34.884986877441406,1.2410029172897339,-0.08302854746580124,94.76266479492188,34.384971618652344,27.792842864990234,45.9724006652832,1.3369910717010498
26,Chuck Norris,15,mid_block.attentions.0.transformer_blocks.0.attn2.to_v.weight,0.020945081487298012,88.79985046386719,28.702478408813477,25.176746368408203,37.781341552734375,1.3163093328475952,-0.10374630987644196,95.95494842529297,34.28470993041992,32.2704963684082,49.46102523803711,1.4426554441452026
27,Courteney Cox,15,mid_block.attentions.0.transformer_blocks.0.attn2.to_v.weight,-0.01857098378241062,91.06410217285156,27.826133728027344,21.821285247802734,35.6793327331543,1.2822238206863403,-0.1862877607345581,100.73622131347656,33.39317321777344,26.390228271484375,46.25885772705078,1.3852789402008057
28,Demi Lovato,15,mid_block.attentions.0.transformer_blocks.0.attn2.to_v.weight,0.10442433506250381,84.00599670410156,29.957365036010742,26.669212341308594,37.97147750854492,1.267517328262329,0.028553973883390427,88.36375427246094,33.451194763183594,32.01399612426758,45.636844635009766,1.364281415939331
29,Drake,15,mid_block.attentions.0.transformer_blocks.0.attn2.to_v.weight,-0.056602440774440765,93.24481201171875,28.78478240966797,21.782297134399414,37.06766128540039,1.2877520322799683,-0.20557332038879395,101.86306762695312,35.79848098754883,26.23383903503418,48.537261962890625,1.3558470010757446
30,Drew Barrymore,15,mid_block.attentions.0.transformer_blocks.0.attn2.to_v.weight,0.04361112415790558,87.50047302246094,27.857925415039062,22.163766860961914,34.834503173828125,1.250434160232544,-0.14424164593219757,98.29337310791016,33.934600830078125,25.66935920715332,45.40666580200195,1.3380639553070068
31,Dwayne Johnson,15,mid_block.attentions.0.transformer_blocks.0.attn2.to_v.weight,0.005020421929657459,89.71234893798828,28.35898780822754,23.701393127441406,36.867862701416016,1.3000415563583374,-0.09255585074424744,95.31066131591797,35.988304138183594,30.293861389160156,49.139488220214844,1.365429401397705
32,Ed Sheeran,15,mid_block.attentions.0.transformer_blocks.0.attn2.to_v.weight,-0.006464293226599693,90.37037658691406,28.863014221191406,23.25489044189453,37.18253707885742,1.2882416248321533,-0.10473645478487015,96.0119857788086,33.2752571105957,27.087753295898438,45.053279876708984,1.3539574146270752
33,Elon Musk,15,mid_block.attentions.0.transformer_blocks.0.attn2.to_v.weight,0.00024448681506328285,89.98599243164062,28.447412490844727,21.172237396240234,35.457359313964844,1.246417760848999,-0.24486298859119415,104.17373657226562,34.88009262084961,25.811683654785156,48.20550537109375,1.3820348978042603
34,Elvis Presley,15,mid_block.attentions.0.transformer_blocks.0.attn2.to_v.weight,-0.004397465381771326,90.251953125,28.570804595947266,21.382352828979492,35.76127624511719,1.2516720294952393,-0.19505761563777924,101.24809265136719,33.808414459228516,26.440834045410156,46.80662536621094,1.3844667673110962
35,Emma Stone,15,mid_block.attentions.0.transformer_blocks.0.attn2.to_v.weight,0.006799794267863035,89.61039733886719,28.44441795349121,24.251026153564453,37.2534065246582,1.309691309928894,-0.14987170696258545,98.61949157714844,35.5540657043457,30.09486961364746,49.90507888793945,1.4036391973495483
36,Frida Kahlo,15,mid_block.attentions.0.transformer_blocks.0.attn2.to_v.weight,-0.10295963287353516,95.90962982177734,28.232040405273438,20.88153648376465,36.803287506103516,1.3035999536514282,-0.30587905645370483,107.8110580444336,33.843841552734375,24.062129974365234,47.144248962402344,1.392993450164795
37,George Clooney,15,mid_block.attentions.0.transformer_blocks.0.attn2.to_v.weight,0.04322296753525734,87.52273559570312,28.430068969726562,23.77617645263672,36.2648811340332,1.2755818367004395,-0.16125348210334778,99.2796630859375,33.345489501953125,29.398889541625977,47.87876892089844,1.4358394145965576
38,Glenn Close,15,mid_block.attentions.0.transformer_blocks.0.attn2.to_v.weight,-0.07054296135902405,94.04517364501953,28.256168365478516,22.791053771972656,37.53266143798828,1.3282997608184814,-0.29706472158432007,107.28138732910156,36.634910583496094,28.26640510559082,52.50094985961914,1.4330852031707764
39,Gwyneth Paltrow,15,mid_block.attentions.0.transformer_blocks.0.attn2.to_v.weight,0.032099537551403046,88.16051483154297,28.311695098876953,21.49635887145996,34.99391555786133,1.2360233068466187,-0.13605335354804993,97.81954193115234,33.610801696777344,26.300865173339844,45.40883255004883,1.351019024848938
40,Harrison Ford,15,mid_block.attentions.0.transformer_blocks.0.attn2.to_v.weight,-0.08215945959091187,94.71270751953125,28.273059844970703,22.160755157470703,37.32853317260742,1.3202862739562988,-0.2506279945373535,104.51467895507812,33.59358215332031,27.296951293945312,48.30429458618164,1.4379024505615234
41,Hillary Clinton,15,mid_block.attentions.0.transformer_blocks.0.attn2.to_v.weight,0.045741237699985504,87.37830352783203,28.375699996948242,21.881364822387695,35.031028747558594,1.2345432043075562,-0.0933631956577301,95.35711669921875,35.685569763183594,26.491905212402344,46.3875846862793,1.29989755153656
42,Hugh Jackman,15,mid_block.attentions.0.transformer_blocks.0.attn2.to_v.weight,-0.022440195083618164,91.28583526611328,28.79867935180664,23.777429580688477,37.75529861450195,1.3110079765319824,-0.13719139993190765,97.8853530883789,32.70318603515625,28.282323837280273,46.077877044677734,1.408972144126892
43,Idris Elba,15,mid_block.attentions.0.transformer_blocks.0.attn2.to_v.weight,-0.09779903292655945,95.61244201660156,28.461647033691406,22.57266616821289,38.0164909362793,1.3357094526290894,-0.23763205111026764,103.746826171875,33.28963851928711,28.146957397460938,48.43320083618164,1.4549031257629395
44,Jake Gyllenhaal,15,mid_block.attentions.0.transformer_blocks.0.attn2.to_v.weight,0.09747246652841568,84.40635681152344,27.98990821838379,24.1937313079834,35.167579650878906,1.2564377784729004,0.03997773677110672,87.7088394165039,32.32374572753906,26.941547393798828,41.243690490722656,1.275956392288208
45,James Franco,15,mid_block.attentions.0.transformer_blocks.0.attn2.to_v.weight,0.016125056892633438,89.07606506347656,28.435392379760742,22.70845603942871,36.10292053222656,1.2696473598480225,-0.14567561447620392,98.37640380859375,32.41560363769531,28.3351993560791,46.057159423828125,1.4208329916000366
46,Jared Leto,15,mid_block.attentions.0.transformer_blocks.0.attn2.to_v.weight,-0.016146350651979446,90.92516326904297,28.47954559326172,22.53278923034668,36.599647521972656,1.2851204872131348,-0.17149688303470612,99.87486267089844,32.76225662231445,26.963638305664062,45.86284637451172,1.399868369102478
47,Jason Momoa,15,mid_block.attentions.0.transformer_blocks.0.attn2.to_v.weight,0.060421571135520935,86.5359878540039,28.433530807495117,24.757246017456055,36.55572509765625,1.2856554985046387,-0.06147865951061249,93.52468872070312,34.4150390625,31.66604995727539,48.178123474121094,1.3999148607254028
48,Jennifer Aniston,15,mid_block.attentions.0.transformer_blocks.0.attn2.to_v.weight,-0.03201936557888985,91.83488464355469,28.492599487304688,22.178468704223633,36.663063049316406,1.2867573499679565,-0.18894949555397034,100.89148712158203,34.2357292175293,27.428035736083984,47.74135208129883,1.3944891691207886
49,Jennifer Lawrence,15,mid_block.attentions.0.transformer_blocks.0.attn2.to_v.weight,0.0034928624518215656,89.79987335205078,29.097944259643555,23.82554817199707,37.54336166381836,1.290241003036499,-0.11866665631532669,96.8151626586914,35.342308044433594,28.839088439941406,48.19409942626953,1.3636375665664673
